Timestamp: 2026-06-15_18-33-06
Mode: cargo
Crate: kernel
Directory: N/A
Module: mm::virt::vmem
Exit code: 101
0 verified
compilation/setup error (verus did not run)

Cheating patterns:
  assume=0
  external_body=27
  admit=2
  trusted=0
  no_decreases=0
  cfg_gate=25

--- Full output ---
    Checking kernel v0.16.48 (/home/ruize/nanvix-virt/src/kernel)
error: cannot use function `kernel::hal::arch::x86::mem::mmu::page_directory::PageDirectory::new` which is ignored because it is either declared outside the verus! macro or it is marked as `external`.
   --> src/kernel/src/mm/virt/vmem.rs:134:13
    |
134 | /             PageDirectory::new(PageDirectoryStorage::Bss(unsafe {
135 | |                 PAGE_TABLE_ALLOCATOR
136 | |                     .alloc_as::<[PteWord; PAGE_TABLE_LENGTH]>()
137 | |                     .map_err(|e| {
...   |
141 | |                     .assume_init_mut()
142 | |             }));
    | |_______________^
...
215 |               PageDirectory::new(PageDirectoryStorage::KernelPage(pgdir_page));
    |               ----------------------------------------------------------------
    |
    = help: The following declaration may resolve this error:
            pub assume_specification<T> [crate::hal::arch::x86::mem::mmu::page_directory::PageDirectory::<T>::new] (_0: T) -> crate::hal::arch::x86::mem::mmu::page_directory::PageDirectory<T>
            where
            T: core::ops::Deref<Target = [u32]> + core::ops::DerefMut,;

error: `bump_allocator::BumpAllocError` is not supported (note: you may be able to add a Verus specification to this type with the `external_type_specification` attribute)
   --> src/kernel/src/mm/virt/vmem.rs:135:17
    |
135 | /  /                 PAGE_TABLE_ALLOCATOR
136 | |  |                     .alloc_as::<[PteWord; PAGE_TABLE_LENGTH]>()
    | |  |_______________________________________________________________-
137 | |                        .map_err(|e| {
    | |   ______________________________-
    | |   ______________________________|
    | |  |
138 | |  |                         error!("Vmem::new(): page directory allocation failed: {}", e);
139 | |  |                         Error::new(ErrorCode::OutOfMemory, "BSS page directory allocation failed")
140 | |  |                     })?
    | |__|_____________________-^
    |    |_____________________|
    |    |_____________________|
    |
    |
    = help: The following declaration may resolve this error:
            #[verifier::external_type_specification]
            pub struct ExBumpAllocError(bump_allocator::BumpAllocError);

error: `bump_allocator::impl&%1::alloc_as` is not supported (note: you may be able to add a Verus specification to this function with `assume_specification`)
   --> src/kernel/src/mm/virt/vmem.rs:135:17
    |
135 | /                 PAGE_TABLE_ALLOCATOR
136 | |                     .alloc_as::<[PteWord; PAGE_TABLE_LENGTH]>()
    | |_______________________________________________________________^
    |
    = help: The following declaration may resolve this error:
            pub assume_specification<const N: usize, const A: usize, S, T> [bump_allocator::FixedSizeBumpAllocator::<N, A, S>::alloc_as] (_0: &bump_allocator::FixedSizeBumpAllocator<N, A, S>) -> core::result::Result<&'static mut core::mem::MaybeUninit<T>, bump_allocator::BumpAllocError>
            where
            S: bump_allocator::BssStorage,;

error: cannot use type `kernel::mm::virt::page_table_allocator::PageTableBss` which is ignored because it is either declared outside the verus! macro or it is marked as `external`.
   --> src/kernel/src/mm/virt/vmem.rs:135:17
    |
135 |                   PAGE_TABLE_ALLOCATOR
    |  _________________^-------------------
136 | |                     .alloc_as::<[PteWord; PAGE_TABLE_LENGTH]>()
    | |_______________________________________________________________^
    |
    = help: The following declaration may resolve this error:
            #[verifier::external_type_specification]
            pub struct ExPageTableBss(crate::mm::virt::page_table_allocator::PageTableBss);

error: `bump_allocator::FixedSizeBumpAllocator` is not supported (note: you may be able to add a Verus specification to this type with the `external_type_specification` attribute)
   --> src/kernel/src/mm/virt/vmem.rs:135:17
    |
135 |                 PAGE_TABLE_ALLOCATOR
    |                 ^^^^^^^^^^^^^^^^^^^^
    |
    = help: The following declaration may resolve this error:
            #[verifier::reject_recursive_types(S)]
            #[verifier::external_type_specification]
            pub struct ExFixedSizeBumpAllocator<const N: usize, const A: usize, S>(bump_allocator::FixedSizeBumpAllocator<N, A, S>)
            where
            S: bump_allocator::BssStorage,;

error: `alloc::collections::linked_list::impl&%7::new` is not supported (note: you may be able to add a Verus specification to this function with `assume_specification`) (note: the vstd library provides some specification for the Rust std library, but it is currently limited)
   --> src/kernel/src/mm/virt/vmem.rs:147:13
    |
147 |         > = LinkedList::new();
    |             ^^^^^^^^^^^^^^^^^
...
184 |         let mut kpages: LinkedList<Rc<RefCell<KernelPage>>> = LinkedList::new();
    |                                                               -----------------
...
194 |             user_page_tables: LinkedList::new(),
    |                               -----------------
...
220 |         > = LinkedList::new();
    |             -----------------
...
234 |         let mut kernel_pages: LinkedList<Rc<RefCell<KernelPage>>> = LinkedList::new();
    |                                                                     -----------------
...
258 |             user_page_tables: LinkedList::new(),
    |                               -----------------
    |
    = help: The following declaration may resolve this error:
            pub assume_specification<T> [alloc::collections::LinkedList::<T>::new] () -> alloc::collections::LinkedList<T>;

error: `alloc::collections::linked_list::impl&%8::pop_front` is not supported (note: you may be able to add a Verus specification to this function with `assume_specification`) (note: the vstd library provides some specification for the Rust std library, but it is currently limited)
   --> src/kernel/src/mm/virt/vmem.rs:148:47
    |
148 |         while let Some((vaddr, page_table)) = kernel_page_tables.pop_front() {
    |                                               ^^^^^^^^^^^^^^^^^^^^^^^^^^^^^^
...
185 |         while let Some(entry) = kernel_pages.pop_front() {
    |                                 ------------------------
    |
    = help: The following declaration may resolve this error:
            pub assume_specification<T, A> [alloc::collections::LinkedList::<T, A>::pop_front] (_0: &alloc::collections::LinkedList<T, A>) -> core::option::Option<T>
            where
            A: core::alloc::Allocator,;

error: cannot use function `kernel::hal::arch::x86::mem::mmu::page_table::PageTable::physical_address` which is ignored because it is either declared outside the verus! macro or it is marked as `external`.
   --> src/kernel/src/mm/virt/vmem.rs:149:52
    |
149 |             let page_table_address: FrameAddress = page_table.physical_address()?;
    |                                                    ^^^^^^^^^^^^^^^^^^^^^^^^^^^^^
...
227 |             let page_table_address: FrameAddress = entry.borrow().1.physical_address()?;
    |                                                    -----------------------------------
...
314 |                 page_table.physical_address()?,
    |                 -----------------------------
...
440 |                 let page_table_address: FrameAddress = page_table.physical_address()?;
    |                                                        -----------------------------
    |
    = help: The following declaration may resolve this error:
            pub assume_specification<T> [crate::hal::arch::x86::mem::mmu::page_table::PageTable::<T>::physical_address] (_0: &crate::hal::arch::x86::mem::mmu::page_table::PageTable<T>) -> core::result::Result<hal::mem::types::address::frame::FrameAddress, sys::error::Error>
            where
            T: core::ops::Deref<Target = [u32]> + core::ops::DerefMut,;

error: cannot use function `kernel::hal::arch::x86::mem::mmu::page_directory::PageDirectory::map` which is ignored because it is either declared outside the verus! macro or it is marked as `external`.
   --> src/kernel/src/mm/virt/vmem.rs:151:13
    |
151 |               pgdir.map(vaddr, page_table_address, false, AccessPermission::RDWR)?;
    |               ^^^^^^^^^^^^^^^^^^^^^^^^^^^^^^^^^^^^^^^^^^^^^^^^^^^^^^^^^^^^^^^^^^^
...
229 |               pgdir.map(entry.borrow().0, page_table_address, false, AccessPermission::RDWR)?;
    |               ------------------------------------------------------------------------------
...
312 | /             self.pgdir.map(
313 | |                 pt_vaddr,
314 | |                 page_table.physical_address()?,
315 | |                 false,
316 | |                 AccessPermission::RDWR,
317 | |             )?;
    | |_____________-
...
442 | /                 self.pgdir
443 | |                     .map(pgtable_vaddr, page_table_address, false, AccessPermission::RDWR)?;
    | |__________________________________________________________________________________________-
    |
    = help: The following declaration may resolve this error:
            pub assume_specification<T> [crate::hal::arch::x86::mem::mmu::page_directory::PageDirectory::<T>::map] (_0: &crate::hal::arch::x86::mem::mmu::page_directory::PageDirectory<T>, _1: crate::hal::mem::types::address::page::PageTableAddress, _2: crate::hal::mem::types::address::frame::FrameAddress, _3: bool, _4: sys::mm::AccessPermission) -> core::result::Result<(), sys::error::Error>
            where
            T: core::ops::Deref<Target = [u32]> + core::ops::DerefMut,;

error: `sys::sys::mm::access::impl&%11::RDWR` is not supported (note: you may be able to add a Verus specification to this function with `assume_specification`)
   --> src/kernel/src/mm/virt/vmem.rs:151:57
    |
151 |             pgdir.map(vaddr, page_table_address, false, AccessPermission::RDWR)?;
    |                                                         ^^^^^^^^^^^^^^^^^^^^^^
...
229 |             pgdir.map(entry.borrow().0, page_table_address, false, AccessPermission::RDWR)?;
    |                                                                    ----------------------
...
316 |                 AccessPermission::RDWR,
    |                 ----------------------
...
344 |                     AccessPermission::RDWR,
    |                     ----------------------
...
443 |                     .map(pgtable_vaddr, page_table_address, false, AccessPermission::RDWR)?;
    |                                                                    ----------------------

error: `alloc::collections::linked_list::impl&%8::push_back` is not supported (note: you may be able to add a Verus specification to this function with `assume_specification`) (note: the vstd library provides some specification for the Rust std library, but it is currently limited)
   --> src/kernel/src/mm/virt/vmem.rs:152:13
    |
152 |               kpage_tables.push_back(Rc::new(RefCell::new((vaddr, page_table))));
    |               ^^^^^^^^^^^^^^^^^^^^^^^^^^^^^^^^^^^^^^^^^^^^^^^^^^^^^^^^^^^^^^^^^^
...
186 |               kpages.push_back(Rc::new(RefCell::new(entry)));
    |               ----------------------------------------------
...
230 |               kernel_page_tables.push_back(entry.clone());
    |               -------------------------------------------
...
241 |               kernel_pages.push_back(entry.clone());
    |               -------------------------------------
...
324 | /             self.kernel_page_tables
325 | |                 .push_back(Rc::new(RefCell::new((pt_vaddr, page_table))));
    | |_________________________________________________________________________-
...
348 |                   self.kernel_pages.push_back(Rc::new(RefCell::new(kpage)));
    |                   ---------------------------------------------------------
    |
    = help: The following declaration may resolve this error:
            pub assume_specification<T, A> [alloc::collections::LinkedList::<T, A>::push_back] (_0: &alloc::collections::LinkedList<T, A>, _1: T)
            where
            A: core::alloc::Allocator,;

error: `core::cell::impl&%30::new` is not supported (note: you may be able to add a Verus specification to this function with `assume_specification`) (note: the vstd library provides some specification for the Rust std library, but it is currently limited)
   --> src/kernel/src/mm/virt/vmem.rs:152:44
    |
152 |             kpage_tables.push_back(Rc::new(RefCell::new((vaddr, page_table))));
    |                                            ^^^^^^^^^^^^^^^^^^^^^^^^^^^^^^^^^
...
186 |             kpages.push_back(Rc::new(RefCell::new(entry)));
    |                                      -------------------
...
325 |                 .push_back(Rc::new(RefCell::new((pt_vaddr, page_table))));
    |                                    ------------------------------------
...
348 |                 self.kernel_pages.push_back(Rc::new(RefCell::new(kpage)));
    |                                                     -------------------
    |
    = help: The following declaration may resolve this error:
            pub assume_specification<T> [core::cell::RefCell::<T>::new] (_0: T) -> core::cell::RefCell<T>;

error: cannot use function `kernel::hal::mem::types::address::frame::FrameAddress::into_raw_value` which is ignored because it is either declared outside the verus! macro or it is marked as `external`.
    --> src/kernel/src/mm/virt/vmem.rs:164:39
     |
 164 |             let pd_paddr_raw: usize = pgdir.physical_address()?.into_raw_value();
     |                                       ^^^^^^^^^^^^^^^^^^^^^^^^^^^^^^^^^^^^^^^^^^
...
 249 |                 PageDirectoryAddress::from_raw_value(pgdir.physical_address()?.into_raw_value())?;
     |                                                      ------------------------------------------
...
 266 |         unsafe { mmu::load_page_directory(pgdir_addr.into_raw_value()) };
     |                                           ---------------------------
...
1017 |         let dst_paddr: usize = new_frame.address().into_raw_value();
     |                                ------------------------------------
...
1116 |         Ok(frame.into_raw_value() + offset)
     |            ----------------------
...
1199 |                         usize_to_const_ptr(src_frame.into_raw_value() + offset),
     |                                            --------------------------
...
1356 |                 let dst_phys_addr_raw: usize = dst_frame.into_raw_value() + offset;
     |                                                --------------------------
...
1368 |                 let dst: *mut u8 = usize_to_mut_ptr(dst_frame.into_raw_value() + offset);
     |                                                     --------------------------
...
1510 |                     let src_phys_addr: usize = src_frame.into_raw_value() + src_offset;
     |                                                --------------------------
1511 |                     let dst_phys_addr: usize = dst_frame.into_raw_value() + dst_offset;
     |                                                --------------------------
     |
     = help: The following declaration may resolve this error:
             pub assume_specification [crate::hal::mem::types::address::frame::FrameAddress::into_raw_value] (_0: crate::hal::mem::types::address::frame::FrameAddress) -> usize;

error: cannot use function `kernel::hal::arch::x86::mem::mmu::page_directory::PageDirectory::physical_address` which is ignored because it is either declared outside the verus! macro or it is marked as `external`.
   --> src/kernel/src/mm/virt/vmem.rs:164:39
    |
164 |             let pd_paddr_raw: usize = pgdir.physical_address()?.into_raw_value();
    |                                       ^^^^^^^^^^^^^^^^^^^^^^^^
...
249 |                 PageDirectoryAddress::from_raw_value(pgdir.physical_address()?.into_raw_value())?;
    |                                                      ------------------------
...
265 |         let pgdir_addr: FrameAddress = self.pgdir.physical_address()?;
    |                                        -----------------------------
    |
    = help: The following declaration may resolve this error:
            pub assume_specification<T> [crate::hal::arch::x86::mem::mmu::page_directory::PageDirectory::<T>::physical_address] (_0: &crate::hal::arch::x86::mem::mmu::page_directory::PageDirectory<T>) -> core::result::Result<hal::mem::types::address::frame::FrameAddress, sys::error::Error>
            where
            T: core::ops::Deref<Target = [u32]> + core::ops::DerefMut,;

error: cannot use function `kernel::hal::mem::types::address::pd::PageDirectoryAddress::from_raw_value` which is ignored because it is either declared outside the verus! macro or it is marked as `external`.
   --> src/kernel/src/mm/virt/vmem.rs:166:17
    |
166 |                 PageDirectoryAddress::from_raw_value(pd_paddr_raw)?;
    |                 ^^^^^^^^^^^^^^^^^^^^^^^^^^^^^^^^^^^^^^^^^^^^^^^^^^
...
249 |                 PageDirectoryAddress::from_raw_value(pgdir.physical_address()?.into_raw_value())?;
    |                 --------------------------------------------------------------------------------
    |
    = help: The following declaration may resolve this error:
            pub assume_specification [crate::hal::mem::types::address::pd::PageDirectoryAddress::from_raw_value] (_0: usize) -> core::result::Result<hal::mem::types::address::pd::PageDirectoryAddress, sys::error::Error>;

error: `arch::x86::cpu::cr3::Cr3Register` is not supported (note: you may be able to add a Verus specification to this type with the `external_type_specification` attribute)
   --> src/kernel/src/mm/virt/vmem.rs:167:17
    |
167 |               let kernel_cr3: Cr3Register = Cr3Register {
    |  _________________^^^^^^^^^^________________-
168 | |                 page_level_write_through: PageLevelWriteThroughFlag::Disabled,
169 | |                 page_level_cache_disable: PageLevelCacheDisableFlag::Enabled,
170 | |                 paging_structure_base_address: Cr3PageDirectoryBaseAddress::new(
...   |
178 | |                 })?,
179 | |             };
    | |_____________-
180 |               super::identity_map_init(pd_paddr, kernel_cr3)?;
    |                                                  ----------
    |
    = help: The following declaration may resolve this error:
            #[verifier::external_type_specification]
            pub struct ExCr3Register(arch::cpu::cr3::Cr3Register);

error: `arch::x86::cpu::cr3::PageLevelWriteThroughFlag` is not supported (note: you may be able to add a Verus specification to this type with the `external_type_specification` attribute)
   --> src/kernel/src/mm/virt/vmem.rs:168:43
    |
168 |                 page_level_write_through: PageLevelWriteThroughFlag::Disabled,
    |                                           ^^^^^^^^^^^^^^^^^^^^^^^^^^^^^^^^^^^
    |
    = help: The following declaration may resolve this error:
            #[verifier::external_type_specification]
            pub struct ExPageLevelWriteThroughFlag(arch::cpu::cr3::PageLevelWriteThroughFlag);

error: `arch::x86::cpu::cr3::PageLevelCacheDisableFlag` is not supported (note: you may be able to add a Verus specification to this type with the `external_type_specification` attribute)
   --> src/kernel/src/mm/virt/vmem.rs:169:43
    |
169 |                 page_level_cache_disable: PageLevelCacheDisableFlag::Enabled,
    |                                           ^^^^^^^^^^^^^^^^^^^^^^^^^^^^^^^^^^
    |
    = help: The following declaration may resolve this error:
            #[verifier::external_type_specification]
            pub struct ExPageLevelCacheDisableFlag(arch::cpu::cr3::PageLevelCacheDisableFlag);

error: `arch::x86::cpu::cr3::PagingStructureBaseAddress` is not supported (note: you may be able to add a Verus specification to this type with the `external_type_specification` attribute)
   --> src/kernel/src/mm/virt/vmem.rs:170:48
    |
170 |                         paging_structure_base_address: Cr3PageDirectoryBaseAddress::new(
    |        ________________________________________________^
    |       |________________________________________________|
    |  ____||________________________________________________|
171 | |    ||                     pd_paddr_raw as u32,
172 | |    ||                 )
    | |    ||_________________-
173 | |    |                  .ok_or_else(|| {
...   |    |
178 | |    |                  })?,
    | |    |___________________-^
    | |________________________|
    |
    |
    = help: The following declaration may resolve this error:
            #[verifier::external_type_specification]
            pub struct ExPagingStructureBaseAddress(arch::cpu::cr3::PagingStructureBaseAddress);

error: `arch::x86::cpu::cr3::impl&%2::new` is not supported (note: you may be able to add a Verus specification to this function with `assume_specification`)
   --> src/kernel/src/mm/virt/vmem.rs:170:48
    |
170 |                   paging_structure_base_address: Cr3PageDirectoryBaseAddress::new(
    |  ________________________________________________^
171 | |                     pd_paddr_raw as u32,
172 | |                 )
    | |_________________^
    |
    = help: The following declaration may resolve this error:
            pub assume_specification [arch::cpu::cr3::PagingStructureBaseAddress::new] (_0: u32) -> core::option::Option<arch::cpu::cr3::PagingStructureBaseAddress>;

error: cannot use function `kernel::mm::virt::identity_map::init` which is ignored because it is either declared outside the verus! macro or it is marked as `external`.
   --> src/kernel/src/mm/virt/vmem.rs:180:13
    |
180 |             super::identity_map_init(pd_paddr, kernel_cr3)?;
    |             ^^^^^^^^^^^^^^^^^^^^^^^^^^^^^^^^^^^^^^^^^^^^^^
    |
    = help: The following declaration may resolve this error:
            assume_specification [crate::mm::virt::identity_map::init] (_0: crate::hal::mem::types::address::pd::PageDirectoryAddress, _1: arch::cpu::cr3::Cr3Register) -> core::result::Result<(), sys::error::Error>;

error: `verus_builtin::impl&%5::assume_new` is not supported (note: you may be able to add a Verus specification to this function with `assume_specification`)
   --> src/kernel/src/mm/virt/vmem.rs:196:24
    |
196 |             vmem_view: Ghost::assume_new(),
    |                        ^^^^^^^^^^^^^^^^^^^
...
260 |             vmem_view: Ghost::assume_new(),
    |                        -------------------
    |
    = help: The following declaration may resolve this error:
            pub assume_specification<A> [vstd::prelude::Ghost::<A>::assume_new] () -> vstd::prelude::Ghost<A>;

error: `alloc::collections::linked_list::Iter` is not supported (note: you may be able to add a Verus specification to this type with the `external_type_specification` attribute) (note: the vstd library provides some specification for the Rust std library, but it is currently limited)
    --> src/kernel/src/mm/virt/vmem.rs:221:13
     |
 221 |              let mut kernel_page_table_iter = from.kernel_page_tables.iter();
     |                  ^^^^^^^^^^^^^^^^^^^^^^^^^^   ------------------------------
 222 |              loop {
 223 |                  let entry = match kernel_page_table_iter.next() {
     |                                    -----------------------------
...
 235 |              let mut kernel_page_iter = from.kernel_pages.iter();
     |                  --------------------   ------------------------
 236 |              loop {
 237 |                  let entry = match kernel_page_iter.next() {
     |                                    -----------------------
...
 747 |              let mut user_page_table_iter = self.user_page_tables.iter();
     |                  ------------------------   ----------------------------
 748 |              loop {
 749 |                  let (lookup_pgtable_addr, page_table) = match user_page_table_iter.next() {
     |                                                                ---------------------------
...
 790 |              let mut user_page_table_iter = self.user_page_tables.iter();
     |                  ------------------------   ----------------------------
 791 |              loop {
 792 |                  let (lookup_pgtable_addr, page_table) = match user_page_table_iter.next() {
     |                                                                ---------------------------
...
 826 |              let mut user_page_table_iter = self.user_page_tables.iter();
     |                  ------------------------   ----------------------------
 827 |              loop {
 828 |                  let (pgtab_addr, page_table) = match user_page_table_iter.next() {
     |                                                       ---------------------------
...
1650 |                  let at = self
     |     ______________________-
     |  __|______________________|
1651 | |  |                 .user_page_tables
1652 | |  |                 .iter()
     | |  |_______________________-
1653 | |                    .position(|entry| entry.0 == pgtable_vaddr)
     | |______________________________________________________________-
     |
     = help: The following declaration may resolve this error:
             #[verifier::reject_recursive_types(T)]
             #[verifier::external_type_specification]
             pub struct ExIter<'a, T>(alloc::collections::linked_list::Iter<'a, T>);

error: `alloc::collections::linked_list::impl&%8::iter` is not supported (note: you may be able to add a Verus specification to this function with `assume_specification`) (note: the vstd library provides some specification for the Rust std library, but it is currently limited)
    --> src/kernel/src/mm/virt/vmem.rs:221:42
     |
 221 |           let mut kernel_page_table_iter = from.kernel_page_tables.iter();
     |                                            ^^^^^^^^^^^^^^^^^^^^^^^^^^^^^^
...
 235 |           let mut kernel_page_iter = from.kernel_pages.iter();
     |                                      ------------------------
...
 747 |           let mut user_page_table_iter = self.user_page_tables.iter();
     |                                          ----------------------------
...
 790 |           let mut user_page_table_iter = self.user_page_tables.iter();
     |                                          ----------------------------
...
 826 |           let mut user_page_table_iter = self.user_page_tables.iter();
     |                                          ----------------------------
...
1650 |               let at = self
     |  ______________________-
1651 | |                 .user_page_tables
1652 | |                 .iter()
     | |_______________________-
     |
     = help: The following declaration may resolve this error:
             pub assume_specification<T, A> [alloc::collections::LinkedList::<T, A>::iter] (_0: &alloc::collections::LinkedList<T, A>) -> alloc::collections::linked_list::Iter<'_, T>
             where
             A: core::alloc::Allocator,;

error: `alloc::collections::linked_list::impl&%10::next` is not supported (note: you may be able to add a Verus specification to this function with `assume_specification`) (note: the vstd library provides some specification for the Rust std library, but it is currently limited)
   --> src/kernel/src/mm/virt/vmem.rs:223:31
    |
223 |             let entry = match kernel_page_table_iter.next() {
    |                               ^^^^^^^^^^^^^^^^^^^^^^^^^^^^^
...
237 |             let entry = match kernel_page_iter.next() {
    |                               -----------------------
...
749 |             let (lookup_pgtable_addr, page_table) = match user_page_table_iter.next() {
    |                                                           ---------------------------
...
792 |             let (lookup_pgtable_addr, page_table) = match user_page_table_iter.next() {
    |                                                           ---------------------------
...
828 |             let (pgtab_addr, page_table) = match user_page_table_iter.next() {
    |                                                  ---------------------------
    |
    = help: The following declaration may resolve this error:
            pub assume_specification<'a, T> [<alloc::collections::linked_list::Iter<'a, T> as core::iter::Iterator>::next] (_0: &alloc::collections::linked_list::Iter<'a, T>) -> core::option::Option<&'a T>;

error: `core::cell::impl&%46::deref` is not supported (note: you may be able to add a Verus specification to this function with `assume_specification`) (note: the vstd library provides some specification for the Rust std library, but it is currently limited)
    --> src/kernel/src/mm/virt/vmem.rs:227:52
     |
 227 |             let page_table_address: FrameAddress = entry.borrow().1.physical_address()?;
     |                                                    ^^^^^^^^^^^^^^
 228 |             // FIXME: do not be so open about permissions.
 229 |             pgdir.map(entry.borrow().0, page_table_address, false, AccessPermission::RDWR)?;
     |                       --------------
...
 335 |             if entry.borrow().0.into_raw_value() == pt_vaddr.into_raw_value() {
     |                --------------
...
1781 |             match pt_ref.1.is_page_present(page_address) {
     |                   ------
     |
     = help: The following declaration may resolve this error:
             pub assume_specification<'a, T> [<core::cell::Ref<'a, T> as core::ops::Deref>::deref] (_0: &core::cell::Ref<'a, T>) -> &T
             where
             T: core::marker::MetaSized + ?Sized,;

error: `core::cell::Ref` is not supported (note: you may be able to add a Verus specification to this type with the `external_type_specification` attribute) (note: the vstd library provides some specification for the Rust std library, but it is currently limited)
    --> src/kernel/src/mm/virt/vmem.rs:227:52
     |
 227 |             let page_table_address: FrameAddress = entry.borrow().1.physical_address()?;
     |                                                    ^^^^^^^^^^^^^^
 228 |             // FIXME: do not be so open about permissions.
 229 |             pgdir.map(entry.borrow().0, page_table_address, false, AccessPermission::RDWR)?;
     |                       --------------
...
 335 |             if entry.borrow().0.into_raw_value() == pt_vaddr.into_raw_value() {
     |                --------------
...
1780 |             let pt_ref = page_table.borrow();
     |                 ------   -------------------
1781 |             match pt_ref.1.is_page_present(page_address) {
     |                   ------
     |
     = help: The following declaration may resolve this error:
             #[verifier::reject_recursive_types(T)]
             #[verifier::external_type_specification]
             pub struct ExRef<'b, T>(core::cell::Ref<'b, T>)
             where
             T: core::marker::MetaSized + ?Sized,;

error: `core::cell::impl&%31::borrow` is not supported (note: you may be able to add a Verus specification to this function with `assume_specification`) (note: the vstd library provides some specification for the Rust std library, but it is currently limited)
    --> src/kernel/src/mm/virt/vmem.rs:227:52
     |
 227 |             let page_table_address: FrameAddress = entry.borrow().1.physical_address()?;
     |                                                    ^^^^^^^^^^^^^^
 228 |             // FIXME: do not be so open about permissions.
 229 |             pgdir.map(entry.borrow().0, page_table_address, false, AccessPermission::RDWR)?;
     |                       --------------
...
 335 |             if entry.borrow().0.into_raw_value() == pt_vaddr.into_raw_value() {
     |                --------------
...
1780 |             let pt_ref = page_table.borrow();
     |                          -------------------
     |
     = help: The following declaration may resolve this error:
             pub assume_specification<T> [core::cell::RefCell::<T>::borrow] (_0: &core::cell::RefCell<T>) -> core::cell::Ref<'_, T>
             where
             T: core::marker::MetaSized + ?Sized,;

error: cannot use function `kernel::mm::virt::identity_map::sync_kernel_pdes` which is ignored because it is either declared outside the verus! macro or it is marked as `external`.
   --> src/kernel/src/mm/virt/vmem.rs:250:13
    |
250 |             super::sync_kernel_pdes(target_pd_paddr)?;
    |             ^^^^^^^^^^^^^^^^^^^^^^^^^^^^^^^^^^^^^^^^
    |
    = help: The following declaration may resolve this error:
            assume_specification [crate::mm::virt::identity_map::sync_kernel_pdes] (_0: crate::hal::mem::types::address::pd::PageDirectoryAddress) -> core::result::Result<(), sys::error::Error>;

error: cannot use function `kernel::hal::arch::x86::mem::mmu::load_page_directory` which is ignored because it is either declared outside the verus! macro or it is marked as `external`.
   --> src/kernel/src/mm/virt/vmem.rs:266:18
    |
266 |         unsafe { mmu::load_page_directory(pgdir_addr.into_raw_value()) };
    |                  ^^^^^^^^^^^^^^^^^^^^^^^^^^^^^^^^^^^^^^^^^^^^^^^^^^^^^
    |
    = help: The following declaration may resolve this error:
            pub assume_specification [crate::hal::arch::x86::mem::mmu::load_page_directory] (_0: usize);

error: cannot use function `kernel::hal::mem::types::address::page::PageTableAddress::new` which is ignored because it is either declared outside the verus! macro or it is marked as `external`.
    --> src/kernel/src/mm/virt/vmem.rs:293:42
     |
 293 |           let pt_vaddr: PageTableAddress = PageTableAddress::new(PageTableAligned::from_raw_value(
     |  __________________________________________^
 294 | |             ::sys::mm::align_down(vaddr.into_raw_value(), PGTAB_ALIGNMENT),
 295 | |         )?);
     | |___________^
...
 424 |               let pgtable_vaddr: PageTableAddress = PageTableAddress::new(vaddr);
     |                                                     ----------------------------
...
 743 |           let pgtab_addr: PageTableAddress = PageTableAddress::new(PageTableAligned::from_raw_value(
     |  ____________________________________________-
 744 | |             ::sys::mm::align_down(vaddr.into_raw_value(), PGTAB_ALIGNMENT),
 745 | |         )?);
     | |___________-
...
 786 |           let pgtab_addr: PageTableAddress = PageTableAddress::new(PageTableAligned::from_raw_value(
     |  ____________________________________________-
 787 | |             ::sys::mm::align_down(vaddr.into_raw_value(), PGTAB_ALIGNMENT),
 788 | |         )?);
     | |___________-
...
 882 |           let pgtable_vaddr: PageTableAddress = PageTableAddress::new(pgtab_aligned);
     |                                                 ------------------------------------
...
 915 |           let pgtable_vaddr: PageTableAddress = PageTableAddress::new(pgtab_aligned);
     |                                                 ------------------------------------
...
1607 |                   let pgtable_vaddr: PageTableAddress = PageTableAddress::new(vaddr);
     |                                                         ----------------------------
...
1682 |               let pgtable_vaddr: PageTableAddress = PageTableAddress::new(vaddr);
     |                                                     ----------------------------
...
1757 |               let pde: PageDirectoryEntry = match self.pgdir.read_pde(PageTableAddress::new(vaddr)) {
     |                                                                       ----------------------------
     |
     = help: The following declaration may resolve this error:
             pub assume_specification [crate::hal::mem::types::address::page::PageTableAddress::new] (_0: crate::hal::mem::types::address::aligned::pgtab::PageTableAligned<sys::mm::VirtualAddress>) -> crate::hal::mem::types::address::page::PageTableAddress;

error: cannot use function `kernel::hal::mem::types::address::aligned::pgtab::PageTableAligned::from_raw_value` which is ignored because it is either declared outside the verus! macro or it is marked as `external`.
    --> src/kernel/src/mm/virt/vmem.rs:293:64
     |
 293 |           let pt_vaddr: PageTableAddress = PageTableAddress::new(PageTableAligned::from_raw_value(
     |  ________________________________________________________________^
 294 | |             ::sys::mm::align_down(vaddr.into_raw_value(), PGTAB_ALIGNMENT),
 295 | |         )?);
     | |_________^
...
 421 |               let vaddr: PageTableAligned<VirtualAddress> = PageTableAligned::from_raw_value(
     |  ___________________________________________________________-
 422 | |                 ::sys::mm::align_down(vaddr.into_raw_value(), PGTAB_ALIGNMENT),
 423 | |             )?;
     | |_____________-
...
 743 |           let pgtab_addr: PageTableAddress = PageTableAddress::new(PageTableAligned::from_raw_value(
     |  __________________________________________________________________-
 744 | |             ::sys::mm::align_down(vaddr.into_raw_value(), PGTAB_ALIGNMENT),
 745 | |         )?);
     | |_________-
...
 786 |           let pgtab_addr: PageTableAddress = PageTableAddress::new(PageTableAligned::from_raw_value(
     |  __________________________________________________________________-
 787 | |             ::sys::mm::align_down(vaddr.into_raw_value(), PGTAB_ALIGNMENT),
 788 | |         )?);
     | |_________-
...
 879 |           let pgtab_aligned: PageTableAligned<VirtualAddress> = PageTableAligned::from_raw_value(
     |  _______________________________________________________________-
 880 | |             ::sys::mm::align_down(vaddr.into_raw_value(), PGTAB_ALIGNMENT),
 881 | |         )?;
     | |_________-
...
 912 |           let pgtab_aligned: PageTableAligned<VirtualAddress> = PageTableAligned::from_raw_value(
     |  _______________________________________________________________-
 913 | |             ::sys::mm::align_down(vaddr.into_raw_value(), PGTAB_ALIGNMENT),
 914 | |         )?;
     | |_________-
...
1604 |                   let vaddr: PageTableAligned<VirtualAddress> = PageTableAligned::from_raw_value(
     |  _______________________________________________________________-
1605 | |                     ::sys::mm::align_down(vaddr.into_raw_value(), PGTAB_ALIGNMENT),
1606 | |                 )?;
     | |_________________-
...
1679 |               let vaddr: PageTableAligned<VirtualAddress> = PageTableAligned::from_raw_value(
     |  ___________________________________________________________-
1680 | |                 ::sys::mm::align_down(vaddr.into_raw_value(), PGTAB_ALIGNMENT),
1681 | |             )?;
     | |_____________-
...
1753 |               let vaddr: PageTableAligned<VirtualAddress> = PageTableAligned::from_raw_value(
     |  ___________________________________________________________-
1754 | |                 ::sys::mm::align_down(vaddr.into_raw_value(), PGTAB_ALIGNMENT),
1755 | |             )?;
     | |_____________-
     |
     = help: The following declaration may resolve this error:
             pub assume_specification<T> [<crate::hal::mem::types::address::aligned::pgtab::PageTableAligned<T> as sys::mm::Address>::crate::from_raw_value] (_0: usize) -> core::result::Result<hal::mem::types::address::aligned::pgtab::PageTableAligned<T>, sys::error::Error>
             where
             T: sys::mm::Address,;

error: `sys::sys::mm::alignment::align_down` is not supported (note: you may be able to add a Verus specification to this function with `assume_specification`)
    --> src/kernel/src/mm/virt/vmem.rs:294:13
     |
 294 |             ::sys::mm::align_down(vaddr.into_raw_value(), PGTAB_ALIGNMENT),
     |             ^^^^^^^^^^^^^^^^^^^^^^^^^^^^^^^^^^^^^^^^^^^^^^^^^^^^^^^^^^^^^^
...
 422 |                 ::sys::mm::align_down(vaddr.into_raw_value(), PGTAB_ALIGNMENT),
     |                 --------------------------------------------------------------
...
 744 |             ::sys::mm::align_down(vaddr.into_raw_value(), PGTAB_ALIGNMENT),
     |             --------------------------------------------------------------
...
 787 |             ::sys::mm::align_down(vaddr.into_raw_value(), PGTAB_ALIGNMENT),
     |             --------------------------------------------------------------
...
 880 |             ::sys::mm::align_down(vaddr.into_raw_value(), PGTAB_ALIGNMENT),
     |             --------------------------------------------------------------
...
 913 |             ::sys::mm::align_down(vaddr.into_raw_value(), PGTAB_ALIGNMENT),
     |             --------------------------------------------------------------
...
1063 |         let start: usize = ::sys::mm::align_down(addr.into_raw_value(), PAGE_ALIGNMENT);
     |                            ------------------------------------------------------------
...
1070 |         let last_page: usize = ::sys::mm::align_down(end_inclusive, PAGE_ALIGNMENT);
     |                                ----------------------------------------------------
...
1605 |                     ::sys::mm::align_down(vaddr.into_raw_value(), PGTAB_ALIGNMENT),
     |                     --------------------------------------------------------------
...
1680 |                 ::sys::mm::align_down(vaddr.into_raw_value(), PGTAB_ALIGNMENT),
     |                 --------------------------------------------------------------
...
1754 |                 ::sys::mm::align_down(vaddr.into_raw_value(), PGTAB_ALIGNMENT),
     |                 --------------------------------------------------------------
     |
     = help: The following declaration may resolve this error:
             pub assume_specification [sys::mm::align_down] (_0: usize, _1: sys::mm::Alignment) -> usize;

error: cannot use function `kernel::hal::mem::types::address::aligned::page::PageAligned::into_raw_value` which is ignored because it is either declared outside the verus! macro or it is marked as `external`.
    --> src/kernel/src/mm/virt/vmem.rs:294:35
     |
 294 |             ::sys::mm::align_down(vaddr.into_raw_value(), PGTAB_ALIGNMENT),
     |                                   ^^^^^^^^^^^^^^^^^^^^^^
...
 422 |                 ::sys::mm::align_down(vaddr.into_raw_value(), PGTAB_ALIGNMENT),
     |                                       ----------------------
...
 744 |             ::sys::mm::align_down(vaddr.into_raw_value(), PGTAB_ALIGNMENT),
     |                                   ----------------------
...
 787 |             ::sys::mm::align_down(vaddr.into_raw_value(), PGTAB_ALIGNMENT),
     |                                   ----------------------
...
 880 |             ::sys::mm::align_down(vaddr.into_raw_value(), PGTAB_ALIGNMENT),
     |                                   ----------------------
...
 913 |             ::sys::mm::align_down(vaddr.into_raw_value(), PGTAB_ALIGNMENT),
     |                                   ----------------------
...
1114 |         let offset: usize = vaddr.into_raw_value() - page_aligned.into_raw_value();
     |                                                      -----------------------------
...
1189 |                 let offset: usize = src.into_raw_value() - vaddr.into_raw_value();
     |                                                            ----------------------
...
1321 |             let offset: usize = dst.into_raw_value() - vaddr.into_raw_value();
     |                                                        ----------------------
...
1492 |                 let src_offset: usize = cur_src.into_raw_value() - src_page.into_raw_value();
     |                                                                    -------------------------
...
1498 |                 let dst_offset: usize = cur_dst.into_raw_value() - dst_page.into_raw_value();
     |                                                                    -------------------------
...
1558 |         let base: *mut u8 = usize_to_mut_ptr(dst.into_raw_value());
     |                                              --------------------
...
1605 |                     ::sys::mm::align_down(vaddr.into_raw_value(), PGTAB_ALIGNMENT),
     |                                           ----------------------
...
1680 |                 ::sys::mm::align_down(vaddr.into_raw_value(), PGTAB_ALIGNMENT),
     |                                       ----------------------
...
1754 |                 ::sys::mm::align_down(vaddr.into_raw_value(), PGTAB_ALIGNMENT),
     |                                       ----------------------
...
1793 |                         FrameAddress::new(PageAligned::from_raw_value(vaddr.into_raw_value())?);
     |                                                                       ----------------------
     |
     = help: The following declaration may resolve this error:
             pub assume_specification<T> [<crate::hal::mem::types::address::aligned::page::PageAligned<T> as sys::mm::Address>::crate::into_raw_value] (_0: crate::hal::mem::types::address::aligned::page::PageAligned<T>) -> usize
             where
             T: sys::mm::Address,;

error: `arch::x86::mem::constants::PGTAB_ALIGNMENT` is not supported (note: you may be able to add a Verus specification to this function with `assume_specification`)
    --> src/kernel/src/mm/virt/vmem.rs:294:59
     |
 294 |             ::sys::mm::align_down(vaddr.into_raw_value(), PGTAB_ALIGNMENT),
     |                                                           ^^^^^^^^^^^^^^^
...
 422 |                 ::sys::mm::align_down(vaddr.into_raw_value(), PGTAB_ALIGNMENT),
     |                                                               ---------------
...
 744 |             ::sys::mm::align_down(vaddr.into_raw_value(), PGTAB_ALIGNMENT),
     |                                                           ---------------
...
 787 |             ::sys::mm::align_down(vaddr.into_raw_value(), PGTAB_ALIGNMENT),
     |                                                           ---------------
...
 880 |             ::sys::mm::align_down(vaddr.into_raw_value(), PGTAB_ALIGNMENT),
     |                                                           ---------------
...
 913 |             ::sys::mm::align_down(vaddr.into_raw_value(), PGTAB_ALIGNMENT),
     |                                                           ---------------
...
1605 |                     ::sys::mm::align_down(vaddr.into_raw_value(), PGTAB_ALIGNMENT),
     |                                                                   ---------------
...
1680 |                 ::sys::mm::align_down(vaddr.into_raw_value(), PGTAB_ALIGNMENT),
     |                                                               ---------------
...
1754 |                 ::sys::mm::align_down(vaddr.into_raw_value(), PGTAB_ALIGNMENT),
     |                                                               ---------------

error: `sys::sys::mm::alignment::Alignment` is not supported (note: you may be able to add a Verus specification to this type with the `external_type_specification` attribute)
    --> src/kernel/src/mm/virt/vmem.rs:294:59
     |
 294 |             ::sys::mm::align_down(vaddr.into_raw_value(), PGTAB_ALIGNMENT),
     |                                                           ^^^^^^^^^^^^^^^
...
 422 |                 ::sys::mm::align_down(vaddr.into_raw_value(), PGTAB_ALIGNMENT),
     |                                                               ---------------
...
 744 |             ::sys::mm::align_down(vaddr.into_raw_value(), PGTAB_ALIGNMENT),
     |                                                           ---------------
...
 787 |             ::sys::mm::align_down(vaddr.into_raw_value(), PGTAB_ALIGNMENT),
     |                                                           ---------------
...
 880 |             ::sys::mm::align_down(vaddr.into_raw_value(), PGTAB_ALIGNMENT),
     |                                                           ---------------
...
 913 |             ::sys::mm::align_down(vaddr.into_raw_value(), PGTAB_ALIGNMENT),
     |                                                           ---------------
...
1063 |         let start: usize = ::sys::mm::align_down(addr.into_raw_value(), PAGE_ALIGNMENT);
     |                                                                         --------------
...
1070 |         let last_page: usize = ::sys::mm::align_down(end_inclusive, PAGE_ALIGNMENT);
     |                                                                     --------------
...
1113 |             PageAligned::from_address(vaddr.align_down(PAGE_ALIGNMENT))?;
     |                                                        --------------
...
1188 |                     PageAligned::from_address(src.align_down(PAGE_ALIGNMENT))?;
     |                                                              --------------
...
1307 |                 match PageAligned::from_address(dst.align_down(PAGE_ALIGNMENT)) {
     |                                                                --------------
...
1491 |                     PageAligned::from_address(cur_src.align_down(PAGE_ALIGNMENT))?;
     |                                                                  --------------
...
1497 |                     PageAligned::from_address(cur_dst.align_down(PAGE_ALIGNMENT))?;
     |                                                                  --------------
...
1605 |                     ::sys::mm::align_down(vaddr.into_raw_value(), PGTAB_ALIGNMENT),
     |                                                                   ---------------
...
1680 |                 ::sys::mm::align_down(vaddr.into_raw_value(), PGTAB_ALIGNMENT),
     |                                                               ---------------
...
1754 |                 ::sys::mm::align_down(vaddr.into_raw_value(), PGTAB_ALIGNMENT),
     |                                                               ---------------

error: cannot use function `kernel::hal::arch::x86::mem::mmu::page_directory::PageDirectory::read_pde` which is ignored because it is either declared outside the verus! macro or it is marked as `external`.
    --> src/kernel/src/mm/virt/vmem.rs:298:45
     |
 298 |         let pde: PageDirectoryEntry = match self.pgdir.read_pde(pt_vaddr) {
     |                                             ^^^^^^^^^^^^^^^^^^^^^^^^^^^^^
...
 426 |             let pde: PageDirectoryEntry = match self.pgdir.read_pde(pgtable_vaddr) {
     |                                                 ----------------------------------
...
1609 |                 let pde: PageDirectoryEntry = match self.pgdir.read_pde(pgtable_vaddr) {
     |                                                     ----------------------------------
...
1684 |             let pde: PageDirectoryEntry = match self.pgdir.read_pde(pgtable_vaddr) {
     |                                                 ----------------------------------
...
1757 |             let pde: PageDirectoryEntry = match self.pgdir.read_pde(PageTableAddress::new(vaddr)) {
     |                                                 -------------------------------------------------
     |
     = help: The following declaration may resolve this error:
             pub assume_specification<T> [crate::hal::arch::x86::mem::mmu::page_directory::PageDirectory::<T>::read_pde] (_0: &crate::hal::arch::x86::mem::mmu::page_directory::PageDirectory<T>, _1: crate::hal::mem::types::address::page::PageTableAddress) -> core::option::Option<arch::mem::paging::PageDirectoryEntry>
             where
             T: core::ops::Deref<Target = [u32]> + core::ops::DerefMut,;

error: `arch::x86::mem::paging::pde::impl&%1::is_present` is not supported (note: you may be able to add a Verus specification to this function with `assume_specification`)
    --> src/kernel/src/mm/virt/vmem.rs:308:13
     |
 308 |         if !pde.is_present() {
     |             ^^^^^^^^^^^^^^^^
...
 437 |             if !pde.is_present() {
     |                 ----------------
...
1620 |                 if !pde.is_present() {
     |                     ----------------
...
1694 |             if !pde.is_present() {
     |                 ----------------
...
1767 |             if !pde.is_present() {
     |                 ----------------
     |
     = help: The following declaration may resolve this error:
             pub assume_specification [arch::mem::paging::PageDirectoryEntry::is_present] (_0: &arch::mem::paging::PageDirectoryEntry) -> bool;

error: `alloc::collections::linked_list::IterMut` is not supported (note: you may be able to add a Verus specification to this type with the `external_type_specification` attribute) (note: the vstd library provides some specification for the Rust std library, but it is currently limited)
   --> src/kernel/src/mm/virt/vmem.rs:329:13
    |
329 |         let mut kernel_page_table_iter = self.kernel_page_tables.iter_mut();
    |             ^^^^^^^^^^^^^^^^^^^^^^^^^^   ----------------------------------
330 |         loop {
331 |             let entry = match kernel_page_table_iter.next() {
    |                               -----------------------------
    |
    = help: The following declaration may resolve this error:
            #[verifier::reject_recursive_types(T)]
            #[verifier::external_type_specification]
            pub struct ExIterMut<'a, T>(alloc::collections::linked_list::IterMut<'a, T>);

error: `alloc::collections::linked_list::impl&%8::iter_mut` is not supported (note: you may be able to add a Verus specification to this function with `assume_specification`) (note: the vstd library provides some specification for the Rust std library, but it is currently limited)
   --> src/kernel/src/mm/virt/vmem.rs:329:42
    |
329 |         let mut kernel_page_table_iter = self.kernel_page_tables.iter_mut();
    |                                          ^^^^^^^^^^^^^^^^^^^^^^^^^^^^^^^^^^
    |
    = help: The following declaration may resolve this error:
            pub assume_specification<T, A> [alloc::collections::LinkedList::<T, A>::iter_mut] (_0: &alloc::collections::LinkedList<T, A>) -> alloc::collections::linked_list::IterMut<'_, T>
            where
            A: core::alloc::Allocator,;

error: `alloc::collections::linked_list::impl&%15::next` is not supported (note: you may be able to add a Verus specification to this function with `assume_specification`) (note: the vstd library provides some specification for the Rust std library, but it is currently limited)
   --> src/kernel/src/mm/virt/vmem.rs:331:31
    |
331 |             let entry = match kernel_page_table_iter.next() {
    |                               ^^^^^^^^^^^^^^^^^^^^^^^^^^^^^
    |
    = help: The following declaration may resolve this error:
            pub assume_specification<'a, T> [<alloc::collections::linked_list::IterMut<'a, T> as core::iter::Iterator>::next] (_0: &alloc::collections::linked_list::IterMut<'a, T>) -> core::option::Option<&'a mut T>;

error: cannot use function `kernel::hal::mem::types::address::page::PageTableAddress::into_raw_value` which is ignored because it is either declared outside the verus! macro or it is marked as `external`.
   --> src/kernel/src/mm/virt/vmem.rs:335:16
    |
335 |             if entry.borrow().0.into_raw_value() == pt_vaddr.into_raw_value() {
    |                ^^^^^^^^^^^^^^^^^^^^^^^^^^^^^^^^^    -------------------------
...
832 |             let base: usize = pgtab_addr.into_raw_value();
    |                               ---------------------------
    |
    = help: The following declaration may resolve this error:
            pub assume_specification [crate::hal::mem::types::address::page::PageTableAddress::into_raw_value] (_0: crate::hal::mem::types::address::page::PageTableAddress) -> usize;

error: cannot use function `kernel::hal::arch::x86::mem::mmu::page_table::PageTable::map` which is ignored because it is either declared outside the verus! macro or it is marked as `external`.
    --> src/kernel/src/mm/virt/vmem.rs:338:17
     |
 338 | /                 entry.borrow_mut().1.map(
 339 | |                     PageAddress::new(vaddr),
 340 | |                     kpage.frame_address(),
 341 | |                     true,
...    |
 344 | |                     AccessPermission::RDWR,
 345 | |                 )?;
     | |_________________^
...
 457 |           page_table.map(PageAddress::new(vaddr), uframe.address(), false, false, true, access)?;
     |           -------------------------------------------------------------------------------------
...
1794 | /                     pt_mut.1.map(
1795 | |                         page_address,
1796 | |                         frame_addr,
1797 | |                         false, // user-accessible (MMIO regions are mapped for user processes)
...    |
1800 | |                         access,
1801 | |                     )?;
     | |_____________________-
     |
     = help: The following declaration may resolve this error:
             pub assume_specification<T> [crate::hal::arch::x86::mem::mmu::page_table::PageTable::<T>::map] (_0: &crate::hal::arch::x86::mem::mmu::page_table::PageTable<T>, _1: crate::hal::mem::types::address::page::PageAddress, _2: crate::hal::mem::types::address::frame::FrameAddress, _3: bool, _4: bool, _5: bool, _6: sys::mm::AccessPermission) -> core::result::Result<(), sys::error::Error>
             where
             T: core::ops::Deref<Target = [u32]> + core::ops::DerefMut,;

error: `core::cell::impl&%55::deref_mut` is not supported (note: you may be able to add a Verus specification to this function with `assume_specification`) (note: the vstd library provides some specification for the Rust std library, but it is currently limited)
    --> src/kernel/src/mm/virt/vmem.rs:338:17
     |
 338 |                 entry.borrow_mut().1.map(
     |                 ^^^^^^^^^^^^^^^^^^
...
1794 |                     pt_mut.1.map(
     |                     ------
...
1804 |                     pt_mut.1.ctrl(false, page_address, access)?;
     |                     ------
     |
     = help: The following declaration may resolve this error:
             pub assume_specification<'a, T> [<core::cell::RefMut<'a, T> as core::ops::DerefMut>::deref_mut] (_0: &core::cell::RefMut<'a, T>) -> &T
             where
             T: core::marker::MetaSized + ?Sized,;

error: `core::cell::RefMut` is not supported (note: you may be able to add a Verus specification to this type with the `external_type_specification` attribute) (note: the vstd library provides some specification for the Rust std library, but it is currently limited)
    --> src/kernel/src/mm/virt/vmem.rs:338:17
     |
 338 |                 entry.borrow_mut().1.map(
     |                 ^^^^^^^^^^^^^^^^^^
...
1788 |             let mut pt_mut = page_table.borrow_mut();
     |                 ----------   -----------------------
1789 |             // If the PTE is not present, create an identity-mapped entry first.
1790 |             match pt_mut.1.is_page_present(page_address) {
     |                   ------
...
1794 |                     pt_mut.1.map(
     |                     ------
...
1804 |                     pt_mut.1.ctrl(false, page_address, access)?;
     |                     ------
     |
     = help: The following declaration may resolve this error:
             #[verifier::reject_recursive_types(T)]
             #[verifier::external_type_specification]
             pub struct ExRefMut<'b, T>(core::cell::RefMut<'b, T>)
             where
             T: core::marker::MetaSized + ?Sized,;

error: `core::cell::impl&%31::borrow_mut` is not supported (note: you may be able to add a Verus specification to this function with `assume_specification`) (note: the vstd library provides some specification for the Rust std library, but it is currently limited)
    --> src/kernel/src/mm/virt/vmem.rs:338:17
     |
 338 |                 entry.borrow_mut().1.map(
     |                 ^^^^^^^^^^^^^^^^^^
...
1788 |             let mut pt_mut = page_table.borrow_mut();
     |                              -----------------------
     |
     = help: The following declaration may resolve this error:
             pub assume_specification<T> [core::cell::RefCell::<T>::borrow_mut] (_0: &core::cell::RefCell<T>) -> core::cell::RefMut<'_, T>
             where
             T: core::marker::MetaSized + ?Sized,;

error: cannot use function `kernel::hal::mem::types::address::page::PageAddress::new` which is ignored because it is either declared outside the verus! macro or it is marked as `external`.
    --> src/kernel/src/mm/virt/vmem.rs:339:21
     |
 339 |                     PageAddress::new(vaddr),
     |                     ^^^^^^^^^^^^^^^^^^^^^^^
...
 457 |         page_table.map(PageAddress::new(vaddr), uframe.address(), false, false, true, access)?;
     |                        -----------------------
...
 742 |         let page_addr: PageAddress = PageAddress::new(vaddr);
     |                                      -----------------------
...
 785 |         let page_addr: PageAddress = PageAddress::new(vaddr);
     |                                      -----------------------
...
 885 |         page_table.mark_cow(PageAddress::new(vaddr))
     |                             -----------------------
...
 918 |         page_table.unmark_cow(PageAddress::new(vaddr))
     |                               -----------------------
...
1629 |             let page_address: PageAddress = PageAddress::new(vaddr);
     |                                             -----------------------
...
1703 |         let page_address: PageAddress = PageAddress::new(vaddr);
     |                                         -----------------------
...
1776 |         let page_address: PageAddress = PageAddress::new(vaddr);
     |                                         -----------------------
     |
     = help: The following declaration may resolve this error:
             pub assume_specification [crate::hal::mem::types::address::page::PageAddress::new] (_0: crate::hal::mem::types::address::aligned::page::PageAligned<sys::mm::VirtualAddress>) -> crate::hal::mem::types::address::page::PageAddress;

error: cannot use function `kernel::mm::virt::kpage::KernelPage::frame_address` which is ignored because it is either declared outside the verus! macro or it is marked as `external`.
   --> src/kernel/src/mm/virt/vmem.rs:340:21
    |
340 |                     kpage.frame_address(),
    |                     ^^^^^^^^^^^^^^^^^^^^^
    |
    = help: The following declaration may resolve this error:
            pub assume_specification [crate::mm::virt::kpage::KernelPage::frame_address] (_0: &crate::mm::virt::kpage::KernelPage) -> crate::hal::mem::types::address::frame::FrameAddress;

error: cannot use function `kernel::hal::mem::types::address::aligned::page::PageAligned::into_inner` which is ignored because it is either declared outside the verus! macro or it is marked as `external`.
    --> src/kernel/src/mm/virt/vmem.rs:413:32
     |
 413 |         if !Self::is_user_addr(vaddr.into_inner()) {
     |                                ^^^^^^^^^^^^^^^^^^
...
 485 |         if !Self::is_user_addr(vaddr.into_inner()) {
     |                                ------------------
...
 873 |         if !Self::is_user_addr(vaddr.into_inner()) {
     |                                ------------------
...
 906 |         if !Self::is_user_addr(vaddr.into_inner()) {
     |                                ------------------
...
 983 |         if !Self::is_user_addr(vaddr.into_inner()) {
     |                                ------------------
...
1589 |         if !Self::is_user_addr(vaddr.into_inner()) {
     |                                ------------------
...
1671 |         if !Self::is_user_addr(vaddr.into_inner()) {
     |                                ------------------
...
1745 |         if !Self::is_kernel_addr(vaddr.into_inner()) {
     |                                  ------------------
     |
     = help: The following declaration may resolve this error:
             pub assume_specification<T> [crate::hal::mem::types::address::aligned::page::PageAligned::<T>::into_inner] (_0: crate::hal::mem::types::address::aligned::page::PageAligned<T>) -> T
             where
             T: sys::mm::Address,;

error: `alloc::collections::linked_list::impl&%8::push_front` is not supported (note: you may be able to add a Verus specification to this function with `assume_specification`) (note: the vstd library provides some specification for the Rust std library, but it is currently limited)
   --> src/kernel/src/mm/virt/vmem.rs:449:17
    |
449 | /                 self.user_page_tables
450 | |                     .push_front((pgtable_vaddr, page_table));
    | |____________________________________________________________^
    |
    = help: The following declaration may resolve this error:
            pub assume_specification<T, A> [alloc::collections::LinkedList::<T, A>::push_front] (_0: &alloc::collections::LinkedList<T, A>, _1: T)
            where
            A: core::alloc::Allocator,;

error: cannot use function `kernel::mm::phys::upool::UserFrame::address` which is ignored because it is either declared outside the verus! macro or it is marked as `external`.
    --> src/kernel/src/mm/virt/vmem.rs:457:49
     |
 457 |         page_table.map(PageAddress::new(vaddr), uframe.address(), false, false, true, access)?;
     |                                                 ^^^^^^^^^^^^^^^^
...
1017 |         let dst_paddr: usize = new_frame.address().into_raw_value();
     |                                -------------------
...
1022 |         let new_frame_addr: FrameAddress = new_frame.address();
     |                                            -------------------
     |
     = help: The following declaration may resolve this error:
             pub assume_specification [crate::mm::phys::upool::UserFrame::address] (_0: &crate::mm::phys::upool::UserFrame) -> crate::hal::mem::types::address::frame::FrameAddress;

error: cannot use function `kernel::mm::phys::upool::UserFrame::leak` which is ignored because it is either declared outside the verus! macro or it is marked as `external`.
    --> src/kernel/src/mm/virt/vmem.rs:464:9
     |
 464 |         uframe.leak();
     |         ^^^^^^^^^^^^^
...
1026 |         let _ = new_frame.leak();
     |                 ----------------
     |
     = help: The following declaration may resolve this error:
             pub assume_specification [crate::mm::phys::upool::UserFrame::leak] (_0: crate::mm::phys::upool::UserFrame) -> crate::hal::mem::types::address::frame::FrameAddress;

error: `sys::sys::config::memory_layout::USER_BASE` is not supported (note: you may be able to add a Verus specification to this function with `assume_specification`)
   --> src/kernel/src/mm/virt/vmem.rs:494:22
    |
494 |         virt_addr >= config::memory_layout::USER_BASE && virt_addr < config::memory_layout::USER_END
    |                      ^^^^^^^^^^^^^^^^^^^^^^^^^^^^^^^^

error: `sys::sys::config::memory_layout::USER_END` is not supported (note: you may be able to add a Verus specification to this function with `assume_specification`)
   --> src/kernel/src/mm/virt/vmem.rs:494:70
    |
494 |         virt_addr >= config::memory_layout::USER_BASE && virt_addr < config::memory_layout::USER_END
    |                                                                      ^^^^^^^^^^^^^^^^^^^^^^^^^^^^^^^

error: `sys::sys::mm::address::virt::impl&%0::checked_add` is not supported (note: you may be able to add a Verus specification to this function with `assume_specification`)
   --> src/kernel/src/mm/virt/vmem.rs:518:15
    |
518 |         match start.checked_add(size - 1) {
    |               ^^^^^^^^^^^^^^^^^^^^^^^^^^^
    |
    = help: The following declaration may resolve this error:
            pub assume_specification [sys::mm::VirtualAddress::checked_add] (_0: &sys::mm::VirtualAddress, _1: usize) -> core::option::Option<sys::mm::VirtualAddress>;

error: cannot use function `kernel::hal::platform::microvm::is_valid_physical_region` which is ignored because it is either declared outside the verus! macro or it is marked as `external`.
   --> src/kernel/src/mm/virt/vmem.rs:573:9
    |
573 |         crate::hal::platform::is_valid_physical_region(start, size)
    |         ^^^^^^^^^^^^^^^^^^^^^^^^^^^^^^^^^^^^^^^^^^^^^^^^^^^^^^^^^^^
    |
    = help: The following declaration may resolve this error:
            pub assume_specification [crate::hal::platform::microvm::is_valid_physical_region] (_0: usize, _1: usize) -> bool;

error: cannot use function `kernel::hal::arch::x86::mem::mmu::page_table::PageTable::is_page_present` which is ignored because it is either declared outside the verus! macro or it is marked as `external`.
    --> src/kernel/src/mm/virt/vmem.rs:754:20
     |
 754 |                 if page_table.is_page_present(page_addr)? {
     |                    ^^^^^^^^^^^^^^^^^^^^^^^^^^^^^^^^^^^^^
...
1781 |             match pt_ref.1.is_page_present(page_address) {
     |                   --------------------------------------
...
1790 |             match pt_mut.1.is_page_present(page_address) {
     |                   --------------------------------------
     |
     = help: The following declaration may resolve this error:
             pub assume_specification<T> [crate::hal::arch::x86::mem::mmu::page_table::PageTable::<T>::is_page_present] (_0: &crate::hal::arch::x86::mem::mmu::page_table::PageTable<T>, _1: crate::hal::mem::types::address::page::PageAddress) -> core::result::Result<bool, sys::error::Error>
             where
             T: core::ops::Deref<Target = [u32]> + core::ops::DerefMut,;

error: cannot use function `kernel::hal::arch::x86::mem::mmu::page_table::PageTable::lookup` which is ignored because it is either declared outside the verus! macro or it is marked as `external`.
    --> src/kernel/src/mm/virt/vmem.rs:755:36
     |
 755 |                     return Ok(Some(page_table.lookup(page_addr)?));
     |                                    ^^^^^^^^^^^^^^^^^^^^^^^^^^^^
...
1632 |             if page_table.lookup(page_address)? != frame_address {
     |                -------------------------------
     |
     = help: The following declaration may resolve this error:
             pub assume_specification<T> [crate::hal::arch::x86::mem::mmu::page_table::PageTable::<T>::lookup] (_0: &crate::hal::arch::x86::mem::mmu::page_table::PageTable<T>, _1: crate::hal::mem::types::address::page::PageAddress) -> core::result::Result<hal::mem::types::address::frame::FrameAddress, sys::error::Error>
             where
             T: core::ops::Deref<Target = [u32]> + core::ops::DerefMut,;

error: cannot use function `kernel::hal::arch::x86::mem::mmu::page_table::PageTable::read_pte_at` which is ignored because it is either declared outside the verus! macro or it is marked as `external`.
   --> src/kernel/src/mm/virt/vmem.rs:797:27
    |
797 |                 return Ok(page_table.read_pte_at(page_addr));
    |                           ^^^^^^^^^^^^^^^^^^^^^^^^^^^^^^^^^
    |
    = help: The following declaration may resolve this error:
            pub assume_specification<T> [crate::hal::arch::x86::mem::mmu::page_table::PageTable::<T>::read_pte_at] (_0: &crate::hal::arch::x86::mem::mmu::page_table::PageTable<T>, _1: crate::hal::mem::types::address::page::PageAddress) -> core::option::Option<arch::mem::paging::PageTableEntry>
            where
            T: core::ops::Deref<Target = [u32]> + core::ops::DerefMut,;

error: cannot use function `kernel::hal::arch::x86::mem::mmu::page_table::PageTable::iter_present_ptes` which is ignored because it is either declared outside the verus! macro or it is marked as `external`.
   --> src/kernel/src/mm/virt/vmem.rs:833:32
    |
833 |             let mut pte_iter = page_table.iter_present_ptes();
    |                                ^^^^^^^^^^^^^^^^^^^^^^^^^^^^^^
    |
    = help: The following declaration may resolve this error:
            pub assume_specification<T> [crate::hal::arch::x86::mem::mmu::page_table::PageTable::<T>::iter_present_ptes] (_0: &crate::hal::arch::x86::mem::mmu::page_table::PageTable<T>) -> impl core::iter::Iterator<Item = (usize, arch::mem::paging::PageTableEntry)> + '_
            where
            T: core::ops::Deref<Target = [u32]> + core::ops::DerefMut,;

error: `arch::x86::mem::constants::PAGE_SIZE` is not supported (note: you may be able to add a Verus specification to this function with `assume_specification`)
    --> src/kernel/src/mm/virt/vmem.rs:841:45
     |
 841 |                         pte_idx.checked_mul(mem::PAGE_SIZE).ok_or_else(|| {
     |                                             ^^^^^^^^^^^^^^
...
1018 |         super::memcpy(usize_to_mut_ptr(dst_paddr), usize_to_const_ptr(src_paddr), mem::PAGE_SIZE)?;
     |                                                                                   --------------
...
1084 |             page = page.checked_add(mem::PAGE_SIZE).ok_or_else(|| {
     |                                     --------------
...
1190 |                 let copy_size: usize = usize::min(size, mem::PAGE_SIZE - offset);
     |                                                         --------------
...
1322 |             let copy_size: usize = usize::min(mem::PAGE_SIZE - offset, size);
     |                                               --------------
...
1493 |                 let src_avail: usize = mem::PAGE_SIZE - src_offset;
     |                                        --------------
...
1499 |                 let dst_avail: usize = mem::PAGE_SIZE - dst_offset;
     |                                        --------------
...
1560 |         super::memset(base, value as u8, mem::PAGE_SIZE)?;
     |                                          --------------

error: cannot use function `kernel::hal::mem::types::address::aligned::page::PageAligned::from_raw_value` which is ignored because it is either declared outside the verus! macro or it is marked as `external`.
    --> src/kernel/src/mm/virt/vmem.rs:848:58
     |
 848 |                 let vaddr: PageAligned<VirtualAddress> = PageAligned::from_raw_value(raw_vaddr)?;
     |                                                          ^^^^^^^^^^^^^^^^^^^^^^^^^^^^^^^^^^^^^^
...
1074 |             let vaddr: PageAligned<VirtualAddress> = PageAligned::from_raw_value(page)?;
     |                                                      ---------------------------------
...
1793 |                         FrameAddress::new(PageAligned::from_raw_value(vaddr.into_raw_value())?);
     |                                           ---------------------------------------------------
     |
     = help: The following declaration may resolve this error:
             pub assume_specification<T> [<crate::hal::mem::types::address::aligned::page::PageAligned<T> as sys::mm::Address>::crate::from_raw_value] (_0: usize) -> core::result::Result<hal::mem::types::address::aligned::page::PageAligned<T>, sys::error::Error>
             where
             T: sys::mm::Address,;

error: cannot use function `kernel::hal::arch::x86::mem::mmu::page_table::PageTable::mark_cow` which is ignored because it is either declared outside the verus! macro or it is marked as `external`.
   --> src/kernel/src/mm/virt/vmem.rs:885:9
    |
885 |         page_table.mark_cow(PageAddress::new(vaddr))
    |         ^^^^^^^^^^^^^^^^^^^^^^^^^^^^^^^^^^^^^^^^^^^^
    |
    = help: The following declaration may resolve this error:
            pub assume_specification<T> [crate::hal::arch::x86::mem::mmu::page_table::PageTable::<T>::mark_cow] (_0: &crate::hal::arch::x86::mem::mmu::page_table::PageTable<T>, _1: crate::hal::mem::types::address::page::PageAddress) -> core::result::Result<(), sys::error::Error>
            where
            T: core::ops::Deref<Target = [u32]> + core::ops::DerefMut,;

error: cannot use function `kernel::hal::arch::x86::mem::mmu::page_table::PageTable::unmark_cow` which is ignored because it is either declared outside the verus! macro or it is marked as `external`.
   --> src/kernel/src/mm/virt/vmem.rs:918:9
    |
918 |         page_table.unmark_cow(PageAddress::new(vaddr))
    |         ^^^^^^^^^^^^^^^^^^^^^^^^^^^^^^^^^^^^^^^^^^^^^^
    |
    = help: The following declaration may resolve this error:
            pub assume_specification<T> [crate::hal::arch::x86::mem::mmu::page_table::PageTable::<T>::unmark_cow] (_0: &crate::hal::arch::x86::mem::mmu::page_table::PageTable<T>, _1: crate::hal::mem::types::address::page::PageAddress) -> core::result::Result<(), sys::error::Error>
            where
            T: core::ops::Deref<Target = [u32]> + core::ops::DerefMut,;

error: `arch::x86::mem::paging::pte::impl&%1::is_cow` is not supported (note: you may be able to add a Verus specification to this function with `assume_specification`)
   --> src/kernel/src/mm/virt/vmem.rs:991:13
    |
991 |         if !pte.is_cow() {
    |             ^^^^^^^^^^^^
    |
    = help: The following declaration may resolve this error:
            pub assume_specification [arch::mem::paging::PageTableEntry::is_cow] (_0: &arch::mem::paging::PageTableEntry) -> bool;

error: cannot use function `kernel::hal::mem::types::address::frame::FrameAddress::from_frame_number` which is ignored because it is either declared outside the verus! macro or it is marked as `external`.
    --> src/kernel/src/mm/virt/vmem.rs:1001:39
     |
1001 |         let src_frame: FrameAddress = FrameAddress::from_frame_number(pte.frame_number())?;
     |                                       ^^^^^^^^^^^^^^^^^^^^^^^^^^^^^^^^^^^^^^^^^^^^^^^^^^^
     |
     = help: The following declaration may resolve this error:
             pub assume_specification [crate::hal::mem::types::address::frame::FrameAddress::from_frame_number] (_0: arch::mem::paging::FrameNumber) -> core::result::Result<hal::mem::types::address::frame::FrameAddress, sys::error::Error>;

error: `arch::x86::mem::paging::pte::impl&%1::frame_number` is not supported (note: you may be able to add a Verus specification to this function with `assume_specification`)
    --> src/kernel/src/mm/virt/vmem.rs:1001:71
     |
1001 |         let src_frame: FrameAddress = FrameAddress::from_frame_number(pte.frame_number())?;
     |                                                                       ^^^^^^^^^^^^^^^^^^
     |
     = help: The following declaration may resolve this error:
             pub assume_specification [arch::mem::paging::PageTableEntry::frame_number] (_0: &arch::mem::paging::PageTableEntry) -> arch::mem::paging::FrameNumber;

error: `arch::x86::mem::paging::frame::number::FrameNumber` is not supported (note: you may be able to add a Verus specification to this type with the `external_type_specification` attribute)
    --> src/kernel/src/mm/virt/vmem.rs:1001:71
     |
1001 |         let src_frame: FrameAddress = FrameAddress::from_frame_number(pte.frame_number())?;
     |                                                                       ^^^^^^^^^^^^^^^^^^

error: cannot use function `kernel::mm::phys::upool::UserFrame::new` which is ignored because it is either declared outside the verus! macro or it is marked as `external`.
    --> src/kernel/src/mm/virt/vmem.rs:1004:64
     |
1004 |         let probe: ManuallyDrop<UserFrame> = ManuallyDrop::new(UserFrame::new(src_frame));
     |                                                                ^^^^^^^^^^^^^^^^^^^^^^^^^
...
1030 |         drop(UserFrame::new(old_frame));
     |              -------------------------
...
1661 |         Ok(Some(UserFrame::new(frame_address)))
     |                 -----------------------------
     |
     = help: The following declaration may resolve this error:
             pub assume_specification [crate::mm::phys::upool::UserFrame::new] (_0: crate::hal::mem::types::address::frame::FrameAddress) -> crate::mm::phys::upool::UserFrame;

error: cannot use function `kernel::mm::phys::upool::UserFrame::refcount` which is ignored because it is either declared outside the verus! macro or it is marked as `external`.
    --> src/kernel/src/mm/virt/vmem.rs:1005:12
     |
1005 |         if probe.refcount()? == 1 {
     |            ^^^^^^^^^^^^^^^^
     |
     = help: The following declaration may resolve this error:
             pub assume_specification [crate::mm::phys::upool::UserFrame::refcount] (_0: &crate::mm::phys::upool::UserFrame) -> core::result::Result<u8, sys::error::Error>;

error: cannot use function `kernel::mm::phys::manager::PhysMemoryManager::alloc_user_frame` which is ignored because it is either declared outside the verus! macro or it is marked as `external`.
    --> src/kernel/src/mm/virt/vmem.rs:1014:36
     |
1014 |         let new_frame: UserFrame = unsafe { PhysMemoryManager::get_mut() }.alloc_user_frame()?;
     |                                    ^^^^^^^^^^^^^^^^^^^^^^^^^^^^^^^^^^^^^^^^^^^^^^^^^^^^^^^^^^
     |
     = help: The following declaration may resolve this error:
             pub assume_specification [crate::mm::phys::manager::PhysMemoryManager::alloc_user_frame] (_0: &crate::mm::phys::manager::PhysMemoryManager) -> core::result::Result<mm::phys::upool::UserFrame, sys::error::Error>;

error: cannot use function `kernel::mm::phys::manager::PhysMemoryManager::get_mut` which is ignored because it is either declared outside the verus! macro or it is marked as `external`.
    --> src/kernel/src/mm/virt/vmem.rs:1014:45
     |
1014 |         let new_frame: UserFrame = unsafe { PhysMemoryManager::get_mut() }.alloc_user_frame()?;
     |                                             ^^^^^^^^^^^^^^^^^^^^^^^^^^^^
     |
     = help: The following declaration may resolve this error:
             pub assume_specification<'a> [crate::mm::phys::manager::PhysMemoryManager::get_mut] () -> &'a crate::mm::phys::manager::PhysMemoryManager;

error: `arch::x86::mem::paging::pte::impl&%1::frame_address` is not supported (note: you may be able to add a Verus specification to this function with `assume_specification`)
    --> src/kernel/src/mm/virt/vmem.rs:1016:32
     |
1016 |         let src_paddr: usize = pte.frame_address();
     |                                ^^^^^^^^^^^^^^^^^^^
     |
     = help: The following declaration may resolve this error:
             pub assume_specification [arch::mem::paging::PageTableEntry::frame_address] (_0: &arch::mem::paging::PageTableEntry) -> usize;

error: cannot use function `kernel::mm::virt::identity_map::memcpy` which is ignored because it is either declared outside the verus! macro or it is marked as `external`.
    --> src/kernel/src/mm/virt/vmem.rs:1018:9
     |
1018 |           super::memcpy(usize_to_mut_ptr(dst_paddr), usize_to_const_ptr(src_paddr), mem::PAGE_SIZE)?;
     |           ^^^^^^^^^^^^^^^^^^^^^^^^^^^^^^^^^^^^^^^^^^^^^^^^^^^^^^^^^^^^^^^^^^^^^^^^^^^^^^^^^^^^^^^^^
...
1197 | /                     super::memcpy(
1198 | |                         usize_to_mut_ptr(dst_gpa),
1199 | |                         usize_to_const_ptr(src_frame.into_raw_value() + offset),
1200 | |                         copy_size,
1201 | |                     )?;
     | |_____________________-
...
1371 |                   let copy_result: Result<(), Error> = super::memcpy(dst, src, copy_size);
     |                                                        ----------------------------------
...
1512 | /                     super::memcpy(
1513 | |                         usize_to_mut_ptr(dst_phys_addr),
1514 | |                         usize_to_const_ptr(src_phys_addr),
1515 | |                         copy_size,
1516 | |                     )?;
     | |_____________________-
     |
     = help: The following declaration may resolve this error:
             assume_specification [crate::mm::virt::identity_map::memcpy] (_0: *mut u8, _1: *const u8, _2: usize) -> core::result::Result<(), sys::error::Error>;

error: `type_safe::utils::usize_to_mut_ptr` is not supported (note: you may be able to add a Verus specification to this function with `assume_specification`)
    --> src/kernel/src/mm/virt/vmem.rs:1018:23
     |
1018 |         super::memcpy(usize_to_mut_ptr(dst_paddr), usize_to_const_ptr(src_paddr), mem::PAGE_SIZE)?;
     |                       ^^^^^^^^^^^^^^^^^^^^^^^^^^^
...
1198 |                         usize_to_mut_ptr(dst_gpa),
     |                         -------------------------
...
1368 |                 let dst: *mut u8 = usize_to_mut_ptr(dst_frame.into_raw_value() + offset);
     |                                    -----------------------------------------------------
...
1513 |                         usize_to_mut_ptr(dst_phys_addr),
     |                         -------------------------------
...
1558 |         let base: *mut u8 = usize_to_mut_ptr(dst.into_raw_value());
     |                             --------------------------------------
     |
     = help: The following declaration may resolve this error:
             pub assume_specification [type_safe::usize_to_mut_ptr] (_0: usize) -> *mut u8;

error: `type_safe::utils::usize_to_const_ptr` is not supported (note: you may be able to add a Verus specification to this function with `assume_specification`)
    --> src/kernel/src/mm/virt/vmem.rs:1018:52
     |
1018 |         super::memcpy(usize_to_mut_ptr(dst_paddr), usize_to_const_ptr(src_paddr), mem::PAGE_SIZE)?;
     |                                                    ^^^^^^^^^^^^^^^^^^^^^^^^^^^^^
...
1199 |                         usize_to_const_ptr(src_frame.into_raw_value() + offset),
     |                         -------------------------------------------------------
...
1370 |                 let src: *const u8 = usize_to_const_ptr(src_gpa);
     |                                      ---------------------------
...
1514 |                         usize_to_const_ptr(src_phys_addr),
     |                         ---------------------------------
     |
     = help: The following declaration may resolve this error:
             pub assume_specification [type_safe::usize_to_const_ptr] (_0: usize) -> *const u8;

error: `core::mem::drop` is not supported (note: you may be able to add a Verus specification to this function with `assume_specification`) (note: the vstd library provides some specification for the Rust std library, but it is currently limited)
    --> src/kernel/src/mm/virt/vmem.rs:1030:9
     |
1030 |         drop(UserFrame::new(old_frame));
     |         ^^^^^^^^^^^^^^^^^^^^^^^^^^^^^^^
     |
     = help: The following declaration may resolve this error:
             pub assume_specification<T> [core::mem::drop] (_0: T)
             where
             T: core::marker::Destruct,;

error: `sys::sys::mm::address::virt::impl&%1::into_raw_value` is not supported (note: you may be able to add a Verus specification to this function with `assume_specification`)
    --> src/kernel/src/mm/virt/vmem.rs:1063:50
     |
1063 |         let start: usize = ::sys::mm::align_down(addr.into_raw_value(), PAGE_ALIGNMENT);
     |                                                  ^^^^^^^^^^^^^^^^^^^^^
1064 |         let end_inclusive: usize =
1065 |             addr.into_raw_value().checked_add(size - 1).ok_or_else(|| {
     |             ---------------------
...
1114 |         let offset: usize = vaddr.into_raw_value() - page_aligned.into_raw_value();
     |                             ----------------------
...
1189 |                 let offset: usize = src.into_raw_value() - vaddr.into_raw_value();
     |                                     --------------------
...
1196 |                     let dst_gpa: usize = crate::hal::platform::virt_to_phys(dst.into_raw_value());
     |                                                                             --------------------
...
1205 |                 src = VirtualAddress::new(src.into_raw_value() + copy_size);
     |                                           --------------------
1206 |                 dst = VirtualAddress::new(dst.into_raw_value() + copy_size);
     |                                           --------------------
...
1321 |             let offset: usize = dst.into_raw_value() - vaddr.into_raw_value();
     |                                 --------------------
...
1324 |             let src_phys_addr_raw: usize = src.into_raw_value();
     |                                            --------------------
...
1369 |                 let src_gpa: usize = crate::hal::platform::virt_to_phys(src.into_raw_value());
     |                                                                         --------------------
...
1382 |             dst = VirtualAddress::new(dst.into_raw_value() + copy_size);
     |                                       --------------------
1383 |             src = VirtualAddress::new(src.into_raw_value() + copy_size);
     |                                       --------------------
...
1492 |                 let src_offset: usize = cur_src.into_raw_value() - src_page.into_raw_value();
     |                                         ------------------------
...
1498 |                 let dst_offset: usize = cur_dst.into_raw_value() - dst_page.into_raw_value();
     |                                         ------------------------
...
1520 |                 cur_src = VirtualAddress::new(cur_src.into_raw_value() + copy_size);
     |                                               ------------------------
1521 |                 cur_dst = VirtualAddress::new(cur_dst.into_raw_value() + copy_size);
     |                                               ------------------------
     |
     = help: The following declaration may resolve this error:
             pub assume_specification [<sys::mm::VirtualAddress as sys::mm::Address>::into_raw_value] (_0: sys::mm::VirtualAddress) -> usize;

error: `arch::x86::mem::constants::PAGE_ALIGNMENT` is not supported (note: you may be able to add a Verus specification to this function with `assume_specification`)
    --> src/kernel/src/mm/virt/vmem.rs:1063:73
     |
1063 |         let start: usize = ::sys::mm::align_down(addr.into_raw_value(), PAGE_ALIGNMENT);
     |                                                                         ^^^^^^^^^^^^^^
...
1070 |         let last_page: usize = ::sys::mm::align_down(end_inclusive, PAGE_ALIGNMENT);
     |                                                                     --------------
...
1113 |             PageAligned::from_address(vaddr.align_down(PAGE_ALIGNMENT))?;
     |                                                        --------------
...
1188 |                     PageAligned::from_address(src.align_down(PAGE_ALIGNMENT))?;
     |                                                              --------------
...
1307 |                 match PageAligned::from_address(dst.align_down(PAGE_ALIGNMENT)) {
     |                                                                --------------
...
1491 |                     PageAligned::from_address(cur_src.align_down(PAGE_ALIGNMENT))?;
     |                                                                  --------------
...
1497 |                     PageAligned::from_address(cur_dst.align_down(PAGE_ALIGNMENT))?;
     |                                                                  --------------

error: cannot use function `kernel::hal::mem::types::address::aligned::page::PageAligned::from_address` which is ignored because it is either declared outside the verus! macro or it is marked as `external`.
    --> src/kernel/src/mm/virt/vmem.rs:1113:13
     |
1113 |             PageAligned::from_address(vaddr.align_down(PAGE_ALIGNMENT))?;
     |             ^^^^^^^^^^^^^^^^^^^^^^^^^^^^^^^^^^^^^^^^^^^^^^^^^^^^^^^^^^^
...
1188 |                     PageAligned::from_address(src.align_down(PAGE_ALIGNMENT))?;
     |                     ---------------------------------------------------------
...
1307 |                 match PageAligned::from_address(dst.align_down(PAGE_ALIGNMENT)) {
     |                       ---------------------------------------------------------
...
1491 |                     PageAligned::from_address(cur_src.align_down(PAGE_ALIGNMENT))?;
     |                     -------------------------------------------------------------
...
1497 |                     PageAligned::from_address(cur_dst.align_down(PAGE_ALIGNMENT))?;
     |                     -------------------------------------------------------------
     |
     = help: The following declaration may resolve this error:
             pub assume_specification<T> [crate::hal::mem::types::address::aligned::page::PageAligned::<T>::from_address] (_0: T) -> core::result::Result<hal::mem::types::address::aligned::page::PageAligned<T>, sys::error::Error>
             where
             T: sys::mm::Address,;

error: `sys::sys::mm::address::virt::impl&%0::align_down` is not supported (note: you may be able to add a Verus specification to this function with `assume_specification`)
    --> src/kernel/src/mm/virt/vmem.rs:1113:39
     |
1113 |             PageAligned::from_address(vaddr.align_down(PAGE_ALIGNMENT))?;
     |                                       ^^^^^^^^^^^^^^^^^^^^^^^^^^^^^^^^
...
1188 |                     PageAligned::from_address(src.align_down(PAGE_ALIGNMENT))?;
     |                                               ------------------------------
...
1307 |                 match PageAligned::from_address(dst.align_down(PAGE_ALIGNMENT)) {
     |                                                 ------------------------------
...
1491 |                     PageAligned::from_address(cur_src.align_down(PAGE_ALIGNMENT))?;
     |                                               ----------------------------------
...
1497 |                     PageAligned::from_address(cur_dst.align_down(PAGE_ALIGNMENT))?;
     |                                               ----------------------------------
     |
     = help: The following declaration may resolve this error:
             pub assume_specification [sys::mm::VirtualAddress::align_down] (_0: &sys::mm::VirtualAddress, _1: sys::mm::Alignment) -> sys::mm::VirtualAddress;

error: cannot use function `kernel::hal::platform::microvm::virt_to_phys` which is ignored because it is either declared outside the verus! macro or it is marked as `external`.
    --> src/kernel/src/mm/virt/vmem.rs:1196:42
     |
1196 |                     let dst_gpa: usize = crate::hal::platform::virt_to_phys(dst.into_raw_value());
     |                                          ^^^^^^^^^^^^^^^^^^^^^^^^^^^^^^^^^^^^^^^^^^^^^^^^^^^^^^^^
...
1369 |                 let src_gpa: usize = crate::hal::platform::virt_to_phys(src.into_raw_value());
     |                                      --------------------------------------------------------
     |
     = help: The following declaration may resolve this error:
             pub assume_specification [crate::hal::platform::microvm::virt_to_phys] (_0: usize) -> usize;

error: `sys::sys::mm::address::virt::impl&%0::new` is not supported (note: you may be able to add a Verus specification to this function with `assume_specification`)
    --> src/kernel/src/mm/virt/vmem.rs:1205:23
     |
1205 |                 src = VirtualAddress::new(src.into_raw_value() + copy_size);
     |                       ^^^^^^^^^^^^^^^^^^^^^^^^^^^^^^^^^^^^^^^^^^^^^^^^^^^^^
1206 |                 dst = VirtualAddress::new(dst.into_raw_value() + copy_size);
     |                       -----------------------------------------------------
...
1382 |             dst = VirtualAddress::new(dst.into_raw_value() + copy_size);
     |                   -----------------------------------------------------
1383 |             src = VirtualAddress::new(src.into_raw_value() + copy_size);
     |                   -----------------------------------------------------
...
1520 |                 cur_src = VirtualAddress::new(cur_src.into_raw_value() + copy_size);
     |                           ---------------------------------------------------------
1521 |                 cur_dst = VirtualAddress::new(cur_dst.into_raw_value() + copy_size);
     |                           ---------------------------------------------------------
     |
     = help: The following declaration may resolve this error:
             pub assume_specification [sys::mm::VirtualAddress::new] (_0: usize) -> sys::mm::VirtualAddress;

error: cannot use function `kernel::hal::mem::types::address::frame::FrameAddress::into_physical_address` which is ignored because it is either declared outside the verus! macro or it is marked as `external`.
    --> src/kernel/src/mm/virt/vmem.rs:1557:49
     |
1557 |         let dst: PageAligned<PhysicalAddress> = uframe.into_physical_address();
     |                                                 ^^^^^^^^^^^^^^^^^^^^^^^^^^^^^^
     |
     = help: The following declaration may resolve this error:
             pub assume_specification [crate::hal::mem::types::address::frame::FrameAddress::into_physical_address] (_0: crate::hal::mem::types::address::frame::FrameAddress) -> crate::hal::mem::types::address::aligned::page::PageAligned<hal::mem::types::address::phys::PhysicalAddress>;

error: cannot use function `kernel::mm::virt::identity_map::memset` which is ignored because it is either declared outside the verus! macro or it is marked as `external`.
    --> src/kernel/src/mm/virt/vmem.rs:1560:9
     |
1560 |         super::memset(base, value as u8, mem::PAGE_SIZE)?;
     |         ^^^^^^^^^^^^^^^^^^^^^^^^^^^^^^^^^^^^^^^^^^^^^^^^
     |
     = help: The following declaration may resolve this error:
             assume_specification [crate::mm::virt::identity_map::memset] (_0: *mut u8, _1: u8, _2: usize) -> core::result::Result<(), sys::error::Error>;

error: cannot use function `kernel::hal::arch::x86::mem::mmu::page_table::PageTable::unmap` which is ignored because it is either declared outside the verus! macro or it is marked as `external`.
    --> src/kernel/src/mm/virt/vmem.rs:1639:13
     |
1639 |             page_table.unmap(page_address)?;
     |             ^^^^^^^^^^^^^^^^^^^^^^^^^^^^^^
     |
     = help: The following declaration may resolve this error:
             pub assume_specification<T> [crate::hal::arch::x86::mem::mmu::page_table::PageTable::<T>::unmap] (_0: &crate::hal::arch::x86::mem::mmu::page_table::PageTable<T>, _1: crate::hal::mem::types::address::page::PageAddress) -> core::result::Result<hal::mem::types::address::frame::FrameAddress, sys::error::Error>
             where
             T: core::ops::Deref<Target = [u32]> + core::ops::DerefMut,;

error: cannot use function `kernel::hal::arch::x86::mem::mmu::page_table::PageTable::nmapped` which is ignored because it is either declared outside the verus! macro or it is marked as `external`.
    --> src/kernel/src/mm/virt/vmem.rs:1641:29
     |
1641 |             (pgtable_vaddr, page_table.nmapped() == 0)
     |                             ^^^^^^^^^^^^^^^^^^^^
     |
     = help: The following declaration may resolve this error:
             pub assume_specification<T> [crate::hal::arch::x86::mem::mmu::page_table::PageTable::<T>::nmapped] (_0: &crate::hal::arch::x86::mem::mmu::page_table::PageTable<T>) -> usize
             where
             T: core::ops::Deref<Target = [u32]> + core::ops::DerefMut,;

error: `alloc::collections::linked_list::impl&%10%default%position` is not supported (note: you may be able to add a Verus specification to this function with `assume_specification`) (note: the vstd library provides some specification for the Rust std library, but it is currently limited)
    --> src/kernel/src/mm/virt/vmem.rs:1650:22
     |
1650 |               let at = self
     |  ______________________^
1651 | |                 .user_page_tables
1652 | |                 .iter()
1653 | |                 .position(|entry| entry.0 == pgtable_vaddr)
     | |___________________________________________________________^

error: cannot use function `kernel::hal::mem::types::address::page::PageTableAddress::eq` which is ignored because it is either declared outside the verus! macro or it is marked as `external`.
    --> src/kernel/src/mm/virt/vmem.rs:1653:35
     |
1653 |                 .position(|entry| entry.0 == pgtable_vaddr)
     |                                   ^^^^^^^^^^^^^^^^^^^^^^^^
     |
     = help: The following declaration may resolve this error:
             pub assume_specification [<crate::hal::mem::types::address::page::PageTableAddress as core::cmp::PartialEq>::crate::eq] (_0: &crate::hal::mem::types::address::page::PageTableAddress, _1: &crate::hal::mem::types::address::page::PageTableAddress) -> bool;

error: `alloc::collections::linked_list::impl&%8::remove` is not supported (note: you may be able to add a Verus specification to this function with `assume_specification`) (note: the vstd library provides some specification for the Rust std library, but it is currently limited)
    --> src/kernel/src/mm/virt/vmem.rs:1656:48
     |
1656 |             let (_pgtable_addr, _page_table) = self.user_page_tables.remove(at);
     |                                                ^^^^^^^^^^^^^^^^^^^^^^^^^^^^^^^^
     |
     = help: The following declaration may resolve this error:
             pub assume_specification<T, A> [alloc::collections::LinkedList::<T, A>::remove] (_0: &alloc::collections::LinkedList<T, A>, _1: usize) -> T
             where
             A: core::alloc::Allocator,;

error: cannot use function `kernel::hal::arch::x86::mem::mmu::page_directory::PageDirectory::unmap` which is ignored because it is either declared outside the verus! macro or it is marked as `external`.
    --> src/kernel/src/mm/virt/vmem.rs:1658:13
     |
1658 |             self.pgdir.unmap(pgtable_vaddr)?;
     |             ^^^^^^^^^^^^^^^^^^^^^^^^^^^^^^^
     |
     = help: The following declaration may resolve this error:
             pub assume_specification<T> [crate::hal::arch::x86::mem::mmu::page_directory::PageDirectory::<T>::unmap] (_0: &crate::hal::arch::x86::mem::mmu::page_directory::PageDirectory<T>, _1: crate::hal::mem::types::address::page::PageTableAddress) -> core::result::Result<hal::mem::types::address::frame::FrameAddress, sys::error::Error>
             where
             T: core::ops::Deref<Target = [u32]> + core::ops::DerefMut,;

error: cannot use function `kernel::hal::arch::x86::mem::mmu::page_table::PageTable::ctrl` which is ignored because it is either declared outside the verus! macro or it is marked as `external`.
    --> src/kernel/src/mm/virt/vmem.rs:1706:9
     |
1706 |         page_table.ctrl(false, page_address, access)?;
     |         ^^^^^^^^^^^^^^^^^^^^^^^^^^^^^^^^^^^^^^^^^^^^
...
1804 |                     pt_mut.1.ctrl(false, page_address, access)?;
     |                     ------------------------------------------
     |
     = help: The following declaration may resolve this error:
             pub assume_specification<T> [crate::hal::arch::x86::mem::mmu::page_table::PageTable::<T>::ctrl] (_0: &crate::hal::arch::x86::mem::mmu::page_table::PageTable<T>, _1: bool, _2: crate::hal::mem::types::address::page::PageAddress, _3: sys::mm::AccessPermission) -> core::result::Result<(), sys::error::Error>
             where
             T: core::ops::Deref<Target = [u32]> + core::ops::DerefMut,;

error: `core::cell::impl&%54::deref` is not supported (note: you may be able to add a Verus specification to this function with `assume_specification`) (note: the vstd library provides some specification for the Rust std library, but it is currently limited)
    --> src/kernel/src/mm/virt/vmem.rs:1790:19
     |
1790 |             match pt_mut.1.is_page_present(page_address) {
     |                   ^^^^^^
     |
     = help: The following declaration may resolve this error:
             pub assume_specification<'a, T> [<core::cell::RefMut<'a, T> as core::ops::Deref>::deref] (_0: &core::cell::RefMut<'a, T>) -> &T
             where
             T: core::marker::MetaSized + ?Sized,;

error: cannot use function `kernel::hal::mem::types::address::frame::FrameAddress::new` which is ignored because it is either declared outside the verus! macro or it is marked as `external`.
    --> src/kernel/src/mm/virt/vmem.rs:1793:25
     |
1793 |                         FrameAddress::new(PageAligned::from_raw_value(vaddr.into_raw_value())?);
     |                         ^^^^^^^^^^^^^^^^^^^^^^^^^^^^^^^^^^^^^^^^^^^^^^^^^^^^^^^^^^^^^^^^^^^^^^^
     |
     = help: The following declaration may resolve this error:
             pub assume_specification [crate::hal::mem::types::address::frame::FrameAddress::new] (_0: crate::hal::mem::types::address::aligned::page::PageAligned<hal::mem::types::address::phys::PhysicalAddress>) -> crate::hal::mem::types::address::frame::FrameAddress;

error: `config::kernel::MEMORY_SIZE` is not supported (note: you may be able to add a Verus specification to this function with `assume_specification`)
   --> src/kernel/src/mm/virt/vmem.spec.rs:157:5
    |
157 |     ::config::kernel::MEMORY_SIZE as nat
    |     ^^^^^^^^^^^^^^^^^^^^^^^^^^^^^

error: could not compile `kernel` (bin "kernel") due to 95 previous errors
