Timestamp: 2026-06-15_18-15-00
Mode: cargo
Crate: kernel
Directory: N/A
Module: mm::virt::vmem
Exit code: 101
0 verified
compilation/setup error (verus did not run)

Cheating patterns:
  assume=0
  external_body=12
  admit=2
  trusted=0
  no_decreases=0
  cfg_gate=23

--- Full output ---
    Checking kernel v0.16.48 (/home/ruize/nanvix-virt/src/kernel)
error: `alloc::collections::linked_list::LinkedList` is not supported (note: you may be able to add a Verus specification to this type with the `external_type_specification` attribute) (note: the vstd library provides some specification for the Rust std library, but it is currently limited)
    --> src/kernel/src/mm/virt/vmem.rs:125:9
     |
  96 | / pub struct Vmem {
  97 | |     /// Underlying page directory.
  98 | |     pgdir: PageDirectory<PageDirectoryStorage>,
  99 | |     /// List of kernel page tables.
...    |
 108 | |     vmem_view: Ghost<VmemView>,
 109 | | }
     | |_-
...
 125 |           mut kernel_pages: LinkedList<KernelPage>,
     |           ^^^^^^^^^^^^^^^^^^^^^^^^^^^^^^^^^^^^^^^^
 126 |           mut kernel_page_tables: LinkedList<(PageTableAddress, PageTable<PageTableStorage>)>,
     |           -----------------------------------------------------------------------------------
...
 145 |           let mut kpage_tables: LinkedList<
     |               ----------------
 146 |               Rc<RefCell<(PageTableAddress, PageTable<PageTableStorage>)>>,
 147 |           > = LinkedList::new();
     |               -----------------
 148 |           while let Some((vaddr, page_table)) = kernel_page_tables.pop_front() {
     |                                                 ------------------
...
 152 |               kpage_tables.push_back(Rc::new(RefCell::new((vaddr, page_table))));
     |               ------------
...
 184 |           let mut kpages: LinkedList<Rc<RefCell<KernelPage>>> = LinkedList::new();
     |               ----------                                        -----------------
 185 |           while let Some(entry) = kernel_pages.pop_front() {
     |                                   ------------
 186 |               kpages.push_back(Rc::new(RefCell::new(entry)));
     |               ------
...
 192 |               kernel_page_tables: kpage_tables,
     |                                   ------------
 193 |               kernel_pages: kpages,
     |                             ------
 194 |               user_page_tables: LinkedList::new(),
     |                                 -----------------
...
 218 |           let mut kernel_page_tables: LinkedList<
     |               ----------------------
 219 |               Rc<RefCell<(PageTableAddress, PageTable<PageTableStorage>)>>,
 220 |           > = LinkedList::new();
     |               -----------------
 221 |           let mut kernel_page_table_iter = from.kernel_page_tables.iter();
     |                                            -----------------------
...
 230 |               kernel_page_tables.push_back(entry.clone());
     |               ------------------
...
 234 |           let mut kernel_pages: LinkedList<Rc<RefCell<KernelPage>>> = LinkedList::new();
     |               ----------------                                        -----------------
 235 |           let mut kernel_page_iter = from.kernel_pages.iter();
     |                                      -----------------
...
 241 |               kernel_pages.push_back(entry.clone());
     |               ------------
...
 256 |               kernel_page_tables,
     |               ------------------
 257 |               kernel_pages,
     |               ------------
 258 |               user_page_tables: LinkedList::new(),
     |                                 -----------------
...
 324 |               self.kernel_page_tables
     |               -----------------------
...
 329 |           let mut kernel_page_table_iter = self.kernel_page_tables.iter_mut();
     |                                            -----------------------
...
 348 |                   self.kernel_pages.push_back(Rc::new(RefCell::new(kpage)));
     |                   -----------------
...
 449 |                   self.user_page_tables
     |                   ---------------------
...
 747 |           let mut user_page_table_iter = self.user_page_tables.iter();
     |                                          ---------------------
...
 790 |           let mut user_page_table_iter = self.user_page_tables.iter();
     |                                          ---------------------
...
 826 |           let mut user_page_table_iter = self.user_page_tables.iter();
     |                                          ---------------------
...
1650 |               let at = self
     |  ______________________-
     | |______________________|
1651 | |                 .user_page_tables
     | |_________________________________-
     | |_________________________________|
     |
...
1656 | |             let (_pgtable_addr, _page_table) = self.user_page_tables.remove(at);
     | |                                                ---------------------
     |
     = help: The following declaration may resolve this error:
             #[verifier::reject_recursive_types(A)]
             #[verifier::reject_recursive_types(T)]
             #[verifier::external_type_specification]
             pub struct ExLinkedList<T, A>(alloc::collections::LinkedList<T, A>)
             where
             A: core::alloc::Allocator,;

error: cannot use type `kernel::mm::virt::kpage::KernelPage` which is ignored because it is either declared outside the verus! macro or it is marked as `external`.
   --> src/kernel/src/mm/virt/vmem.rs:125:9
    |
 96 | / pub struct Vmem {
 97 | |     /// Underlying page directory.
 98 | |     pgdir: PageDirectory<PageDirectoryStorage>,
 99 | |     /// List of kernel page tables.
...   |
108 | |     vmem_view: Ghost<VmemView>,
109 | | }
    | |_-
...
125 |           mut kernel_pages: LinkedList<KernelPage>,
    |           ^^^^^^^^^^^^^^^^^^^^^^^^^^^^^^^^^^^^^^^^
...
184 |           let mut kpages: LinkedList<Rc<RefCell<KernelPage>>> = LinkedList::new();
    |               ----------                                        -----------------
185 |           while let Some(entry) = kernel_pages.pop_front() {
    |                 ------------------------------------------
186 |               kpages.push_back(Rc::new(RefCell::new(entry)));
    |               ----------------------------------------------
...
193 |               kernel_pages: kpages,
    |                             ------
...
212 |       pub fn clone(from: &Vmem, pgdir_page: KernelPage) -> Result<Vmem, Error> {
    |                                 ----------------------
...
215 |               PageDirectory::new(PageDirectoryStorage::KernelPage(pgdir_page));
    |                                                                   ----------
...
234 |           let mut kernel_pages: LinkedList<Rc<RefCell<KernelPage>>> = LinkedList::new();
    |               ----------------                                        -----------------
235 |           let mut kernel_page_iter = from.kernel_pages.iter();
    |               --------------------   ------------------------
236 |           loop {
237 |               let entry = match kernel_page_iter.next() {
    |  _________________-----___-     -----------------------
    |  _________________________|
    | |
238 | |                 Some(entry) => entry,
    | |                 -----------    -----
239 | |                 None => break,
    | |                 ----    -----
240 | |             };
    | |_____________-
    | |_____________|
    |
241 | |             kernel_pages.push_back(entry.clone());
    | |             -------------------------------------
...   |
257 | |             kernel_pages,
    | |             ------------
...   |
290 | |         kpage: KernelPage,
    | |         -----------------
...   |
340 | |                     kpage.frame_address(),
    | |                     -----
...   |
348 | |                 self.kernel_pages.push_back(Rc::new(RefCell::new(kpage)));
    | |                 ---------------------------------------------------------
    |
    = help: The following declaration may resolve this error:
            #[verifier::external_type_specification]
            pub struct ExKernelPage(crate::mm::virt::kpage::KernelPage);

error: cannot use type `kernel::hal::mem::types::address::page::PageTableAddress` which is ignored because it is either declared outside the verus! macro or it is marked as `external`.
    --> src/kernel/src/mm/virt/vmem.rs:126:9
     |
  96 | / pub struct Vmem {
  97 | |     /// Underlying page directory.
  98 | |     pgdir: PageDirectory<PageDirectoryStorage>,
  99 | |     /// List of kernel page tables.
...    |
 108 | |     vmem_view: Ghost<VmemView>,
 109 | | }
     | |_-
...
 126 |           mut kernel_page_tables: LinkedList<(PageTableAddress, PageTable<PageTableStorage>)>,
     |           ^^^^^^^^^^^^^^^^^^^^^^^^^^^^^^^^^^^^^^^^^^^^^^^^^^^^^^^^^^^^^^^^^^^^^^^^^^^^^^^^^^^
...
 145 |           let mut kpage_tables: LinkedList<
     |               ----------------
 146 |               Rc<RefCell<(PageTableAddress, PageTable<PageTableStorage>)>>,
 147 |           > = LinkedList::new();
     |               -----------------
 148 |           while let Some((vaddr, page_table)) = kernel_page_tables.pop_front() {
     |                 --------------------------------------------------------------
...
 151 |               pgdir.map(vaddr, page_table_address, false, AccessPermission::RDWR)?;
     |                         -----
 152 |               kpage_tables.push_back(Rc::new(RefCell::new((vaddr, page_table))));
     |               ------------------------------------------------------------------
...
 192 |               kernel_page_tables: kpage_tables,
     |                                   ------------
 193 |               kernel_pages: kpages,
 194 |               user_page_tables: LinkedList::new(),
     |                                 -----------------
...
 218 |           let mut kernel_page_tables: LinkedList<
     |               ----------------------
 219 |               Rc<RefCell<(PageTableAddress, PageTable<PageTableStorage>)>>,
 220 |           > = LinkedList::new();
     |               -----------------
 221 |           let mut kernel_page_table_iter = from.kernel_page_tables.iter();
     |               --------------------------   ------------------------------
 222 |           loop {
 223 |               let entry = match kernel_page_table_iter.next() {
     |  _________________-----___-     -----------------------------
     |  _________________________|
     | |
 224 | |                 Some(entry) => entry,
     | |                 -----------    -----
 225 | |                 None => break,
     | |                 ----    -----
 226 | |             };
     | |_____________-
     | |_____________|
     |
 227 | |             let page_table_address: FrameAddress = entry.borrow().1.physical_address()?;
     | |                                                    --------------
 228 | |             // FIXME: do not be so open about permissions.
 229 | |             pgdir.map(entry.borrow().0, page_table_address, false, AccessPermission::RDWR)?;
     | |                       ----------------
 230 | |             kernel_page_tables.push_back(entry.clone());
     | |             -------------------------------------------
...    |
 256 | |             kernel_page_tables,
     | |             ------------------
 257 | |             kernel_pages,
 258 | |             user_page_tables: LinkedList::new(),
     | |                               -----------------
...    |
 293 |           let pt_vaddr: PageTableAddress = PageTableAddress::new(PageTableAligned::from_raw_value(
     |  _____________--------_____________________-
     |  __________________________________________|
     | |
 294 | |             ::sys::mm::align_down(vaddr.into_raw_value(), PGTAB_ALIGNMENT),
 295 | |         )?);
     | |___________-
     | |___________|
     |
...
 298 | |         let pde: PageDirectoryEntry = match self.pgdir.read_pde(pt_vaddr) {
     | |                                                                 --------
...    |
 313 | |                 pt_vaddr,
     | |                 --------
...    |
 324 |               self.kernel_page_tables
     |  _____________-----------------------
 325 | |                 .push_back(Rc::new(RefCell::new((pt_vaddr, page_table))));
     | |____________________________----------------------------------------------
...
 329 | |         let mut kernel_page_table_iter = self.kernel_page_tables.iter_mut();
     | |             --------------------------   ----------------------------------
 330 | |         loop {
 331 |               let entry = match kernel_page_table_iter.next() {
     |  _________________-----___-     -----------------------------
     |  _________________________|
     | |
 332 | |                 Some(entry) => entry,
     | |                 -----------    -----
 333 | |                 None => break,
     | |                 ----    -----
 334 | |             };
     | |_____________-
     | |_____________|
     |
 335 | |             if entry.borrow().0.into_raw_value() == pt_vaddr.into_raw_value() {
     | |                ----------------                     --------
...    |
 338 | |                 entry.borrow_mut().1.map(
     | |                 ------------------
...    |
 424 | |             let pgtable_vaddr: PageTableAddress = PageTableAddress::new(vaddr);
     | |                 -------------                     ----------------------------
 425 | |             // Get the corresponding page directory entry.
 426 | |             let pde: PageDirectoryEntry = match self.pgdir.read_pde(pgtable_vaddr) {
     | |                                                                     -------------
...    |
 443 | |                     .map(pgtable_vaddr, page_table_address, false, AccessPermission::RDWR)?;
     | |                          -------------
...    |
 449 |                   self.user_page_tables
     |  _________________---------------------
 450 | |                     .push_front((pgtable_vaddr, page_table));
     | |_________________________________----------------------------
...
 453 | |             self.lookup_user_page_table(pgtable_vaddr)?
     | |                                         -------------
...    |
 601 | |         pt_vaddr: PageTableAddress,
     | |         --------------------------
...    |
 647 | |     ) -> Result<Rc<RefCell<(PageTableAddress, PageTable<PageTableStorage>)>>, Error> {
     | |          ---------------------------------------------------------------------------
...    |
 743 |           let pgtab_addr: PageTableAddress = PageTableAddress::new(PageTableAligned::from_raw_value(
     |  _____________----------_____________________-
     |  ____________________________________________|
     | |
 744 | |             ::sys::mm::align_down(vaddr.into_raw_value(), PGTAB_ALIGNMENT),
 745 | |         )?);
     | |___________-
     | |___________|
     |
 746 |
 747 | |         let mut user_page_table_iter = self.user_page_tables.iter();
     | |             ------------------------   ----------------------------
 748 | |         loop {
 749 |               let (lookup_pgtable_addr, page_table) = match user_page_table_iter.next() {
     |  _________________---------------------------------___-     ---------------------------
     |  _____________________________________________________|
     | |
 750 | |                 Some(entry) => entry,
     | |                 -----------    -----
 751 | |                 None => break,
     | |                 ----    -----
 752 | |             };
     | |_____________-
     | |_____________|
     |
 753 | |             if lookup_pgtable_addr == &pgtab_addr {
     | |                ----------------------------------
...    |
 786 |           let pgtab_addr: PageTableAddress = PageTableAddress::new(PageTableAligned::from_raw_value(
     |  _____________----------_____________________-
     |  ____________________________________________|
     | |
 787 | |             ::sys::mm::align_down(vaddr.into_raw_value(), PGTAB_ALIGNMENT),
 788 | |         )?);
     | |___________-
     | |___________|
     |
 789 |
 790 | |         let mut user_page_table_iter = self.user_page_tables.iter();
     | |             ------------------------   ----------------------------
 791 | |         loop {
 792 |               let (lookup_pgtable_addr, page_table) = match user_page_table_iter.next() {
     |  _________________---------------------------------___-     ---------------------------
     |  _____________________________________________________|
     | |
 793 | |                 Some(entry) => entry,
     | |                 -----------    -----
 794 | |                 None => break,
     | |                 ----    -----
 795 | |             };
     | |_____________-
     | |_____________|
     |
 796 | |             if lookup_pgtable_addr == &pgtab_addr {
     | |                ----------------------------------
...    |
 826 | |         let mut user_page_table_iter = self.user_page_tables.iter();
     | |             ------------------------   ----------------------------
 827 | |         loop {
 828 |               let (pgtab_addr, page_table) = match user_page_table_iter.next() {
     |  _________________------------------------___-     ---------------------------
     |  ____________________________________________|
     | |
 829 | |                 Some(entry) => entry,
     | |                 -----------    -----
 830 | |                 None => break,
     | |                 ----    -----
 831 | |             };
     | |_____________-
     | |_____________|
     |
 832 | |             let base: usize = pgtab_addr.into_raw_value();
     | |                               ----------
...    |
 882 | |         let pgtable_vaddr: PageTableAddress = PageTableAddress::new(pgtab_aligned);
     | |             -------------                     ------------------------------------
 883 | |         let page_table: &mut PageTable<PageTableStorage> =
 884 | |             self.lookup_user_page_table(pgtable_vaddr)?;
     | |                                         -------------
...    |
 915 | |         let pgtable_vaddr: PageTableAddress = PageTableAddress::new(pgtab_aligned);
     | |             -------------                     ------------------------------------
 916 | |         let page_table: &mut PageTable<PageTableStorage> =
 917 | |             self.lookup_user_page_table(pgtable_vaddr)?;
     | |                                         -------------
...    |
1601 |           let (pgtable_vaddr, unmap_pgtable): (PageTableAddress, bool) = {
     |  _____________------------------------------_____________________________-
     |  ________________________________________________________________________|
     | |
1602 | |             // Get corresponding page table.
1603 |               let (pgtable_vaddr, page_table): (PageTableAddress, &mut PageTable<PageTableStorage>) = {
     |  _________________---------------------------_________________________________________________________-
     |  _____________________________________________________________________________________________________|
     | |
1604 | |                 let vaddr: PageTableAligned<VirtualAddress> = PageTableAligned::from_raw_value(
1605 | |                     ::sys::mm::align_down(vaddr.into_raw_value(), PGTAB_ALIGNMENT),
1606 | |                 )?;
1607 | |                 let pgtable_vaddr: PageTableAddress = PageTableAddress::new(vaddr);
     | |                     -------------                     ----------------------------
1608 | |                 // Get the corresponding page directory entry.
1609 | |                 let pde: PageDirectoryEntry = match self.pgdir.read_pde(pgtable_vaddr) {
     | |                                                                         -------------
...    |
1626 | |                 (pgtable_vaddr, self.lookup_user_page_table(pgtable_vaddr)?)
     | |                 ------------------------------------------------------------
1627 | |             };
     | |_____________-
     | |_____________|
     |
...
1641 | |             (pgtable_vaddr, page_table.nmapped() == 0)
     | |             ------------------------------------------
1642 | |         };
     | |_________-
     | |_________|
     |
...
1650 |               let at = self
     |  ______________________-
     | |______________________|
     | |______________________|
     | |______________________|
     | |______________________|
     | |______________________|
     | |______________________|
     | |______________________|
1651 | |                 .user_page_tables
     | |_________________________________-
     | |_________________________________|
     |
1652 | |                 .iter()
     | |_______________________-
     | |_______________________|
     | |_______________________|
     | |_______________________|
     |
1653 | |                 .position(|entry| entry.0 == pgtable_vaddr)
     | |___________________________---------------------------------
     | |___________________________________________________________|
     |
...
1656 | |             let (_pgtable_addr, _page_table) = self.user_page_tables.remove(at);
     | |                 ----------------------------   --------------------------------
1657 | |
1658 | |             self.pgdir.unmap(pgtable_vaddr)?;
     | |                              -------------
...    |
1682 | |             let pgtable_vaddr: PageTableAddress = PageTableAddress::new(vaddr);
     | |                 -------------                     ----------------------------
1683 | |             // Get the corresponding page directory entry.
1684 | |             let pde: PageDirectoryEntry = match self.pgdir.read_pde(pgtable_vaddr) {
     | |                                                                     -------------
...    |
1700 | |             self.lookup_user_page_table(pgtable_vaddr)?
     | |                                         -------------
...    |
1752 |           let page_table = {
     |  _____________----------___-
     |  __________________________|
     | |
1753 | |             let vaddr: PageTableAligned<VirtualAddress> = PageTableAligned::from_raw_value(
1754 | |                 ::sys::mm::align_down(vaddr.into_raw_value(), PGTAB_ALIGNMENT),
1755 | |             )?;
1756 | |             // Get the corresponding page directory entry.
1757 | |             let pde: PageDirectoryEntry = match self.pgdir.read_pde(PageTableAddress::new(vaddr)) {
     | |                                                                     ----------------------------
...    |
1773 | |             self.lookup_kernel_page_table(&pde)?
     | |             ------------------------------------
1774 | |         };
     | |_________-
     | |_________|
     |
...
1780 | |             let pt_ref = page_table.borrow();
     | |                 ------   -------------------
1781 | |             match pt_ref.1.is_page_present(page_address) {
     | |                   ------
...    |
1788 | |             let mut pt_mut = page_table.borrow_mut();
     | |                 ----------   -----------------------
1789 | |             // If the PTE is not present, create an identity-mapped entry first.
1790 | |             match pt_mut.1.is_page_present(page_address) {
     | |                   ------
...    |
1794 | |                     pt_mut.1.map(
     | |                     ------
...    |
1804 | |                     pt_mut.1.ctrl(false, page_address, access)?;
     | |                     ------
     |
     = help: The following declaration may resolve this error:
             #[verifier::external_type_specification]
             pub struct ExPageTableAddress(crate::hal::mem::types::address::page::PageTableAddress);

error: cannot use type `kernel::hal::arch::x86::mem::mmu::page_table::PageTable` which is ignored because it is either declared outside the verus! macro or it is marked as `external`.
    --> src/kernel/src/mm/virt/vmem.rs:126:9
     |
  96 | / pub struct Vmem {
  97 | |     /// Underlying page directory.
  98 | |     pgdir: PageDirectory<PageDirectoryStorage>,
  99 | |     /// List of kernel page tables.
...    |
 108 | |     vmem_view: Ghost<VmemView>,
 109 | | }
     | |_-
...
 126 |           mut kernel_page_tables: LinkedList<(PageTableAddress, PageTable<PageTableStorage>)>,
     |           ^^^^^^^^^^^^^^^^^^^^^^^^^^^^^^^^^^^^^^^^^^^^^^^^^^^^^^^^^^^^^^^^^^^^^^^^^^^^^^^^^^^
...
 145 |           let mut kpage_tables: LinkedList<
     |               ----------------
 146 |               Rc<RefCell<(PageTableAddress, PageTable<PageTableStorage>)>>,
 147 |           > = LinkedList::new();
     |               -----------------
 148 |           while let Some((vaddr, page_table)) = kernel_page_tables.pop_front() {
     |                 --------------------------------------------------------------
 149 |               let page_table_address: FrameAddress = page_table.physical_address()?;
     |                                                      ----------
...
 152 |               kpage_tables.push_back(Rc::new(RefCell::new((vaddr, page_table))));
     |               ------------------------------------------------------------------
...
 192 |               kernel_page_tables: kpage_tables,
     |                                   ------------
 193 |               kernel_pages: kpages,
 194 |               user_page_tables: LinkedList::new(),
     |                                 -----------------
...
 218 |           let mut kernel_page_tables: LinkedList<
     |               ----------------------
 219 |               Rc<RefCell<(PageTableAddress, PageTable<PageTableStorage>)>>,
 220 |           > = LinkedList::new();
     |               -----------------
 221 |           let mut kernel_page_table_iter = from.kernel_page_tables.iter();
     |               --------------------------   ------------------------------
 222 |           loop {
 223 |               let entry = match kernel_page_table_iter.next() {
     |  _________________-----___-     -----------------------------
     |  _________________________|
     | |
 224 | |                 Some(entry) => entry,
     | |                 -----------    -----
 225 | |                 None => break,
     | |                 ----    -----
 226 | |             };
     | |_____________-
     | |_____________|
     |
 227 | |             let page_table_address: FrameAddress = entry.borrow().1.physical_address()?;
     | |                                                    ----------------
 228 | |             // FIXME: do not be so open about permissions.
 229 | |             pgdir.map(entry.borrow().0, page_table_address, false, AccessPermission::RDWR)?;
     | |                       --------------
 230 | |             kernel_page_tables.push_back(entry.clone());
     | |             -------------------------------------------
...    |
 256 | |             kernel_page_tables,
     | |             ------------------
 257 | |             kernel_pages,
 258 | |             user_page_tables: LinkedList::new(),
     | |                               -----------------
...    |
 309 | |             let page_table: PageTable<PageTableStorage> = Self::allocate_kernel_page_table()?;
     | |                 ----------                                -----------------------------------
...    |
 314 | |                 page_table.physical_address()?,
     | |                 ----------
...    |
 324 |               self.kernel_page_tables
     |  _____________-----------------------
 325 | |                 .push_back(Rc::new(RefCell::new((pt_vaddr, page_table))));
     | |____________________________----------------------------------------------
...
 329 | |         let mut kernel_page_table_iter = self.kernel_page_tables.iter_mut();
     | |             --------------------------   ----------------------------------
 330 | |         loop {
 331 |               let entry = match kernel_page_table_iter.next() {
     |  _________________-----___-     -----------------------------
     |  _________________________|
     | |
 332 | |                 Some(entry) => entry,
     | |                 -----------    -----
 333 | |                 None => break,
     | |                 ----    -----
 334 | |             };
     | |_____________-
     | |_____________|
     |
 335 | |             if entry.borrow().0.into_raw_value() == pt_vaddr.into_raw_value() {
     | |                --------------
...    |
 338 | |                 entry.borrow_mut().1.map(
     | |                 --------------------
...    |
 372 | |     fn allocate_kernel_page_table() -> Result<PageTable<PageTableStorage>, Error> {
     | |                                        ------------------------------------------
...    |
 393 | |     fn allocate_user_page_table() -> Result<PageTable<PageTableStorage>, Error> {
     | |                                      ------------------------------------------
...    |
 420 |           let page_table: &mut PageTable<PageTableStorage> = {
     |  _____________----------_____________________________________-
     |  ____________________________________________________________|
     | |
 421 | |             let vaddr: PageTableAligned<VirtualAddress> = PageTableAligned::from_raw_value(
 422 | |                 ::sys::mm::align_down(vaddr.into_raw_value(), PGTAB_ALIGNMENT),
 423 | |             )?;
...    |
 438 | |                 let page_table: PageTable<PageTableStorage> = Self::allocate_user_page_table()?;
     | |                     ----------                                ---------------------------------
 439 | |
 440 | |                 let page_table_address: FrameAddress = page_table.physical_address()?;
     | |                                                        ----------
...    |
 449 |                   self.user_page_tables
     |  _________________---------------------
 450 | |                     .push_front((pgtable_vaddr, page_table));
     | |_________________________________----------------------------
...
 453 | |             self.lookup_user_page_table(pgtable_vaddr)?
     | |             -------------------------------------------
 454 | |         };
     | |_________-
     | |_________|
     |
...
 457 | |         page_table.map(PageAddress::new(vaddr), uframe.address(), false, false, true, access)?;
     | |         ----------
...    |
 602 | |     ) -> Result<&mut PageTable<PageTableStorage>, Error> {
     | |          -----------------------------------------------
...    |
 647 | |     ) -> Result<Rc<RefCell<(PageTableAddress, PageTable<PageTableStorage>)>>, Error> {
     | |          ---------------------------------------------------------------------------
...    |
 747 | |         let mut user_page_table_iter = self.user_page_tables.iter();
     | |             ------------------------   ----------------------------
 748 | |         loop {
 749 |               let (lookup_pgtable_addr, page_table) = match user_page_table_iter.next() {
     |  _________________---------------------------------___-     ---------------------------
     |  _____________________________________________________|
     | |
 750 | |                 Some(entry) => entry,
     | |                 -----------    -----
 751 | |                 None => break,
     | |                 ----    -----
 752 | |             };
     | |_____________-
     | |_____________|
     |
 753 |               if lookup_pgtable_addr == &pgtab_addr {
 754 | |                 if page_table.is_page_present(page_addr)? {
     | |                    ----------
 755 | |                     return Ok(Some(page_table.lookup(page_addr)?));
     | |                                    ----------
...    |
 790 | |         let mut user_page_table_iter = self.user_page_tables.iter();
     | |             ------------------------   ----------------------------
 791 | |         loop {
 792 |               let (lookup_pgtable_addr, page_table) = match user_page_table_iter.next() {
     |  _________________---------------------------------___-     ---------------------------
     |  _____________________________________________________|
     | |
 793 | |                 Some(entry) => entry,
     | |                 -----------    -----
 794 | |                 None => break,
     | |                 ----    -----
 795 | |             };
     | |_____________-
     | |_____________|
     |
 796 |               if lookup_pgtable_addr == &pgtab_addr {
 797 | |                 return Ok(page_table.read_pte_at(page_addr));
     | |                           ----------
...    |
 826 | |         let mut user_page_table_iter = self.user_page_tables.iter();
     | |             ------------------------   ----------------------------
 827 | |         loop {
 828 |               let (pgtab_addr, page_table) = match user_page_table_iter.next() {
     |  _________________------------------------___-     ---------------------------
     |  ____________________________________________|
     | |
 829 | |                 Some(entry) => entry,
     | |                 -----------    -----
 830 | |                 None => break,
     | |                 ----    -----
 831 | |             };
     | |_____________-
     | |_____________|
     |
 832 |               let base: usize = pgtab_addr.into_raw_value();
 833 | |             let mut pte_iter = page_table.iter_present_ptes();
     | |                                ----------
...    |
 883 | |         let page_table: &mut PageTable<PageTableStorage> =
     | |             ----------
 884 | |             self.lookup_user_page_table(pgtable_vaddr)?;
     | |             -------------------------------------------
 885 | |         page_table.mark_cow(PageAddress::new(vaddr))
     | |         ----------
...    |
 916 | |         let page_table: &mut PageTable<PageTableStorage> =
     | |             ----------
 917 | |             self.lookup_user_page_table(pgtable_vaddr)?;
     | |             -------------------------------------------
 918 | |         page_table.unmark_cow(PageAddress::new(vaddr))
     | |         ----------
...    |
1603 |               let (pgtable_vaddr, page_table): (PageTableAddress, &mut PageTable<PageTableStorage>) = {
     |  _________________---------------------------_________________________________________________________-
     |  _____________________________________________________________________________________________________|
     | |
1604 | |                 let vaddr: PageTableAligned<VirtualAddress> = PageTableAligned::from_raw_value(
1605 | |                     ::sys::mm::align_down(vaddr.into_raw_value(), PGTAB_ALIGNMENT),
1606 | |                 )?;
...    |
1626 | |                 (pgtable_vaddr, self.lookup_user_page_table(pgtable_vaddr)?)
     | |                 ------------------------------------------------------------
1627 | |             };
     | |_____________-
     | |_____________|
     |
...
1632 | |             if page_table.lookup(page_address)? != frame_address {
     | |                ----------
...    |
1639 | |             page_table.unmap(page_address)?;
     | |             ----------
1640 | |
1641 | |             (pgtable_vaddr, page_table.nmapped() == 0)
     | |                             ----------
...    |
1650 |               let at = self
     |  ______________________-
     | |______________________|
     | |______________________|
     | |______________________|
     | |______________________|
     | |______________________|
     | |______________________|
     | |______________________|
1651 | |                 .user_page_tables
     | |_________________________________-
     | |_________________________________|
     |
1652 | |                 .iter()
     | |_______________________-
     | |_______________________|
     | |_______________________|
     | |_______________________|
     |
1653 | |                 .position(|entry| entry.0 == pgtable_vaddr)
     | |___________________________---------------------------------
     | |___________________________________________________________|
     |
...
1656 | |             let (_pgtable_addr, _page_table) = self.user_page_tables.remove(at);
     | |                 ----------------------------   --------------------------------
...    |
1678 |           let page_table: &mut PageTable<PageTableStorage> = {
     |  _____________----------_____________________________________-
     |  ____________________________________________________________|
     | |
1679 | |             let vaddr: PageTableAligned<VirtualAddress> = PageTableAligned::from_raw_value(
1680 | |                 ::sys::mm::align_down(vaddr.into_raw_value(), PGTAB_ALIGNMENT),
1681 | |             )?;
...    |
1700 | |             self.lookup_user_page_table(pgtable_vaddr)?
     | |             -------------------------------------------
1701 | |         };
     | |_________-
     | |_________|
     |
...
1706 | |         page_table.ctrl(false, page_address, access)?;
     | |         ----------
...    |
1752 |           let page_table = {
     |  _____________----------___-
     |  __________________________|
     | |
1753 | |             let vaddr: PageTableAligned<VirtualAddress> = PageTableAligned::from_raw_value(
1754 | |                 ::sys::mm::align_down(vaddr.into_raw_value(), PGTAB_ALIGNMENT),
1755 | |             )?;
...    |
1773 | |             self.lookup_kernel_page_table(&pde)?
     | |             ------------------------------------
1774 | |         };
     | |_________-
     | |_________|
     |
...
1780 | |             let pt_ref = page_table.borrow();
     | |                 ------   -------------------
1781 | |             match pt_ref.1.is_page_present(page_address) {
     | |                   --------
...    |
1788 | |             let mut pt_mut = page_table.borrow_mut();
     | |                 ----------   -----------------------
1789 | |             // If the PTE is not present, create an identity-mapped entry first.
1790 | |             match pt_mut.1.is_page_present(page_address) {
     | |                   --------
...    |
1794 | |                     pt_mut.1.map(
     | |                     --------
...    |
1804 | |                     pt_mut.1.ctrl(false, page_address, access)?;
     | |                     --------
     |
     = help: The following declaration may resolve this error:
             #[verifier::reject_recursive_types(T)]
             #[verifier::external_type_specification]
             pub struct ExPageTable<T>(crate::hal::arch::x86::mem::mmu::page_table::PageTable<T>)
             where
             T: core::ops::DerefMut + core::ops::Deref<Target = [u32]>,;

error: cannot use type `kernel::mm::virt::PageTableStorage` which is ignored because it is either declared outside the verus! macro or it is marked as `external`.
    --> src/kernel/src/mm/virt/vmem.rs:126:9
     |
  96 | / pub struct Vmem {
  97 | |     /// Underlying page directory.
  98 | |     pgdir: PageDirectory<PageDirectoryStorage>,
  99 | |     /// List of kernel page tables.
...    |
 108 | |     vmem_view: Ghost<VmemView>,
 109 | | }
     | |_-
...
 126 |           mut kernel_page_tables: LinkedList<(PageTableAddress, PageTable<PageTableStorage>)>,
     |           ^^^^^^^^^^^^^^^^^^^^^^^^^^^^^^^^^^^^^^^^^^^^^^^^^^^^^^^^^^^^^^^^^^^^^^^^^^^^^^^^^^^
...
 145 |           let mut kpage_tables: LinkedList<
     |               ----------------
 146 |               Rc<RefCell<(PageTableAddress, PageTable<PageTableStorage>)>>,
 147 |           > = LinkedList::new();
     |               -----------------
 148 |           while let Some((vaddr, page_table)) = kernel_page_tables.pop_front() {
     |                 --------------------------------------------------------------
 149 |               let page_table_address: FrameAddress = page_table.physical_address()?;
     |                                                      -----------------------------
...
 152 |               kpage_tables.push_back(Rc::new(RefCell::new((vaddr, page_table))));
     |               ------------------------------------------------------------------
...
 192 |               kernel_page_tables: kpage_tables,
     |                                   ------------
 193 |               kernel_pages: kpages,
 194 |               user_page_tables: LinkedList::new(),
     |                                 -----------------
...
 218 |           let mut kernel_page_tables: LinkedList<
     |               ----------------------
 219 |               Rc<RefCell<(PageTableAddress, PageTable<PageTableStorage>)>>,
 220 |           > = LinkedList::new();
     |               -----------------
 221 |           let mut kernel_page_table_iter = from.kernel_page_tables.iter();
     |               --------------------------   ------------------------------
 222 |           loop {
 223 |               let entry = match kernel_page_table_iter.next() {
     |  _________________-----___-     -----------------------------
     |  _________________________|
     | |
 224 | |                 Some(entry) => entry,
     | |                 -----------    -----
 225 | |                 None => break,
     | |                 ----    -----
 226 | |             };
     | |_____________-
     | |_____________|
     |
 227 | |             let page_table_address: FrameAddress = entry.borrow().1.physical_address()?;
     | |                                                    -----------------------------------
 228 | |             // FIXME: do not be so open about permissions.
 229 | |             pgdir.map(entry.borrow().0, page_table_address, false, AccessPermission::RDWR)?;
     | |                       --------------
 230 | |             kernel_page_tables.push_back(entry.clone());
     | |             -------------------------------------------
...    |
 256 | |             kernel_page_tables,
     | |             ------------------
 257 | |             kernel_pages,
 258 | |             user_page_tables: LinkedList::new(),
     | |                               -----------------
...    |
 309 | |             let page_table: PageTable<PageTableStorage> = Self::allocate_kernel_page_table()?;
     | |                 ----------                                -----------------------------------
...    |
 314 | |                 page_table.physical_address()?,
     | |                 -----------------------------
...    |
 324 |               self.kernel_page_tables
     |  _____________-----------------------
 325 | |                 .push_back(Rc::new(RefCell::new((pt_vaddr, page_table))));
     | |____________________________----------------------------------------------
...
 329 | |         let mut kernel_page_table_iter = self.kernel_page_tables.iter_mut();
     | |             --------------------------   ----------------------------------
 330 | |         loop {
 331 |               let entry = match kernel_page_table_iter.next() {
     |  _________________-----___-     -----------------------------
     |  _________________________|
     | |
 332 | |                 Some(entry) => entry,
     | |                 -----------    -----
 333 | |                 None => break,
     | |                 ----    -----
 334 | |             };
     | |_____________-
     | |_____________|
     |
 335 | |             if entry.borrow().0.into_raw_value() == pt_vaddr.into_raw_value() {
     | |                --------------
...    |
 338 |                   entry.borrow_mut().1.map(
     |  _________________--------------------
 339 |                       PageAddress::new(vaddr),
 340 |                       kpage.frame_address(),
 341 |                       true,
...
 344 |                       AccessPermission::RDWR,
 345 | |                 )?;
     | |_________________-
...
 372 | |     fn allocate_kernel_page_table() -> Result<PageTable<PageTableStorage>, Error> {
     | |                                        ------------------------------------------
...    |
 393 | |     fn allocate_user_page_table() -> Result<PageTable<PageTableStorage>, Error> {
     | |                                      ------------------------------------------
...    |
 420 |           let page_table: &mut PageTable<PageTableStorage> = {
     |  _____________----------_____________________________________-
     |  ____________________________________________________________|
     | |
 421 | |             let vaddr: PageTableAligned<VirtualAddress> = PageTableAligned::from_raw_value(
 422 | |                 ::sys::mm::align_down(vaddr.into_raw_value(), PGTAB_ALIGNMENT),
 423 | |             )?;
...    |
 438 | |                 let page_table: PageTable<PageTableStorage> = Self::allocate_user_page_table()?;
     | |                     ----------                                ---------------------------------
 439 | |
 440 | |                 let page_table_address: FrameAddress = page_table.physical_address()?;
     | |                                                        -----------------------------
...    |
 449 |                   self.user_page_tables
     |  _________________---------------------
 450 | |                     .push_front((pgtable_vaddr, page_table));
     | |_________________________________----------------------------
...
 453 | |             self.lookup_user_page_table(pgtable_vaddr)?
     | |             -------------------------------------------
 454 | |         };
     | |_________-
     | |_________|
     |
...
 457 | |         page_table.map(PageAddress::new(vaddr), uframe.address(), false, false, true, access)?;
     | |         -------------------------------------------------------------------------------------
...    |
 602 | |     ) -> Result<&mut PageTable<PageTableStorage>, Error> {
     | |          -----------------------------------------------
...    |
 647 | |     ) -> Result<Rc<RefCell<(PageTableAddress, PageTable<PageTableStorage>)>>, Error> {
     | |          ---------------------------------------------------------------------------
...    |
 747 | |         let mut user_page_table_iter = self.user_page_tables.iter();
     | |             ------------------------   ----------------------------
 748 | |         loop {
 749 |               let (lookup_pgtable_addr, page_table) = match user_page_table_iter.next() {
     |  _________________---------------------------------___-     ---------------------------
     |  _____________________________________________________|
     | |
 750 | |                 Some(entry) => entry,
     | |                 -----------    -----
 751 | |                 None => break,
     | |                 ----    -----
 752 | |             };
     | |_____________-
     | |_____________|
     |
 753 |               if lookup_pgtable_addr == &pgtab_addr {
 754 | |                 if page_table.is_page_present(page_addr)? {
     | |                    -------------------------------------
 755 | |                     return Ok(Some(page_table.lookup(page_addr)?));
     | |                                    ----------------------------
...    |
 790 | |         let mut user_page_table_iter = self.user_page_tables.iter();
     | |             ------------------------   ----------------------------
 791 | |         loop {
 792 |               let (lookup_pgtable_addr, page_table) = match user_page_table_iter.next() {
     |  _________________---------------------------------___-     ---------------------------
     |  _____________________________________________________|
     | |
 793 | |                 Some(entry) => entry,
     | |                 -----------    -----
 794 | |                 None => break,
     | |                 ----    -----
 795 | |             };
     | |_____________-
     | |_____________|
     |
 796 |               if lookup_pgtable_addr == &pgtab_addr {
 797 | |                 return Ok(page_table.read_pte_at(page_addr));
     | |                           ---------------------------------
...    |
 826 | |         let mut user_page_table_iter = self.user_page_tables.iter();
     | |             ------------------------   ----------------------------
 827 | |         loop {
 828 |               let (pgtab_addr, page_table) = match user_page_table_iter.next() {
     |  _________________------------------------___-     ---------------------------
     |  ____________________________________________|
     | |
 829 | |                 Some(entry) => entry,
     | |                 -----------    -----
 830 | |                 None => break,
     | |                 ----    -----
 831 | |             };
     | |_____________-
     | |_____________|
     |
 832 |               let base: usize = pgtab_addr.into_raw_value();
 833 | |             let mut pte_iter = page_table.iter_present_ptes();
     | |                 ------------   ------------------------------
 834 | |             loop {
 835 | |                 let (pte_idx, pte) = match pte_iter.next() {
     | |                                            ---------------
...    |
 883 | |         let page_table: &mut PageTable<PageTableStorage> =
     | |             ----------
 884 | |             self.lookup_user_page_table(pgtable_vaddr)?;
     | |             -------------------------------------------
 885 | |         page_table.mark_cow(PageAddress::new(vaddr))
     | |         --------------------------------------------
...    |
 916 | |         let page_table: &mut PageTable<PageTableStorage> =
     | |             ----------
 917 | |             self.lookup_user_page_table(pgtable_vaddr)?;
     | |             -------------------------------------------
 918 | |         page_table.unmark_cow(PageAddress::new(vaddr))
     | |         ----------------------------------------------
...    |
1603 |               let (pgtable_vaddr, page_table): (PageTableAddress, &mut PageTable<PageTableStorage>) = {
     |  _________________---------------------------_________________________________________________________-
     |  _____________________________________________________________________________________________________|
     | |
1604 | |                 let vaddr: PageTableAligned<VirtualAddress> = PageTableAligned::from_raw_value(
1605 | |                     ::sys::mm::align_down(vaddr.into_raw_value(), PGTAB_ALIGNMENT),
1606 | |                 )?;
...    |
1626 | |                 (pgtable_vaddr, self.lookup_user_page_table(pgtable_vaddr)?)
     | |                 ------------------------------------------------------------
1627 | |             };
     | |_____________-
     | |_____________|
     |
...
1632 | |             if page_table.lookup(page_address)? != frame_address {
     | |                -------------------------------
...    |
1639 | |             page_table.unmap(page_address)?;
     | |             ------------------------------
1640 | |
1641 | |             (pgtable_vaddr, page_table.nmapped() == 0)
     | |                             --------------------
...    |
1650 |               let at = self
     |  ______________________-
     | |______________________|
     | |______________________|
     | |______________________|
     | |______________________|
     | |______________________|
     | |______________________|
     | |______________________|
1651 | |                 .user_page_tables
     | |_________________________________-
     | |_________________________________|
     |
1652 | |                 .iter()
     | |_______________________-
     | |_______________________|
     | |_______________________|
     | |_______________________|
     |
1653 | |                 .position(|entry| entry.0 == pgtable_vaddr)
     | |___________________________---------------------------------
     | |___________________________________________________________|
     |
...
1656 | |             let (_pgtable_addr, _page_table) = self.user_page_tables.remove(at);
     | |                 ----------------------------   --------------------------------
...    |
1678 |           let page_table: &mut PageTable<PageTableStorage> = {
     |  _____________----------_____________________________________-
     |  ____________________________________________________________|
     | |
1679 | |             let vaddr: PageTableAligned<VirtualAddress> = PageTableAligned::from_raw_value(
1680 | |                 ::sys::mm::align_down(vaddr.into_raw_value(), PGTAB_ALIGNMENT),
1681 | |             )?;
...    |
1700 | |             self.lookup_user_page_table(pgtable_vaddr)?
     | |             -------------------------------------------
1701 | |         };
     | |_________-
     | |_________|
     |
...
1706 | |         page_table.ctrl(false, page_address, access)?;
     | |         --------------------------------------------
...    |
1752 |           let page_table = {
     |  _____________----------___-
     |  __________________________|
     | |
1753 | |             let vaddr: PageTableAligned<VirtualAddress> = PageTableAligned::from_raw_value(
1754 | |                 ::sys::mm::align_down(vaddr.into_raw_value(), PGTAB_ALIGNMENT),
1755 | |             )?;
...    |
1773 | |             self.lookup_kernel_page_table(&pde)?
     | |             ------------------------------------
1774 | |         };
     | |_________-
     | |_________|
     |
...
1780 | |             let pt_ref = page_table.borrow();
     | |                 ------   -------------------
1781 | |             match pt_ref.1.is_page_present(page_address) {
     | |                   --------------------------------------
...    |
1788 | |             let mut pt_mut = page_table.borrow_mut();
     | |                 ----------   -----------------------
1789 | |             // If the PTE is not present, create an identity-mapped entry first.
1790 | |             match pt_mut.1.is_page_present(page_address) {
     | |                   --------------------------------------
...    |
1794 |                       pt_mut.1.map(
     |  _____________________--------
1795 |                           page_address,
1796 |                           frame_addr,
1797 |                           false, // user-accessible (MMIO regions are mapped for user processes)
...
1800 |                           access,
1801 | |                     )?;
     | |_____________________-
...
1804 | |                     pt_mut.1.ctrl(false, page_address, access)?;
     | |                     ------------------------------------------
     |
     = help: The following declaration may resolve this error:
             #[verifier::external_type_specification]
             pub struct ExPageTableStorage(crate::mm::virt::PageTableStorage);

error: cannot use type `kernel::hal::arch::x86::mem::mmu::page_directory::PageDirectory` which is ignored because it is either declared outside the verus! macro or it is marked as `external`.
    --> src/kernel/src/mm/virt/vmem.rs:131:13
     |
  96 | / pub struct Vmem {
  97 | |     /// Underlying page directory.
  98 | |     pgdir: PageDirectory<PageDirectoryStorage>,
  99 | |     /// List of kernel page tables.
...    |
 108 | |     vmem_view: Ghost<VmemView>,
 109 | | }
     | |_-
...
 131 |           let mut pgdir: PageDirectory<PageDirectoryStorage> =
     |               ^^^^^^^^^
...
 134 | /             PageDirectory::new(PageDirectoryStorage::Bss(unsafe {
 135 | |                 PAGE_TABLE_ALLOCATOR
 136 | |                     .alloc_as::<[PteWord; PAGE_TABLE_LENGTH]>()
 137 | |                     .map_err(|e| {
...    |
 141 | |                     .assume_init_mut()
 142 | |             }));
     | |_______________-
     | |_______________|
     |
...
 151 | |             pgdir.map(vaddr, page_table_address, false, AccessPermission::RDWR)?;
     | |             -----
...    |
 164 | |             let pd_paddr_raw: usize = pgdir.physical_address()?.into_raw_value();
     | |                                       -----
...    |
 191 | |             pgdir,
     | |             -----
...    |
 214 | |         let mut pgdir: PageDirectory<PageDirectoryStorage> =
     | |             ---------
 215 | |             PageDirectory::new(PageDirectoryStorage::KernelPage(pgdir_page));
     | |             ----------------------------------------------------------------
...    |
 229 | |             pgdir.map(entry.borrow().0, page_table_address, false, AccessPermission::RDWR)?;
     | |             -----
...    |
 249 | |                 PageDirectoryAddress::from_raw_value(pgdir.physical_address()?.into_raw_value())?;
     | |                                                      -----
...    |
 255 | |             pgdir,
     | |             -----
...    |
 265 | |         let pgdir_addr: FrameAddress = self.pgdir.physical_address()?;
     | |                                        ----------
...    |
 271 |       pub fn pgdir(&self) -> &PageDirectory<PageDirectoryStorage> {
     |  ____________________________------------------------------------_-
 272 |           &self.pgdir
     |            ----------
 273 | |     }
     | |_____-
...
 298 | |         let pde: PageDirectoryEntry = match self.pgdir.read_pde(pt_vaddr) {
     | |                                             ----------
...    |
 312 | |             self.pgdir.map(
     | |             ----------
...    |
 426 | |             let pde: PageDirectoryEntry = match self.pgdir.read_pde(pgtable_vaddr) {
     | |                                                 ----------
...    |
 442 | |                 self.pgdir
     | |                 ----------
...    |
1609 | |                 let pde: PageDirectoryEntry = match self.pgdir.read_pde(pgtable_vaddr) {
     | |                                                     ----------
...    |
1658 | |             self.pgdir.unmap(pgtable_vaddr)?;
     | |             ----------
...    |
1684 | |             let pde: PageDirectoryEntry = match self.pgdir.read_pde(pgtable_vaddr) {
     | |                                                 ----------
...    |
1757 | |             let pde: PageDirectoryEntry = match self.pgdir.read_pde(PageTableAddress::new(vaddr)) {
     | |                                                 ----------
     |
     = help: The following declaration may resolve this error:
             #[verifier::reject_recursive_types(T)]
             #[verifier::external_type_specification]
             pub struct ExPageDirectory<T>(crate::hal::arch::x86::mem::mmu::page_directory::PageDirectory<T>)
             where
             T: core::ops::DerefMut + core::ops::Deref<Target = [u32]>,;

error: cannot use type `kernel::mm::virt::PageDirectoryStorage` which is ignored because it is either declared outside the verus! macro or it is marked as `external`.
    --> src/kernel/src/mm/virt/vmem.rs:131:13
     |
  96 | / pub struct Vmem {
  97 | |     /// Underlying page directory.
  98 | |     pgdir: PageDirectory<PageDirectoryStorage>,
  99 | |     /// List of kernel page tables.
...    |
 108 | |     vmem_view: Ghost<VmemView>,
 109 | | }
     | |_-
...
 131 |           let mut pgdir: PageDirectory<PageDirectoryStorage> =
     |               ^^^^^^^^^
...
 134 |               PageDirectory::new(PageDirectoryStorage::Bss(unsafe {
     |  _____________-                  -
     | |_____________|                  |
     | |_____________|                  |
     | |________________________________|
     | |________________________________|
 135 | |                 PAGE_TABLE_ALLOCATOR
 136 | |                     .alloc_as::<[PteWord; PAGE_TABLE_LENGTH]>()
 137 | |                     .map_err(|e| {
...    |
 141 | |                     .assume_init_mut()
 142 | |             }));
     | |______________--
     | |______________||
     | |______________||
     | |______________|
     | |______________|
     |
...
 151 | |             pgdir.map(vaddr, page_table_address, false, AccessPermission::RDWR)?;
     | |             -------------------------------------------------------------------
...    |
 164 | |             let pd_paddr_raw: usize = pgdir.physical_address()?.into_raw_value();
     | |                                       ------------------------
...    |
 191 | |             pgdir,
     | |             -----
...    |
 214 | |         let mut pgdir: PageDirectory<PageDirectoryStorage> =
     | |             ---------
 215 | |             PageDirectory::new(PageDirectoryStorage::KernelPage(pgdir_page));
     | |             ----------------------------------------------------------------
...    |
 229 | |             pgdir.map(entry.borrow().0, page_table_address, false, AccessPermission::RDWR)?;
     | |             ------------------------------------------------------------------------------
...    |
 249 | |                 PageDirectoryAddress::from_raw_value(pgdir.physical_address()?.into_raw_value())?;
     | |                                                      ------------------------
...    |
 255 | |             pgdir,
     | |             -----
...    |
 265 | |         let pgdir_addr: FrameAddress = self.pgdir.physical_address()?;
     | |                                        -----------------------------
...    |
 271 |       pub fn pgdir(&self) -> &PageDirectory<PageDirectoryStorage> {
     |  ____________________________------------------------------------_-
 272 |           &self.pgdir
     |            ----------
 273 | |     }
     | |_____-
...
 298 | |         let pde: PageDirectoryEntry = match self.pgdir.read_pde(pt_vaddr) {
     | |                                             -----------------------------
...    |
 312 |               self.pgdir.map(
     |  _____________----------
 313 |                   pt_vaddr,
 314 |                   page_table.physical_address()?,
 315 |                   false,
 316 |                   AccessPermission::RDWR,
 317 | |             )?;
     | |_____________-
...
 426 | |             let pde: PageDirectoryEntry = match self.pgdir.read_pde(pgtable_vaddr) {
     | |                                                 ----------------------------------
...    |
 442 |                   self.pgdir
     |  _________________----------
 443 | |                     .map(pgtable_vaddr, page_table_address, false, AccessPermission::RDWR)?;
     | |__________________________________________________________________________________________-
...
1609 | |                 let pde: PageDirectoryEntry = match self.pgdir.read_pde(pgtable_vaddr) {
     | |                                                     ----------------------------------
...    |
1658 | |             self.pgdir.unmap(pgtable_vaddr)?;
     | |             -------------------------------
...    |
1684 | |             let pde: PageDirectoryEntry = match self.pgdir.read_pde(pgtable_vaddr) {
     | |                                                 ----------------------------------
...    |
1757 | |             let pde: PageDirectoryEntry = match self.pgdir.read_pde(PageTableAddress::new(vaddr)) {
     | |                                                 -------------------------------------------------
     |
     = help: The following declaration may resolve this error:
             #[verifier::external_type_specification]
             pub struct ExPageDirectoryStorage(crate::mm::virt::PageDirectoryStorage);

error: cannot use function `kernel::hal::arch::x86::mem::mmu::page_directory::PageDirectory::new` which is ignored because it is either declared outside the verus! macro or it is marked as `external`.
   --> src/kernel/src/mm/virt/vmem.rs:134:13
    |
134 | /             PageDirectory::new(PageDirectoryStorage::Bss(unsafe {
135 | |                 PAGE_TABLE_ALLOCATOR
136 | |                     .alloc_as::<[PteWord; PAGE_TABLE_LENGTH]>()
137 | |                     .map_err(|e| {
...   |
141 | |                     .assume_init_mut()
142 | |             }));
    | |_______________^
...
215 |               PageDirectory::new(PageDirectoryStorage::KernelPage(pgdir_page));
    |               ----------------------------------------------------------------
    |
    = help: The following declaration may resolve this error:
            pub assume_specification<T> [crate::hal::arch::x86::mem::mmu::page_directory::PageDirectory::<T>::new] (_0: T) -> crate::hal::arch::x86::mem::mmu::page_directory::PageDirectory<T>
            where
            T: core::ops::Deref<Target = [u32]> + core::ops::DerefMut,;

error: `bump_allocator::BumpAllocError` is not supported (note: you may be able to add a Verus specification to this type with the `external_type_specification` attribute)
   --> src/kernel/src/mm/virt/vmem.rs:135:17
    |
135 | /  /                 PAGE_TABLE_ALLOCATOR
136 | |  |                     .alloc_as::<[PteWord; PAGE_TABLE_LENGTH]>()
    | |  |_______________________________________________________________-
137 | |                        .map_err(|e| {
    | |   ______________________________-
    | |   ______________________________|
    | |  |
138 | |  |                         error!("Vmem::new(): page directory allocation failed: {}", e);
139 | |  |                         Error::new(ErrorCode::OutOfMemory, "BSS page directory allocation failed")
140 | |  |                     })?
    | |__|_____________________-^
    |    |_____________________|
    |    |_____________________|
    |
    |
    = help: The following declaration may resolve this error:
            #[verifier::external_type_specification]
            pub struct ExBumpAllocError(bump_allocator::BumpAllocError);

error: `bump_allocator::impl&%1::alloc_as` is not supported (note: you may be able to add a Verus specification to this function with `assume_specification`)
   --> src/kernel/src/mm/virt/vmem.rs:135:17
    |
135 | /                 PAGE_TABLE_ALLOCATOR
136 | |                     .alloc_as::<[PteWord; PAGE_TABLE_LENGTH]>()
    | |_______________________________________________________________^
    |
    = help: The following declaration may resolve this error:
            pub assume_specification<const N: usize, const A: usize, S, T> [bump_allocator::FixedSizeBumpAllocator::<N, A, S>::alloc_as] (_0: &bump_allocator::FixedSizeBumpAllocator<N, A, S>) -> core::result::Result<&'static mut core::mem::MaybeUninit<T>, bump_allocator::BumpAllocError>
            where
            S: bump_allocator::BssStorage,;

error: cannot use type `kernel::mm::virt::page_table_allocator::PageTableBss` which is ignored because it is either declared outside the verus! macro or it is marked as `external`.
   --> src/kernel/src/mm/virt/vmem.rs:135:17
    |
135 |                   PAGE_TABLE_ALLOCATOR
    |  _________________^-------------------
136 | |                     .alloc_as::<[PteWord; PAGE_TABLE_LENGTH]>()
    | |_______________________________________________________________^
    |
    = help: The following declaration may resolve this error:
            #[verifier::external_type_specification]
            pub struct ExPageTableBss(crate::mm::virt::page_table_allocator::PageTableBss);

error: `bump_allocator::FixedSizeBumpAllocator` is not supported (note: you may be able to add a Verus specification to this type with the `external_type_specification` attribute)
   --> src/kernel/src/mm/virt/vmem.rs:135:17
    |
135 |                 PAGE_TABLE_ALLOCATOR
    |                 ^^^^^^^^^^^^^^^^^^^^
    |
    = help: The following declaration may resolve this error:
            #[verifier::reject_recursive_types(S)]
            #[verifier::external_type_specification]
            pub struct ExFixedSizeBumpAllocator<const N: usize, const A: usize, S>(bump_allocator::FixedSizeBumpAllocator<N, A, S>)
            where
            S: bump_allocator::BssStorage,;

error: `core::cell::RefCell` is not supported (note: you may be able to add a Verus specification to this type with the `external_type_specification` attribute) (note: the vstd library provides some specification for the Rust std library, but it is currently limited)
    --> src/kernel/src/mm/virt/vmem.rs:145:13
     |
  96 | / pub struct Vmem {
  97 | |     /// Underlying page directory.
  98 | |     pgdir: PageDirectory<PageDirectoryStorage>,
  99 | |     /// List of kernel page tables.
...    |
 108 | |     vmem_view: Ghost<VmemView>,
 109 | | }
     | |_-
...
 145 |           let mut kpage_tables: LinkedList<
     |               ^^^^^^^^^^^^^^^^
 146 |               Rc<RefCell<(PageTableAddress, PageTable<PageTableStorage>)>>,
 147 |           > = LinkedList::new();
     |               -----------------
...
 152 |               kpage_tables.push_back(Rc::new(RefCell::new((vaddr, page_table))));
     |               ------------------------------------------------------------------
...
 184 |           let mut kpages: LinkedList<Rc<RefCell<KernelPage>>> = LinkedList::new();
     |               ----------                                        -----------------
 185 |           while let Some(entry) = kernel_pages.pop_front() {
 186 |               kpages.push_back(Rc::new(RefCell::new(entry)));
     |               ----------------------------------------------
...
 192 |               kernel_page_tables: kpage_tables,
     |                                   ------------
 193 |               kernel_pages: kpages,
     |                             ------
...
 218 |           let mut kernel_page_tables: LinkedList<
     |               ----------------------
 219 |               Rc<RefCell<(PageTableAddress, PageTable<PageTableStorage>)>>,
 220 |           > = LinkedList::new();
     |               -----------------
 221 |           let mut kernel_page_table_iter = from.kernel_page_tables.iter();
     |               --------------------------   ------------------------------
 222 |           loop {
 223 |               let entry = match kernel_page_table_iter.next() {
     |  _________________-----___-     -----------------------------
     |  _________________________|
     | |
 224 | |                 Some(entry) => entry,
     | |                 -----------    -----
 225 | |                 None => break,
     | |                 ----    -----
 226 | |             };
     | |_____________-
     | |_____________|
     |
 227 | |             let page_table_address: FrameAddress = entry.borrow().1.physical_address()?;
     | |                                                    -----
 228 | |             // FIXME: do not be so open about permissions.
 229 | |             pgdir.map(entry.borrow().0, page_table_address, false, AccessPermission::RDWR)?;
     | |                       -----
 230 | |             kernel_page_tables.push_back(entry.clone());
     | |             -------------------------------------------
...    |
 234 | |         let mut kernel_pages: LinkedList<Rc<RefCell<KernelPage>>> = LinkedList::new();
     | |             ----------------                                        -----------------
 235 | |         let mut kernel_page_iter = from.kernel_pages.iter();
     | |             --------------------   ------------------------
 236 | |         loop {
 237 |               let entry = match kernel_page_iter.next() {
     |  _________________-----___-     -----------------------
     |  _________________________|
     | |
 238 | |                 Some(entry) => entry,
     | |                 -----------    -----
 239 | |                 None => break,
     | |                 ----    -----
 240 | |             };
     | |_____________-
     | |_____________|
     |
 241 | |             kernel_pages.push_back(entry.clone());
     | |             -------------------------------------
...    |
 256 | |             kernel_page_tables,
     | |             ------------------
 257 | |             kernel_pages,
     | |             ------------
...    |
 324 |               self.kernel_page_tables
     |  _____________-----------------------
 325 | |                 .push_back(Rc::new(RefCell::new((pt_vaddr, page_table))));
     | |____________________________----------------------------------------------
...
 329 | |         let mut kernel_page_table_iter = self.kernel_page_tables.iter_mut();
     | |             --------------------------   ----------------------------------
 330 | |         loop {
 331 |               let entry = match kernel_page_table_iter.next() {
     |  _________________-----___-     -----------------------------
     |  _________________________|
     | |
 332 | |                 Some(entry) => entry,
     | |                 -----------    -----
 333 | |                 None => break,
     | |                 ----    -----
 334 | |             };
     | |_____________-
     | |_____________|
     |
 335 | |             if entry.borrow().0.into_raw_value() == pt_vaddr.into_raw_value() {
     | |                -----
...    |
 338 | |                 entry.borrow_mut().1.map(
     | |                 -----
...    |
 348 | |                 self.kernel_pages.push_back(Rc::new(RefCell::new(kpage)));
     | |                 ---------------------------------------------------------
...    |
 647 | |     ) -> Result<Rc<RefCell<(PageTableAddress, PageTable<PageTableStorage>)>>, Error> {
     | |          ---------------------------------------------------------------------------
...    |
1752 |           let page_table = {
     |  _____________----------___-
     |  __________________________|
     | |
1753 | |             let vaddr: PageTableAligned<VirtualAddress> = PageTableAligned::from_raw_value(
1754 | |                 ::sys::mm::align_down(vaddr.into_raw_value(), PGTAB_ALIGNMENT),
1755 | |             )?;
...    |
1773 | |             self.lookup_kernel_page_table(&pde)?
     | |             ------------------------------------
1774 | |         };
     | |_________-
     | |_________|
     |
...
1780 | |             let pt_ref = page_table.borrow();
     | |                          ----------
...    |
1788 | |             let mut pt_mut = page_table.borrow_mut();
     | |                              ----------
     |
     = help: The following declaration may resolve this error:
             #[verifier::reject_recursive_types(T)]
             #[verifier::external_type_specification]
             pub struct ExRefCell<T>(core::cell::RefCell<T>)
             where
             T: core::marker::MetaSized + ?Sized,;

error: `alloc::collections::linked_list::impl&%7::new` is not supported (note: you may be able to add a Verus specification to this function with `assume_specification`) (note: the vstd library provides some specification for the Rust std library, but it is currently limited)
   --> src/kernel/src/mm/virt/vmem.rs:147:13
    |
147 |         > = LinkedList::new();
    |             ^^^^^^^^^^^^^^^^^
...
184 |         let mut kpages: LinkedList<Rc<RefCell<KernelPage>>> = LinkedList::new();
    |                                                               -----------------
...
194 |             user_page_tables: LinkedList::new(),
    |                               -----------------
...
220 |         > = LinkedList::new();
    |             -----------------
...
234 |         let mut kernel_pages: LinkedList<Rc<RefCell<KernelPage>>> = LinkedList::new();
    |                                                                     -----------------
...
258 |             user_page_tables: LinkedList::new(),
    |                               -----------------
    |
    = help: The following declaration may resolve this error:
            pub assume_specification<T> [alloc::collections::LinkedList::<T>::new] () -> alloc::collections::LinkedList<T>;

error: `alloc::collections::linked_list::impl&%8::pop_front` is not supported (note: you may be able to add a Verus specification to this function with `assume_specification`) (note: the vstd library provides some specification for the Rust std library, but it is currently limited)
   --> src/kernel/src/mm/virt/vmem.rs:148:47
    |
148 |         while let Some((vaddr, page_table)) = kernel_page_tables.pop_front() {
    |                                               ^^^^^^^^^^^^^^^^^^^^^^^^^^^^^^
...
185 |         while let Some(entry) = kernel_pages.pop_front() {
    |                                 ------------------------
    |
    = help: The following declaration may resolve this error:
            pub assume_specification<T, A> [alloc::collections::LinkedList::<T, A>::pop_front] (_0: &alloc::collections::LinkedList<T, A>) -> core::option::Option<T>
            where
            A: core::alloc::Allocator,;

error: cannot use type `kernel::hal::mem::types::address::frame::FrameAddress` which is ignored because it is either declared outside the verus! macro or it is marked as `external`.
    --> src/kernel/src/mm/virt/vmem.rs:149:17
     |
 149 |                 let page_table_address: FrameAddress = page_table.physical_address()?;
     |                     ^^^^^^^^^^^^^^^^^^                 ------------------------------
 150 |                 // FIXME: do not be so open about permissions.
 151 |                 pgdir.map(vaddr, page_table_address, false, AccessPermission::RDWR)?;
     |                                  ------------------
...
 164 |                 let pd_paddr_raw: usize = pgdir.physical_address()?.into_raw_value();
     |                                           -------------------------
...
 227 |                 let page_table_address: FrameAddress = entry.borrow().1.physical_address()?;
     |                     ------------------                 ------------------------------------
 228 |                 // FIXME: do not be so open about permissions.
 229 |                 pgdir.map(entry.borrow().0, page_table_address, false, AccessPermission::RDWR)?;
     |                                             ------------------
...
 249 |                     PageDirectoryAddress::from_raw_value(pgdir.physical_address()?.into_raw_value())?;
     |                                                          -------------------------
...
 265 |             let pgdir_addr: FrameAddress = self.pgdir.physical_address()?;
     |                 ----------                 ------------------------------
 266 |             unsafe { mmu::load_page_directory(pgdir_addr.into_raw_value()) };
     |                                               ----------
...
 314 |                     page_table.physical_address()?,
     |                     ------------------------------
...
 340 |                         kpage.frame_address(),
     |                         ---------------------
...
 440 |                     let page_table_address: FrameAddress = page_table.physical_address()?;
     |                         ------------------                 ------------------------------
...
 443 |                         .map(pgtable_vaddr, page_table_address, false, AccessPermission::RDWR)?;
     |                                             ------------------
...
 457 |             page_table.map(PageAddress::new(vaddr), uframe.address(), false, false, true, access)?;
     |                                                     ----------------
...
 464 |             uframe.leak();
     |             -------------
...
 489 |             Ok(self.try_find_user_frame(vaddr)?.is_some())
     |                ------------------------------------------
...
 698 |         fn find_user_frame(&self, vaddr: PageAligned<VirtualAddress>) -> Result<FrameAddress, Error> {
     |                                                                          ---------------------------
...
 741 |         ) -> Result<Option<FrameAddress>, Error> {
     |  ____________-----------------------------------_-
 742 | |           let page_addr: PageAddress = PageAddress::new(vaddr);
 743 | |           let pgtab_addr: PageTableAddress = PageTableAddress::new(PageTableAligned::from_raw_value(
     | |  __________________________________________________________________-
 744 | | |             ::sys::mm::align_down(vaddr.into_raw_value(), PGTAB_ALIGNMENT),
 745 | | |         )?);
     | | |__________-
...    |
 754 | |                   if page_table.is_page_present(page_addr)? {
     | |                      --------------------------------------
 755 | |                       return Ok(Some(page_table.lookup(page_addr)?));
     | |                              ---------------------------------------
 756 | |                   } else {
 757 | |                       return Ok(None);
     | |                              --------
...    |
 762 | |           Ok(None)
     | |           --------
 763 | |       }
     | |_______-
...
 943 |             new_frame: FrameAddress,
     |             -----------------------
 944 |         ) -> Result<FrameAddress, Error> {
     |              ---------------------------
...
1001 |             let src_frame: FrameAddress = FrameAddress::from_frame_number(pte.frame_number())?;
     |                 ---------                 ----------------------------------------------------
...
1004 |             let probe: ManuallyDrop<UserFrame> = ManuallyDrop::new(UserFrame::new(src_frame));
     |                                                                                   ---------
...
1017 |             let dst_paddr: usize = new_frame.address().into_raw_value();
     |                                    -------------------
...
1022 |             let new_frame_addr: FrameAddress = new_frame.address();
     |                 --------------                 -------------------
1023 |             let old_frame: FrameAddress = self.replace_user_page_cow_frame(vaddr, new_frame_addr)?;
     |                 ---------                 --------------------------------------------------------
...
1026 |             let _ = new_frame.leak();
     |                 -   ----------------
...
1030 |             drop(UserFrame::new(old_frame));
     |                                 ---------
...
1115 |             let frame: FrameAddress = self.find_user_frame(page_aligned)?;
     |                 -----                 -----------------------------------
1116 |             Ok(frame.into_raw_value() + offset)
     |                -----
...
1192 |                     let src_frame: FrameAddress = self.find_user_frame(vaddr)?;
     |                         ---------                 ----------------------------
...
1199 |                             usize_to_const_ptr(src_frame.into_raw_value() + offset),
     |                                                ---------
...
1345 |                     let dst_frame: FrameAddress = match self.find_user_frame(vaddr) {
     |    _____________________---------_________________-     ---------------------------
     |    _______________________________________________|
     |   |
1346 |   |                     Ok(frame) => frame,
     |   |                     ---------    -----
1347 |                         Err(error) => {
     |    _____________________----------____-
1348 |                             let reason: &str = "failed to find user frame";
1349 |                             kpanic!(
1350 |                                 "copy_to_user_unaligned_unchecked(): {reason} (error={error:?}, \
1351 |                                  dst={dst:?}, src={src:?}, size={size:?})"
1352 |                             );
1353 |   |                     },
     |   |_____________________-
1354 |   |                 };
     |   |_________________-
     |   |_________________|
     |
1355 |
1356 |   |                 let dst_phys_addr_raw: usize = dst_frame.into_raw_value() + offset;
     |   |                                                ---------
...      |
1368 |   |                 let dst: *mut u8 = usize_to_mut_ptr(dst_frame.into_raw_value() + offset);
     |   |                                                     ---------
...      |
1504 |   |                 let src_frame: FrameAddress = src_vmem.find_user_frame(src_page)?;
     |   |                     ---------                 -----------------------------------
1505 |   |                 let dst_frame: FrameAddress = dst_vmem.find_user_frame(dst_page)?;
     |   |                     ---------                 -----------------------------------
...      |
1510 |   |                     let src_phys_addr: usize = src_frame.into_raw_value() + src_offset;
     |   |                                                ---------
1511 |   |                     let dst_phys_addr: usize = dst_frame.into_raw_value() + dst_offset;
     |   |                                                ---------
...      |
1556 |   |         let uframe: FrameAddress = self.find_user_frame(dst)?;
     |   |             ------                 --------------------------
1557 |   |         let dst: PageAligned<PhysicalAddress> = uframe.into_physical_address();
     |   |                                                 ------
...      |
1596 |             let frame_address: FrameAddress = match self.try_find_user_frame(vaddr)? {
     |    _____________-------------_________________-     --------------------------------
     |    ___________________________________________|
     |   |
1597 |   |             Some(addr) => addr,
     |   |             ----------    ----
1598 |   |             None => return Ok(None),
     |   |             ----    ---------------
1599 |   |         };
     |   |_________-
     |   |_________|
     |
...
1632 |   |             if page_table.lookup(page_address)? != frame_address {
     |   |                -------------------------------------------------
...      |
1639 |   |             page_table.unmap(page_address)?;
     |   |             -------------------------------
...      |
1658 |   |             self.pgdir.unmap(pgtable_vaddr)?;
     |   |             --------------------------------
...      |
1661 |   |         Ok(Some(UserFrame::new(frame_address)))
     |   |                                -------------
...      |
1792 |   |                     let frame_addr: FrameAddress =
     |   |                         ----------
1793 |   |                         FrameAddress::new(PageAligned::from_raw_value(vaddr.into_raw_value())?);
     |   |                         -----------------------------------------------------------------------
...      |
1796 |   |                         frame_addr,
     |   |                         ----------
     |
     = help: The following declaration may resolve this error:
             #[verifier::external_type_specification]
             pub struct ExFrameAddress(crate::hal::mem::types::address::frame::FrameAddress);

error: cannot use function `kernel::hal::arch::x86::mem::mmu::page_table::PageTable::physical_address` which is ignored because it is either declared outside the verus! macro or it is marked as `external`.
   --> src/kernel/src/mm/virt/vmem.rs:149:52
    |
149 |             let page_table_address: FrameAddress = page_table.physical_address()?;
    |                                                    ^^^^^^^^^^^^^^^^^^^^^^^^^^^^^
...
227 |             let page_table_address: FrameAddress = entry.borrow().1.physical_address()?;
    |                                                    -----------------------------------
...
314 |                 page_table.physical_address()?,
    |                 -----------------------------
...
440 |                 let page_table_address: FrameAddress = page_table.physical_address()?;
    |                                                        -----------------------------
    |
    = help: The following declaration may resolve this error:
            pub assume_specification<T> [crate::hal::arch::x86::mem::mmu::page_table::PageTable::<T>::physical_address] (_0: &crate::hal::arch::x86::mem::mmu::page_table::PageTable<T>) -> core::result::Result<hal::mem::types::address::frame::FrameAddress, sys::error::Error>
            where
            T: core::ops::Deref<Target = [u32]> + core::ops::DerefMut,;

error: cannot use function `kernel::hal::arch::x86::mem::mmu::page_directory::PageDirectory::map` which is ignored because it is either declared outside the verus! macro or it is marked as `external`.
   --> src/kernel/src/mm/virt/vmem.rs:151:13
    |
151 |               pgdir.map(vaddr, page_table_address, false, AccessPermission::RDWR)?;
    |               ^^^^^^^^^^^^^^^^^^^^^^^^^^^^^^^^^^^^^^^^^^^^^^^^^^^^^^^^^^^^^^^^^^^
...
229 |               pgdir.map(entry.borrow().0, page_table_address, false, AccessPermission::RDWR)?;
    |               ------------------------------------------------------------------------------
...
312 | /             self.pgdir.map(
313 | |                 pt_vaddr,
314 | |                 page_table.physical_address()?,
315 | |                 false,
316 | |                 AccessPermission::RDWR,
317 | |             )?;
    | |_____________-
...
442 | /                 self.pgdir
443 | |                     .map(pgtable_vaddr, page_table_address, false, AccessPermission::RDWR)?;
    | |__________________________________________________________________________________________-
    |
    = help: The following declaration may resolve this error:
            pub assume_specification<T> [crate::hal::arch::x86::mem::mmu::page_directory::PageDirectory::<T>::map] (_0: &crate::hal::arch::x86::mem::mmu::page_directory::PageDirectory<T>, _1: crate::hal::mem::types::address::page::PageTableAddress, _2: crate::hal::mem::types::address::frame::FrameAddress, _3: bool, _4: sys::mm::AccessPermission) -> core::result::Result<(), sys::error::Error>
            where
            T: core::ops::Deref<Target = [u32]> + core::ops::DerefMut,;

error: `sys::sys::mm::access::impl&%11::RDWR` is not supported (note: you may be able to add a Verus specification to this function with `assume_specification`)
   --> src/kernel/src/mm/virt/vmem.rs:151:57
    |
151 |             pgdir.map(vaddr, page_table_address, false, AccessPermission::RDWR)?;
    |                                                         ^^^^^^^^^^^^^^^^^^^^^^
...
229 |             pgdir.map(entry.borrow().0, page_table_address, false, AccessPermission::RDWR)?;
    |                                                                    ----------------------
...
316 |                 AccessPermission::RDWR,
    |                 ----------------------
...
344 |                     AccessPermission::RDWR,
    |                     ----------------------
...
443 |                     .map(pgtable_vaddr, page_table_address, false, AccessPermission::RDWR)?;
    |                                                                    ----------------------

error: `alloc::collections::linked_list::impl&%8::push_back` is not supported (note: you may be able to add a Verus specification to this function with `assume_specification`) (note: the vstd library provides some specification for the Rust std library, but it is currently limited)
   --> src/kernel/src/mm/virt/vmem.rs:152:13
    |
152 |               kpage_tables.push_back(Rc::new(RefCell::new((vaddr, page_table))));
    |               ^^^^^^^^^^^^^^^^^^^^^^^^^^^^^^^^^^^^^^^^^^^^^^^^^^^^^^^^^^^^^^^^^^
...
186 |               kpages.push_back(Rc::new(RefCell::new(entry)));
    |               ----------------------------------------------
...
230 |               kernel_page_tables.push_back(entry.clone());
    |               -------------------------------------------
...
241 |               kernel_pages.push_back(entry.clone());
    |               -------------------------------------
...
324 | /             self.kernel_page_tables
325 | |                 .push_back(Rc::new(RefCell::new((pt_vaddr, page_table))));
    | |_________________________________________________________________________-
...
348 |                   self.kernel_pages.push_back(Rc::new(RefCell::new(kpage)));
    |                   ---------------------------------------------------------
    |
    = help: The following declaration may resolve this error:
            pub assume_specification<T, A> [alloc::collections::LinkedList::<T, A>::push_back] (_0: &alloc::collections::LinkedList<T, A>, _1: T)
            where
            A: core::alloc::Allocator,;

error: `core::cell::impl&%30::new` is not supported (note: you may be able to add a Verus specification to this function with `assume_specification`) (note: the vstd library provides some specification for the Rust std library, but it is currently limited)
   --> src/kernel/src/mm/virt/vmem.rs:152:44
    |
152 |             kpage_tables.push_back(Rc::new(RefCell::new((vaddr, page_table))));
    |                                            ^^^^^^^^^^^^^^^^^^^^^^^^^^^^^^^^^
...
186 |             kpages.push_back(Rc::new(RefCell::new(entry)));
    |                                      -------------------
...
325 |                 .push_back(Rc::new(RefCell::new((pt_vaddr, page_table))));
    |                                    ------------------------------------
...
348 |                 self.kernel_pages.push_back(Rc::new(RefCell::new(kpage)));
    |                                                     -------------------
    |
    = help: The following declaration may resolve this error:
            pub assume_specification<T> [core::cell::RefCell::<T>::new] (_0: T) -> core::cell::RefCell<T>;

error: cannot use function `kernel::hal::mem::types::address::frame::FrameAddress::into_raw_value` which is ignored because it is either declared outside the verus! macro or it is marked as `external`.
    --> src/kernel/src/mm/virt/vmem.rs:164:39
     |
 164 |             let pd_paddr_raw: usize = pgdir.physical_address()?.into_raw_value();
     |                                       ^^^^^^^^^^^^^^^^^^^^^^^^^^^^^^^^^^^^^^^^^^
...
 249 |                 PageDirectoryAddress::from_raw_value(pgdir.physical_address()?.into_raw_value())?;
     |                                                      ------------------------------------------
...
 266 |         unsafe { mmu::load_page_directory(pgdir_addr.into_raw_value()) };
     |                                           ---------------------------
...
1017 |         let dst_paddr: usize = new_frame.address().into_raw_value();
     |                                ------------------------------------
...
1116 |         Ok(frame.into_raw_value() + offset)
     |            ----------------------
...
1199 |                         usize_to_const_ptr(src_frame.into_raw_value() + offset),
     |                                            --------------------------
...
1356 |                 let dst_phys_addr_raw: usize = dst_frame.into_raw_value() + offset;
     |                                                --------------------------
...
1368 |                 let dst: *mut u8 = usize_to_mut_ptr(dst_frame.into_raw_value() + offset);
     |                                                     --------------------------
...
1510 |                     let src_phys_addr: usize = src_frame.into_raw_value() + src_offset;
     |                                                --------------------------
1511 |                     let dst_phys_addr: usize = dst_frame.into_raw_value() + dst_offset;
     |                                                --------------------------
     |
     = help: The following declaration may resolve this error:
             pub assume_specification [crate::hal::mem::types::address::frame::FrameAddress::into_raw_value] (_0: crate::hal::mem::types::address::frame::FrameAddress) -> usize;

error: cannot use function `kernel::hal::arch::x86::mem::mmu::page_directory::PageDirectory::physical_address` which is ignored because it is either declared outside the verus! macro or it is marked as `external`.
   --> src/kernel/src/mm/virt/vmem.rs:164:39
    |
164 |             let pd_paddr_raw: usize = pgdir.physical_address()?.into_raw_value();
    |                                       ^^^^^^^^^^^^^^^^^^^^^^^^
...
249 |                 PageDirectoryAddress::from_raw_value(pgdir.physical_address()?.into_raw_value())?;
    |                                                      ------------------------
...
265 |         let pgdir_addr: FrameAddress = self.pgdir.physical_address()?;
    |                                        -----------------------------
    |
    = help: The following declaration may resolve this error:
            pub assume_specification<T> [crate::hal::arch::x86::mem::mmu::page_directory::PageDirectory::<T>::physical_address] (_0: &crate::hal::arch::x86::mem::mmu::page_directory::PageDirectory<T>) -> core::result::Result<hal::mem::types::address::frame::FrameAddress, sys::error::Error>
            where
            T: core::ops::Deref<Target = [u32]> + core::ops::DerefMut,;

error: cannot use type `kernel::hal::mem::types::address::pd::PageDirectoryAddress` which is ignored because it is either declared outside the verus! macro or it is marked as `external`.
   --> src/kernel/src/mm/virt/vmem.rs:165:17
    |
165 |             let pd_paddr: PageDirectoryAddress =
    |                 ^^^^^^^^
166 |                 PageDirectoryAddress::from_raw_value(pd_paddr_raw)?;
    |                 ---------------------------------------------------
...
180 |             super::identity_map_init(pd_paddr, kernel_cr3)?;
    |                                      --------
...
248 |             let target_pd_paddr: PageDirectoryAddress =
    |                 ---------------
249 |                 PageDirectoryAddress::from_raw_value(pgdir.physical_address()?.into_raw_value())?;
    |                 ---------------------------------------------------------------------------------
250 |             super::sync_kernel_pdes(target_pd_paddr)?;
    |                                     ---------------
    |
    = help: The following declaration may resolve this error:
            #[verifier::external_type_specification]
            pub struct ExPageDirectoryAddress(crate::hal::mem::types::address::pd::PageDirectoryAddress);

error: cannot use function `kernel::hal::mem::types::address::pd::PageDirectoryAddress::from_raw_value` which is ignored because it is either declared outside the verus! macro or it is marked as `external`.
   --> src/kernel/src/mm/virt/vmem.rs:166:17
    |
166 |                 PageDirectoryAddress::from_raw_value(pd_paddr_raw)?;
    |                 ^^^^^^^^^^^^^^^^^^^^^^^^^^^^^^^^^^^^^^^^^^^^^^^^^^
...
249 |                 PageDirectoryAddress::from_raw_value(pgdir.physical_address()?.into_raw_value())?;
    |                 --------------------------------------------------------------------------------
    |
    = help: The following declaration may resolve this error:
            pub assume_specification [crate::hal::mem::types::address::pd::PageDirectoryAddress::from_raw_value] (_0: usize) -> core::result::Result<hal::mem::types::address::pd::PageDirectoryAddress, sys::error::Error>;

error: `arch::x86::cpu::cr3::Cr3Register` is not supported (note: you may be able to add a Verus specification to this type with the `external_type_specification` attribute)
   --> src/kernel/src/mm/virt/vmem.rs:167:17
    |
167 |               let kernel_cr3: Cr3Register = Cr3Register {
    |  _________________^^^^^^^^^^________________-
168 | |                 page_level_write_through: PageLevelWriteThroughFlag::Disabled,
169 | |                 page_level_cache_disable: PageLevelCacheDisableFlag::Enabled,
170 | |                 paging_structure_base_address: Cr3PageDirectoryBaseAddress::new(
...   |
178 | |                 })?,
179 | |             };
    | |_____________-
180 |               super::identity_map_init(pd_paddr, kernel_cr3)?;
    |                                                  ----------
    |
    = help: The following declaration may resolve this error:
            #[verifier::external_type_specification]
            pub struct ExCr3Register(arch::cpu::cr3::Cr3Register);

error: `arch::x86::cpu::cr3::PageLevelWriteThroughFlag` is not supported (note: you may be able to add a Verus specification to this type with the `external_type_specification` attribute)
   --> src/kernel/src/mm/virt/vmem.rs:168:43
    |
168 |                 page_level_write_through: PageLevelWriteThroughFlag::Disabled,
    |                                           ^^^^^^^^^^^^^^^^^^^^^^^^^^^^^^^^^^^
    |
    = help: The following declaration may resolve this error:
            #[verifier::external_type_specification]
            pub struct ExPageLevelWriteThroughFlag(arch::cpu::cr3::PageLevelWriteThroughFlag);

error: `arch::x86::cpu::cr3::PageLevelCacheDisableFlag` is not supported (note: you may be able to add a Verus specification to this type with the `external_type_specification` attribute)
   --> src/kernel/src/mm/virt/vmem.rs:169:43
    |
169 |                 page_level_cache_disable: PageLevelCacheDisableFlag::Enabled,
    |                                           ^^^^^^^^^^^^^^^^^^^^^^^^^^^^^^^^^^
    |
    = help: The following declaration may resolve this error:
            #[verifier::external_type_specification]
            pub struct ExPageLevelCacheDisableFlag(arch::cpu::cr3::PageLevelCacheDisableFlag);

error: `arch::x86::cpu::cr3::PagingStructureBaseAddress` is not supported (note: you may be able to add a Verus specification to this type with the `external_type_specification` attribute)
   --> src/kernel/src/mm/virt/vmem.rs:170:48
    |
170 |                         paging_structure_base_address: Cr3PageDirectoryBaseAddress::new(
    |        ________________________________________________^
    |       |________________________________________________|
    |  ____||________________________________________________|
171 | |    ||                     pd_paddr_raw as u32,
172 | |    ||                 )
    | |    ||_________________-
173 | |    |                  .ok_or_else(|| {
...   |    |
178 | |    |                  })?,
    | |    |___________________-^
    | |________________________|
    |
    |
    = help: The following declaration may resolve this error:
            #[verifier::external_type_specification]
            pub struct ExPagingStructureBaseAddress(arch::cpu::cr3::PagingStructureBaseAddress);

error: `arch::x86::cpu::cr3::impl&%2::new` is not supported (note: you may be able to add a Verus specification to this function with `assume_specification`)
   --> src/kernel/src/mm/virt/vmem.rs:170:48
    |
170 |                   paging_structure_base_address: Cr3PageDirectoryBaseAddress::new(
    |  ________________________________________________^
171 | |                     pd_paddr_raw as u32,
172 | |                 )
    | |_________________^
    |
    = help: The following declaration may resolve this error:
            pub assume_specification [arch::cpu::cr3::PagingStructureBaseAddress::new] (_0: u32) -> core::option::Option<arch::cpu::cr3::PagingStructureBaseAddress>;

error: cannot use function `kernel::mm::virt::identity_map::init` which is ignored because it is either declared outside the verus! macro or it is marked as `external`.
   --> src/kernel/src/mm/virt/vmem.rs:180:13
    |
180 |             super::identity_map_init(pd_paddr, kernel_cr3)?;
    |             ^^^^^^^^^^^^^^^^^^^^^^^^^^^^^^^^^^^^^^^^^^^^^^
    |
    = help: The following declaration may resolve this error:
            assume_specification [crate::mm::virt::identity_map::init] (_0: crate::hal::mem::types::address::pd::PageDirectoryAddress, _1: arch::cpu::cr3::Cr3Register) -> core::result::Result<(), sys::error::Error>;

error: `verus_builtin::impl&%5::assume_new` is not supported (note: you may be able to add a Verus specification to this function with `assume_specification`)
   --> src/kernel/src/mm/virt/vmem.rs:196:24
    |
196 |             vmem_view: Ghost::assume_new(),
    |                        ^^^^^^^^^^^^^^^^^^^
...
260 |             vmem_view: Ghost::assume_new(),
    |                        -------------------
    |
    = help: The following declaration may resolve this error:
            pub assume_specification<A> [vstd::prelude::Ghost::<A>::assume_new] () -> vstd::prelude::Ghost<A>;

error: `alloc::collections::linked_list::Iter` is not supported (note: you may be able to add a Verus specification to this type with the `external_type_specification` attribute) (note: the vstd library provides some specification for the Rust std library, but it is currently limited)
    --> src/kernel/src/mm/virt/vmem.rs:221:13
     |
 221 |              let mut kernel_page_table_iter = from.kernel_page_tables.iter();
     |                  ^^^^^^^^^^^^^^^^^^^^^^^^^^   ------------------------------
 222 |              loop {
 223 |                  let entry = match kernel_page_table_iter.next() {
     |                                    -----------------------------
...
 235 |              let mut kernel_page_iter = from.kernel_pages.iter();
     |                  --------------------   ------------------------
 236 |              loop {
 237 |                  let entry = match kernel_page_iter.next() {
     |                                    -----------------------
...
 747 |              let mut user_page_table_iter = self.user_page_tables.iter();
     |                  ------------------------   ----------------------------
 748 |              loop {
 749 |                  let (lookup_pgtable_addr, page_table) = match user_page_table_iter.next() {
     |                                                                ---------------------------
...
 790 |              let mut user_page_table_iter = self.user_page_tables.iter();
     |                  ------------------------   ----------------------------
 791 |              loop {
 792 |                  let (lookup_pgtable_addr, page_table) = match user_page_table_iter.next() {
     |                                                                ---------------------------
...
 826 |              let mut user_page_table_iter = self.user_page_tables.iter();
     |                  ------------------------   ----------------------------
 827 |              loop {
 828 |                  let (pgtab_addr, page_table) = match user_page_table_iter.next() {
     |                                                       ---------------------------
...
1650 |                  let at = self
     |     ______________________-
     |  __|______________________|
1651 | |  |                 .user_page_tables
1652 | |  |                 .iter()
     | |  |_______________________-
1653 | |                    .position(|entry| entry.0 == pgtable_vaddr)
     | |______________________________________________________________-
     |
     = help: The following declaration may resolve this error:
             #[verifier::reject_recursive_types(T)]
             #[verifier::external_type_specification]
             pub struct ExIter<'a, T>(alloc::collections::linked_list::Iter<'a, T>);

error: `alloc::collections::linked_list::impl&%8::iter` is not supported (note: you may be able to add a Verus specification to this function with `assume_specification`) (note: the vstd library provides some specification for the Rust std library, but it is currently limited)
    --> src/kernel/src/mm/virt/vmem.rs:221:42
     |
 221 |           let mut kernel_page_table_iter = from.kernel_page_tables.iter();
     |                                            ^^^^^^^^^^^^^^^^^^^^^^^^^^^^^^
...
 235 |           let mut kernel_page_iter = from.kernel_pages.iter();
     |                                      ------------------------
...
 747 |           let mut user_page_table_iter = self.user_page_tables.iter();
     |                                          ----------------------------
...
 790 |           let mut user_page_table_iter = self.user_page_tables.iter();
     |                                          ----------------------------
...
 826 |           let mut user_page_table_iter = self.user_page_tables.iter();
     |                                          ----------------------------
...
1650 |               let at = self
     |  ______________________-
1651 | |                 .user_page_tables
1652 | |                 .iter()
     | |_______________________-
     |
     = help: The following declaration may resolve this error:
             pub assume_specification<T, A> [alloc::collections::LinkedList::<T, A>::iter] (_0: &alloc::collections::LinkedList<T, A>) -> alloc::collections::linked_list::Iter<'_, T>
             where
             A: core::alloc::Allocator,;

error: `alloc::collections::linked_list::impl&%10::next` is not supported (note: you may be able to add a Verus specification to this function with `assume_specification`) (note: the vstd library provides some specification for the Rust std library, but it is currently limited)
   --> src/kernel/src/mm/virt/vmem.rs:223:31
    |
223 |             let entry = match kernel_page_table_iter.next() {
    |                               ^^^^^^^^^^^^^^^^^^^^^^^^^^^^^
...
237 |             let entry = match kernel_page_iter.next() {
    |                               -----------------------
...
749 |             let (lookup_pgtable_addr, page_table) = match user_page_table_iter.next() {
    |                                                           ---------------------------
...
792 |             let (lookup_pgtable_addr, page_table) = match user_page_table_iter.next() {
    |                                                           ---------------------------
...
828 |             let (pgtab_addr, page_table) = match user_page_table_iter.next() {
    |                                                  ---------------------------
    |
    = help: The following declaration may resolve this error:
            pub assume_specification<'a, T> [<alloc::collections::linked_list::Iter<'a, T> as core::iter::Iterator>::next] (_0: &alloc::collections::linked_list::Iter<'a, T>) -> core::option::Option<&'a T>;

error: `core::cell::impl&%46::deref` is not supported (note: you may be able to add a Verus specification to this function with `assume_specification`) (note: the vstd library provides some specification for the Rust std library, but it is currently limited)
    --> src/kernel/src/mm/virt/vmem.rs:227:52
     |
 227 |             let page_table_address: FrameAddress = entry.borrow().1.physical_address()?;
     |                                                    ^^^^^^^^^^^^^^
 228 |             // FIXME: do not be so open about permissions.
 229 |             pgdir.map(entry.borrow().0, page_table_address, false, AccessPermission::RDWR)?;
     |                       --------------
...
 335 |             if entry.borrow().0.into_raw_value() == pt_vaddr.into_raw_value() {
     |                --------------
...
1781 |             match pt_ref.1.is_page_present(page_address) {
     |                   ------
     |
     = help: The following declaration may resolve this error:
             pub assume_specification<'a, T> [<core::cell::Ref<'a, T> as core::ops::Deref>::deref] (_0: &core::cell::Ref<'a, T>) -> &T
             where
             T: core::marker::MetaSized + ?Sized,;

error: `core::cell::Ref` is not supported (note: you may be able to add a Verus specification to this type with the `external_type_specification` attribute) (note: the vstd library provides some specification for the Rust std library, but it is currently limited)
    --> src/kernel/src/mm/virt/vmem.rs:227:52
     |
 227 |             let page_table_address: FrameAddress = entry.borrow().1.physical_address()?;
     |                                                    ^^^^^^^^^^^^^^
 228 |             // FIXME: do not be so open about permissions.
 229 |             pgdir.map(entry.borrow().0, page_table_address, false, AccessPermission::RDWR)?;
     |                       --------------
...
 335 |             if entry.borrow().0.into_raw_value() == pt_vaddr.into_raw_value() {
     |                --------------
...
1780 |             let pt_ref = page_table.borrow();
     |                 ------   -------------------
1781 |             match pt_ref.1.is_page_present(page_address) {
     |                   ------
     |
     = help: The following declaration may resolve this error:
             #[verifier::reject_recursive_types(T)]
             #[verifier::external_type_specification]
             pub struct ExRef<'b, T>(core::cell::Ref<'b, T>)
             where
             T: core::marker::MetaSized + ?Sized,;

error: `core::cell::impl&%31::borrow` is not supported (note: you may be able to add a Verus specification to this function with `assume_specification`) (note: the vstd library provides some specification for the Rust std library, but it is currently limited)
    --> src/kernel/src/mm/virt/vmem.rs:227:52
     |
 227 |             let page_table_address: FrameAddress = entry.borrow().1.physical_address()?;
     |                                                    ^^^^^^^^^^^^^^
 228 |             // FIXME: do not be so open about permissions.
 229 |             pgdir.map(entry.borrow().0, page_table_address, false, AccessPermission::RDWR)?;
     |                       --------------
...
 335 |             if entry.borrow().0.into_raw_value() == pt_vaddr.into_raw_value() {
     |                --------------
...
1780 |             let pt_ref = page_table.borrow();
     |                          -------------------
     |
     = help: The following declaration may resolve this error:
             pub assume_specification<T> [core::cell::RefCell::<T>::borrow] (_0: &core::cell::RefCell<T>) -> core::cell::Ref<'_, T>
             where
             T: core::marker::MetaSized + ?Sized,;

error: cannot use function `kernel::mm::virt::identity_map::sync_kernel_pdes` which is ignored because it is either declared outside the verus! macro or it is marked as `external`.
   --> src/kernel/src/mm/virt/vmem.rs:250:13
    |
250 |             super::sync_kernel_pdes(target_pd_paddr)?;
    |             ^^^^^^^^^^^^^^^^^^^^^^^^^^^^^^^^^^^^^^^^
    |
    = help: The following declaration may resolve this error:
            assume_specification [crate::mm::virt::identity_map::sync_kernel_pdes] (_0: crate::hal::mem::types::address::pd::PageDirectoryAddress) -> core::result::Result<(), sys::error::Error>;

error: cannot use function `kernel::hal::arch::x86::mem::mmu::load_page_directory` which is ignored because it is either declared outside the verus! macro or it is marked as `external`.
   --> src/kernel/src/mm/virt/vmem.rs:266:18
    |
266 |         unsafe { mmu::load_page_directory(pgdir_addr.into_raw_value()) };
    |                  ^^^^^^^^^^^^^^^^^^^^^^^^^^^^^^^^^^^^^^^^^^^^^^^^^^^^^
    |
    = help: The following declaration may resolve this error:
            pub assume_specification [crate::hal::arch::x86::mem::mmu::load_page_directory] (_0: usize);

error: cannot use function `kernel::hal::mem::types::address::page::PageTableAddress::new` which is ignored because it is either declared outside the verus! macro or it is marked as `external`.
    --> src/kernel/src/mm/virt/vmem.rs:293:42
     |
 293 |           let pt_vaddr: PageTableAddress = PageTableAddress::new(PageTableAligned::from_raw_value(
     |  __________________________________________^
 294 | |             ::sys::mm::align_down(vaddr.into_raw_value(), PGTAB_ALIGNMENT),
 295 | |         )?);
     | |___________^
...
 424 |               let pgtable_vaddr: PageTableAddress = PageTableAddress::new(vaddr);
     |                                                     ----------------------------
...
 743 |           let pgtab_addr: PageTableAddress = PageTableAddress::new(PageTableAligned::from_raw_value(
     |  ____________________________________________-
 744 | |             ::sys::mm::align_down(vaddr.into_raw_value(), PGTAB_ALIGNMENT),
 745 | |         )?);
     | |___________-
...
 786 |           let pgtab_addr: PageTableAddress = PageTableAddress::new(PageTableAligned::from_raw_value(
     |  ____________________________________________-
 787 | |             ::sys::mm::align_down(vaddr.into_raw_value(), PGTAB_ALIGNMENT),
 788 | |         )?);
     | |___________-
...
 882 |           let pgtable_vaddr: PageTableAddress = PageTableAddress::new(pgtab_aligned);
     |                                                 ------------------------------------
...
 915 |           let pgtable_vaddr: PageTableAddress = PageTableAddress::new(pgtab_aligned);
     |                                                 ------------------------------------
...
1607 |                   let pgtable_vaddr: PageTableAddress = PageTableAddress::new(vaddr);
     |                                                         ----------------------------
...
1682 |               let pgtable_vaddr: PageTableAddress = PageTableAddress::new(vaddr);
     |                                                     ----------------------------
...
1757 |               let pde: PageDirectoryEntry = match self.pgdir.read_pde(PageTableAddress::new(vaddr)) {
     |                                                                       ----------------------------
     |
     = help: The following declaration may resolve this error:
             pub assume_specification [crate::hal::mem::types::address::page::PageTableAddress::new] (_0: crate::hal::mem::types::address::aligned::pgtab::PageTableAligned<sys::mm::VirtualAddress>) -> crate::hal::mem::types::address::page::PageTableAddress;

error: cannot use type `kernel::hal::mem::types::address::aligned::pgtab::PageTableAligned` which is ignored because it is either declared outside the verus! macro or it is marked as `external`.
    --> src/kernel/src/mm/virt/vmem.rs:293:64
     |
 293 |                let pt_vaddr: PageTableAddress = PageTableAddress::new(PageTableAligned::from_raw_value(
     |       ________________________________________________________________^
     |  ____|________________________________________________________________|
 294 | |    |             ::sys::mm::align_down(vaddr.into_raw_value(), PGTAB_ALIGNMENT),
 295 | |    |         )?);
     | |    |_________-^
     | |______________|
     |
...
 421 |                    let vaddr: PageTableAligned<VirtualAddress> = PageTableAligned::from_raw_value(
     |       _________________-----_____________________________________-
     |       ___________________________________________________________|
     |       ___________________________________________________________|
     |       ___________________________________________________________|
     |       ___________________________________________________________|
     |       ___________________________________________________________|
     |       ___________________________________________________________|
     |       ___________________________________________________________|
     |       ___________________________________________________________|
     |       ___________________________________________________________|
     |       ___________________________________________________________|
     |      |
 422 |      |                 ::sys::mm::align_down(vaddr.into_raw_value(), PGTAB_ALIGNMENT),
 423 |      |             )?;
     |      |_____________--
     |      |_____________||
     |      |_____________||
     |      |_____________||
     |      |_____________||
     |      |_____________||
     |      |_____________||
     |      |_____________||
     |      |_____________||
     |      |_____________||
     |      |_____________|
     |
 424 |      |             let pgtable_vaddr: PageTableAddress = PageTableAddress::new(vaddr);
     |      |                                                                         -----
...         |
 743 |                let pgtab_addr: PageTableAddress = PageTableAddress::new(PageTableAligned::from_raw_value(
     |       __________________________________________________________________-
     |      |__________________________________________________________________|
     |      |__________________________________________________________________|
     |      |__________________________________________________________________|
     |      |__________________________________________________________________|
     |      |__________________________________________________________________|
     |      |__________________________________________________________________|
     |      |__________________________________________________________________|
     |      |__________________________________________________________________|
     |      |__________________________________________________________________|
 744 |      |             ::sys::mm::align_down(vaddr.into_raw_value(), PGTAB_ALIGNMENT),
 745 |      |         )?);
     |      |_________--
     |      |_________||
     |      |_________||
     |      |_________||
     |      |_________||
     |      |_________||
     |      |_________||
     |      |_________||
     |      |_________||
     |      |_________|
     |
...
 786 |                let pgtab_addr: PageTableAddress = PageTableAddress::new(PageTableAligned::from_raw_value(
     |       __________________________________________________________________-
     |      |__________________________________________________________________|
     |      |__________________________________________________________________|
     |      |__________________________________________________________________|
     |      |__________________________________________________________________|
     |      |__________________________________________________________________|
     |      |__________________________________________________________________|
     |      |__________________________________________________________________|
     |      |__________________________________________________________________|
     |      |__________________________________________________________________|
 787 |      |             ::sys::mm::align_down(vaddr.into_raw_value(), PGTAB_ALIGNMENT),
 788 |      |         )?);
     |      |_________--
     |      |_________||
     |      |_________||
     |      |_________||
     |      |_________||
     |      |_________||
     |      |_________||
     |      |_________||
     |      |_________||
     |      |_________|
     |
...
 879 |                let pgtab_aligned: PageTableAligned<VirtualAddress> = PageTableAligned::from_raw_value(
     |       _____________-------------_____________________________________-
     |       _______________________________________________________________|
     |       _______________________________________________________________|
     |       _______________________________________________________________|
     |       _______________________________________________________________|
     |       _______________________________________________________________|
     |       _______________________________________________________________|
     |       _______________________________________________________________|
     |       _______________________________________________________________|
     |       _______________________________________________________________|
     |       _______________________________________________________________|
     |      |
 880 |      |             ::sys::mm::align_down(vaddr.into_raw_value(), PGTAB_ALIGNMENT),
 881 |      |         )?;
     |      |_________--
     |      |_________||
     |      |_________||
     |      |_________||
     |      |_________||
     |      |_________||
     |      |_________||
     |      |_________||
     |      |_________||
     |      |_________||
     |      |_________|
     |
 882 |      |         let pgtable_vaddr: PageTableAddress = PageTableAddress::new(pgtab_aligned);
     |      |                                                                     -------------
...         |
 912 |                let pgtab_aligned: PageTableAligned<VirtualAddress> = PageTableAligned::from_raw_value(
     |       _____________-------------_____________________________________-
     |       _______________________________________________________________|
     |       _______________________________________________________________|
     |       _______________________________________________________________|
     |       _______________________________________________________________|
     |       _______________________________________________________________|
     |       _______________________________________________________________|
     |       _______________________________________________________________|
     |       _______________________________________________________________|
     |       _______________________________________________________________|
     |       _______________________________________________________________|
     |      |
 913 |      |             ::sys::mm::align_down(vaddr.into_raw_value(), PGTAB_ALIGNMENT),
 914 |      |         )?;
     |      |_________--
     |      |_________||
     |      |_________||
     |      |_________||
     |      |_________||
     |      |_________||
     |      |_________||
     |      |_________||
     |      |_________||
     |      |_________||
     |      |_________|
     |
 915 |      |         let pgtable_vaddr: PageTableAddress = PageTableAddress::new(pgtab_aligned);
     |      |                                                                     -------------
...         |
1604 |                        let vaddr: PageTableAligned<VirtualAddress> = PageTableAligned::from_raw_value(
     |       _____________________-----_____________________________________-
     |       _______________________________________________________________|
     |       _______________________________________________________________|
     |       _______________________________________________________________|
     |       _______________________________________________________________|
     |       _______________________________________________________________|
     |       _______________________________________________________________|
     |       _______________________________________________________________|
     |       _______________________________________________________________|
     |       _______________________________________________________________|
     |       _______________________________________________________________|
     |      |
1605 |      |                     ::sys::mm::align_down(vaddr.into_raw_value(), PGTAB_ALIGNMENT),
1606 |      |                 )?;
     |      |_________________--
     |      |_________________||
     |      |_________________||
     |      |_________________||
     |      |_________________||
     |      |_________________||
     |      |_________________||
     |      |_________________||
     |      |_________________||
     |      |_________________||
     |      |_________________|
     |
1607 |      |                 let pgtable_vaddr: PageTableAddress = PageTableAddress::new(vaddr);
     |      |                                                                             -----
...         |
1679 |                    let vaddr: PageTableAligned<VirtualAddress> = PageTableAligned::from_raw_value(
     |       _________________-----_____________________________________-
     |       ___________________________________________________________|
     |       ___________________________________________________________|
     |       ___________________________________________________________|
     |       ___________________________________________________________|
     |       ___________________________________________________________|
     |       ___________________________________________________________|
     |       ___________________________________________________________|
     |       ___________________________________________________________|
     |       ___________________________________________________________|
     |       ___________________________________________________________|
     |      |
1680 |      |                 ::sys::mm::align_down(vaddr.into_raw_value(), PGTAB_ALIGNMENT),
1681 |      |             )?;
     |      |_____________--
     |      |_____________||
     |      |_____________||
     |      |_____________||
     |      |_____________||
     |      |_____________||
     |      |_____________||
     |      |_____________||
     |      |_____________||
     |      |_____________||
     |      |_____________|
     |
1682 |      |             let pgtable_vaddr: PageTableAddress = PageTableAddress::new(vaddr);
     |      |                                                                         -----
...         |
1753 |                    let vaddr: PageTableAligned<VirtualAddress> = PageTableAligned::from_raw_value(
     |       _________________-----_____________________________________-
     |       ___________________________________________________________|
     |       ___________________________________________________________|
     |       ___________________________________________________________|
     |       ___________________________________________________________|
     |       ___________________________________________________________|
     |       ___________________________________________________________|
     |       ___________________________________________________________|
     |       ___________________________________________________________|
     |       ___________________________________________________________|
     |       ___________________________________________________________|
     |      |
1754 |      |                 ::sys::mm::align_down(vaddr.into_raw_value(), PGTAB_ALIGNMENT),
1755 |      |             )?;
     |      |_____________--
     |      |_____________||
     |      |_____________||
     |      |_____________||
     |      |_____________||
     |      |_____________||
     |      |_____________||
     |      |_____________||
     |      |_____________||
     |      |_____________||
     |      |_____________|
     |
1756 |                    // Get the corresponding page directory entry.
1757 |      |             let pde: PageDirectoryEntry = match self.pgdir.read_pde(PageTableAddress::new(vaddr)) {
     |      |                                                                                           -----
     |
     = help: The following declaration may resolve this error:
             #[verifier::reject_recursive_types(T)]
             #[verifier::external_type_specification]
             pub struct ExPageTableAligned<T>(crate::hal::mem::types::address::aligned::pgtab::PageTableAligned<T>)
             where
             T: sys::mm::Address,;

error: cannot use function `kernel::hal::mem::types::address::aligned::pgtab::PageTableAligned::from_raw_value` which is ignored because it is either declared outside the verus! macro or it is marked as `external`.
    --> src/kernel/src/mm/virt/vmem.rs:293:64
     |
 293 |           let pt_vaddr: PageTableAddress = PageTableAddress::new(PageTableAligned::from_raw_value(
     |  ________________________________________________________________^
 294 | |             ::sys::mm::align_down(vaddr.into_raw_value(), PGTAB_ALIGNMENT),
 295 | |         )?);
     | |_________^
...
 421 |               let vaddr: PageTableAligned<VirtualAddress> = PageTableAligned::from_raw_value(
     |  ___________________________________________________________-
 422 | |                 ::sys::mm::align_down(vaddr.into_raw_value(), PGTAB_ALIGNMENT),
 423 | |             )?;
     | |_____________-
...
 743 |           let pgtab_addr: PageTableAddress = PageTableAddress::new(PageTableAligned::from_raw_value(
     |  __________________________________________________________________-
 744 | |             ::sys::mm::align_down(vaddr.into_raw_value(), PGTAB_ALIGNMENT),
 745 | |         )?);
     | |_________-
...
 786 |           let pgtab_addr: PageTableAddress = PageTableAddress::new(PageTableAligned::from_raw_value(
     |  __________________________________________________________________-
 787 | |             ::sys::mm::align_down(vaddr.into_raw_value(), PGTAB_ALIGNMENT),
 788 | |         )?);
     | |_________-
...
 879 |           let pgtab_aligned: PageTableAligned<VirtualAddress> = PageTableAligned::from_raw_value(
     |  _______________________________________________________________-
 880 | |             ::sys::mm::align_down(vaddr.into_raw_value(), PGTAB_ALIGNMENT),
 881 | |         )?;
     | |_________-
...
 912 |           let pgtab_aligned: PageTableAligned<VirtualAddress> = PageTableAligned::from_raw_value(
     |  _______________________________________________________________-
 913 | |             ::sys::mm::align_down(vaddr.into_raw_value(), PGTAB_ALIGNMENT),
 914 | |         )?;
     | |_________-
...
1604 |                   let vaddr: PageTableAligned<VirtualAddress> = PageTableAligned::from_raw_value(
     |  _______________________________________________________________-
1605 | |                     ::sys::mm::align_down(vaddr.into_raw_value(), PGTAB_ALIGNMENT),
1606 | |                 )?;
     | |_________________-
...
1679 |               let vaddr: PageTableAligned<VirtualAddress> = PageTableAligned::from_raw_value(
     |  ___________________________________________________________-
1680 | |                 ::sys::mm::align_down(vaddr.into_raw_value(), PGTAB_ALIGNMENT),
1681 | |             )?;
     | |_____________-
...
1753 |               let vaddr: PageTableAligned<VirtualAddress> = PageTableAligned::from_raw_value(
     |  ___________________________________________________________-
1754 | |                 ::sys::mm::align_down(vaddr.into_raw_value(), PGTAB_ALIGNMENT),
1755 | |             )?;
     | |_____________-
     |
     = help: The following declaration may resolve this error:
             pub assume_specification<T> [<crate::hal::mem::types::address::aligned::pgtab::PageTableAligned<T> as sys::mm::Address>::crate::from_raw_value] (_0: usize) -> core::result::Result<hal::mem::types::address::aligned::pgtab::PageTableAligned<T>, sys::error::Error>
             where
             T: sys::mm::Address,;

error: `sys::sys::mm::alignment::align_down` is not supported (note: you may be able to add a Verus specification to this function with `assume_specification`)
    --> src/kernel/src/mm/virt/vmem.rs:294:13
     |
 294 |             ::sys::mm::align_down(vaddr.into_raw_value(), PGTAB_ALIGNMENT),
     |             ^^^^^^^^^^^^^^^^^^^^^^^^^^^^^^^^^^^^^^^^^^^^^^^^^^^^^^^^^^^^^^
...
 422 |                 ::sys::mm::align_down(vaddr.into_raw_value(), PGTAB_ALIGNMENT),
     |                 --------------------------------------------------------------
...
 744 |             ::sys::mm::align_down(vaddr.into_raw_value(), PGTAB_ALIGNMENT),
     |             --------------------------------------------------------------
...
 787 |             ::sys::mm::align_down(vaddr.into_raw_value(), PGTAB_ALIGNMENT),
     |             --------------------------------------------------------------
...
 880 |             ::sys::mm::align_down(vaddr.into_raw_value(), PGTAB_ALIGNMENT),
     |             --------------------------------------------------------------
...
 913 |             ::sys::mm::align_down(vaddr.into_raw_value(), PGTAB_ALIGNMENT),
     |             --------------------------------------------------------------
...
1063 |         let start: usize = ::sys::mm::align_down(addr.into_raw_value(), PAGE_ALIGNMENT);
     |                            ------------------------------------------------------------
...
1070 |         let last_page: usize = ::sys::mm::align_down(end_inclusive, PAGE_ALIGNMENT);
     |                                ----------------------------------------------------
...
1605 |                     ::sys::mm::align_down(vaddr.into_raw_value(), PGTAB_ALIGNMENT),
     |                     --------------------------------------------------------------
...
1680 |                 ::sys::mm::align_down(vaddr.into_raw_value(), PGTAB_ALIGNMENT),
     |                 --------------------------------------------------------------
...
1754 |                 ::sys::mm::align_down(vaddr.into_raw_value(), PGTAB_ALIGNMENT),
     |                 --------------------------------------------------------------
     |
     = help: The following declaration may resolve this error:
             pub assume_specification [sys::mm::align_down] (_0: usize, _1: sys::mm::Alignment) -> usize;

error: cannot use function `kernel::hal::mem::types::address::aligned::page::PageAligned::into_raw_value` which is ignored because it is either declared outside the verus! macro or it is marked as `external`.
    --> src/kernel/src/mm/virt/vmem.rs:294:35
     |
 294 |             ::sys::mm::align_down(vaddr.into_raw_value(), PGTAB_ALIGNMENT),
     |                                   ^^^^^^^^^^^^^^^^^^^^^^
...
 422 |                 ::sys::mm::align_down(vaddr.into_raw_value(), PGTAB_ALIGNMENT),
     |                                       ----------------------
...
 744 |             ::sys::mm::align_down(vaddr.into_raw_value(), PGTAB_ALIGNMENT),
     |                                   ----------------------
...
 787 |             ::sys::mm::align_down(vaddr.into_raw_value(), PGTAB_ALIGNMENT),
     |                                   ----------------------
...
 880 |             ::sys::mm::align_down(vaddr.into_raw_value(), PGTAB_ALIGNMENT),
     |                                   ----------------------
...
 913 |             ::sys::mm::align_down(vaddr.into_raw_value(), PGTAB_ALIGNMENT),
     |                                   ----------------------
...
1114 |         let offset: usize = vaddr.into_raw_value() - page_aligned.into_raw_value();
     |                                                      -----------------------------
...
1189 |                 let offset: usize = src.into_raw_value() - vaddr.into_raw_value();
     |                                                            ----------------------
...
1321 |             let offset: usize = dst.into_raw_value() - vaddr.into_raw_value();
     |                                                        ----------------------
...
1492 |                 let src_offset: usize = cur_src.into_raw_value() - src_page.into_raw_value();
     |                                                                    -------------------------
...
1498 |                 let dst_offset: usize = cur_dst.into_raw_value() - dst_page.into_raw_value();
     |                                                                    -------------------------
...
1558 |         let base: *mut u8 = usize_to_mut_ptr(dst.into_raw_value());
     |                                              --------------------
...
1605 |                     ::sys::mm::align_down(vaddr.into_raw_value(), PGTAB_ALIGNMENT),
     |                                           ----------------------
...
1680 |                 ::sys::mm::align_down(vaddr.into_raw_value(), PGTAB_ALIGNMENT),
     |                                       ----------------------
...
1754 |                 ::sys::mm::align_down(vaddr.into_raw_value(), PGTAB_ALIGNMENT),
     |                                       ----------------------
...
1793 |                         FrameAddress::new(PageAligned::from_raw_value(vaddr.into_raw_value())?);
     |                                                                       ----------------------
     |
     = help: The following declaration may resolve this error:
             pub assume_specification<T> [<crate::hal::mem::types::address::aligned::page::PageAligned<T> as sys::mm::Address>::crate::into_raw_value] (_0: crate::hal::mem::types::address::aligned::page::PageAligned<T>) -> usize
             where
             T: sys::mm::Address,;

error: `arch::x86::mem::constants::PGTAB_ALIGNMENT` is not supported (note: you may be able to add a Verus specification to this function with `assume_specification`)
    --> src/kernel/src/mm/virt/vmem.rs:294:59
     |
 294 |             ::sys::mm::align_down(vaddr.into_raw_value(), PGTAB_ALIGNMENT),
     |                                                           ^^^^^^^^^^^^^^^
...
 422 |                 ::sys::mm::align_down(vaddr.into_raw_value(), PGTAB_ALIGNMENT),
     |                                                               ---------------
...
 744 |             ::sys::mm::align_down(vaddr.into_raw_value(), PGTAB_ALIGNMENT),
     |                                                           ---------------
...
 787 |             ::sys::mm::align_down(vaddr.into_raw_value(), PGTAB_ALIGNMENT),
     |                                                           ---------------
...
 880 |             ::sys::mm::align_down(vaddr.into_raw_value(), PGTAB_ALIGNMENT),
     |                                                           ---------------
...
 913 |             ::sys::mm::align_down(vaddr.into_raw_value(), PGTAB_ALIGNMENT),
     |                                                           ---------------
...
1605 |                     ::sys::mm::align_down(vaddr.into_raw_value(), PGTAB_ALIGNMENT),
     |                                                                   ---------------
...
1680 |                 ::sys::mm::align_down(vaddr.into_raw_value(), PGTAB_ALIGNMENT),
     |                                                               ---------------
...
1754 |                 ::sys::mm::align_down(vaddr.into_raw_value(), PGTAB_ALIGNMENT),
     |                                                               ---------------

error: `sys::sys::mm::alignment::Alignment` is not supported (note: you may be able to add a Verus specification to this type with the `external_type_specification` attribute)
    --> src/kernel/src/mm/virt/vmem.rs:294:59
     |
 294 |             ::sys::mm::align_down(vaddr.into_raw_value(), PGTAB_ALIGNMENT),
     |                                                           ^^^^^^^^^^^^^^^
...
 422 |                 ::sys::mm::align_down(vaddr.into_raw_value(), PGTAB_ALIGNMENT),
     |                                                               ---------------
...
 744 |             ::sys::mm::align_down(vaddr.into_raw_value(), PGTAB_ALIGNMENT),
     |                                                           ---------------
...
 787 |             ::sys::mm::align_down(vaddr.into_raw_value(), PGTAB_ALIGNMENT),
     |                                                           ---------------
...
 880 |             ::sys::mm::align_down(vaddr.into_raw_value(), PGTAB_ALIGNMENT),
     |                                                           ---------------
...
 913 |             ::sys::mm::align_down(vaddr.into_raw_value(), PGTAB_ALIGNMENT),
     |                                                           ---------------
...
1063 |         let start: usize = ::sys::mm::align_down(addr.into_raw_value(), PAGE_ALIGNMENT);
     |                                                                         --------------
...
1070 |         let last_page: usize = ::sys::mm::align_down(end_inclusive, PAGE_ALIGNMENT);
     |                                                                     --------------
...
1113 |             PageAligned::from_address(vaddr.align_down(PAGE_ALIGNMENT))?;
     |                                                        --------------
...
1188 |                     PageAligned::from_address(src.align_down(PAGE_ALIGNMENT))?;
     |                                                              --------------
...
1307 |                 match PageAligned::from_address(dst.align_down(PAGE_ALIGNMENT)) {
     |                                                                --------------
...
1491 |                     PageAligned::from_address(cur_src.align_down(PAGE_ALIGNMENT))?;
     |                                                                  --------------
...
1497 |                     PageAligned::from_address(cur_dst.align_down(PAGE_ALIGNMENT))?;
     |                                                                  --------------
...
1605 |                     ::sys::mm::align_down(vaddr.into_raw_value(), PGTAB_ALIGNMENT),
     |                                                                   ---------------
...
1680 |                 ::sys::mm::align_down(vaddr.into_raw_value(), PGTAB_ALIGNMENT),
     |                                                               ---------------
...
1754 |                 ::sys::mm::align_down(vaddr.into_raw_value(), PGTAB_ALIGNMENT),
     |                                                               ---------------

error: `arch::x86::mem::paging::pde::PageDirectoryEntry` is not supported (note: you may be able to add a Verus specification to this type with the `external_type_specification` attribute)
    --> src/kernel/src/mm/virt/vmem.rs:298:13
     |
 298 |            let pde: PageDirectoryEntry = match self.pgdir.read_pde(pt_vaddr) {
     |  ______________^^^_______________________-     -----------------------------
 299 | |              Some(pde) => pde,
     | |              ---------    ---
 300 | |              None => {
     | | _____________----____-
 301 | ||                 let reason: &str = "failed to read page directory entry";
 302 | ||                 error!("{reason}");
 303 | ||                 return Err(Error::new(ErrorCode::TryAgain, reason));
 304 | ||             },
     | ||_____________-
 305 | |          };
     | |__________-
...
 308 |            if !pde.is_present() {
     |                ---
...
 426 |                let pde: PageDirectoryEntry = match self.pgdir.read_pde(pgtable_vaddr) {
     |   _________________---_______________________-     ----------------------------------
     |   ___________________________________________|
     |  |
 427 |  |                 Some(pde) => pde,
     |  |                 ---------    ---
 428 |                    None => {
     |   _________________----____-
 429 |                        let reason: &str = "failed to read page directory entry";
 430 |                        error!("{reason}");
 431 |                        return Err(Error::new(ErrorCode::TryAgain, reason));
 432 |  |                 },
     |  |_________________-
 433 |  |             };
     |  |_____________-
     |  |_____________|
     |
...
 437 |  |             if !pde.is_present() {
     |  |                 ---
...     |
 646 |  |         pde: &PageDirectoryEntry,
     |  |         ------------------------
...     |
1609 |                    let pde: PageDirectoryEntry = match self.pgdir.read_pde(pgtable_vaddr) {
     |   _____________________---_______________________-     ----------------------------------
     |   _______________________________________________|
     |  |
1610 |  |                     Some(pde) => pde,
     |  |                     ---------    ---
1611 |                        None => {
     |   _____________________----____-
1612 |                            let reason: &str = "failed to read page directory entry";
1613 |                            error!("{reason}");
1614 |                            return Err(Error::new(ErrorCode::TryAgain, reason));
1615 |  |                     },
     |  |_____________________-
1616 |  |                 };
     |  |_________________-
     |  |_________________|
     |
...
1620 |  |                 if !pde.is_present() {
     |  |                     ---
...     |
1684 |                let pde: PageDirectoryEntry = match self.pgdir.read_pde(pgtable_vaddr) {
     |   _________________---_______________________-     ----------------------------------
     |   ___________________________________________|
     |  |
1685 |  |                 Some(pde) => pde,
     |  |                 ---------    ---
1686 |                    None => {
     |   _________________----____-
1687 |                        let reason: &str = "failed to read page directory entry";
1688 |                        error!("{reason}");
1689 |                        return Err(Error::new(ErrorCode::TryAgain, reason));
1690 |  |                 },
     |  |_________________-
1691 |  |             };
     |  |_____________-
     |  |_____________|
     |
...
1694 |  |             if !pde.is_present() {
     |  |                 ---
...     |
1757 |                let pde: PageDirectoryEntry = match self.pgdir.read_pde(PageTableAddress::new(vaddr)) {
     |   _________________---_______________________-     -------------------------------------------------
     |   ___________________________________________|
     |  |
1758 |  |                 Some(pde) => pde,
     |  |                 ---------    ---
1759 |                    None => {
     |   _________________----____-
1760 |                        let reason: &str = "failed to read page directory entry";
1761 |                        error!("{reason}");
1762 |                        return Err(Error::new(ErrorCode::TryAgain, reason));
1763 |  |                 },
     |  |_________________-
1764 |  |             };
     |  |_____________-
     |  |_____________|
     |
...
1767 |  |             if !pde.is_present() {
     |  |                 ---
...     |
1773 |  |             self.lookup_kernel_page_table(&pde)?
     |  |                                            ---
     |
     = help: The following declaration may resolve this error:
             #[verifier::external_type_specification]
             pub struct ExPageDirectoryEntry(arch::mem::paging::PageDirectoryEntry);

error: cannot use function `kernel::hal::arch::x86::mem::mmu::page_directory::PageDirectory::read_pde` which is ignored because it is either declared outside the verus! macro or it is marked as `external`.
    --> src/kernel/src/mm/virt/vmem.rs:298:45
     |
 298 |         let pde: PageDirectoryEntry = match self.pgdir.read_pde(pt_vaddr) {
     |                                             ^^^^^^^^^^^^^^^^^^^^^^^^^^^^^
...
 426 |             let pde: PageDirectoryEntry = match self.pgdir.read_pde(pgtable_vaddr) {
     |                                                 ----------------------------------
...
1609 |                 let pde: PageDirectoryEntry = match self.pgdir.read_pde(pgtable_vaddr) {
     |                                                     ----------------------------------
...
1684 |             let pde: PageDirectoryEntry = match self.pgdir.read_pde(pgtable_vaddr) {
     |                                                 ----------------------------------
...
1757 |             let pde: PageDirectoryEntry = match self.pgdir.read_pde(PageTableAddress::new(vaddr)) {
     |                                                 -------------------------------------------------
     |
     = help: The following declaration may resolve this error:
             pub assume_specification<T> [crate::hal::arch::x86::mem::mmu::page_directory::PageDirectory::<T>::read_pde] (_0: &crate::hal::arch::x86::mem::mmu::page_directory::PageDirectory<T>, _1: crate::hal::mem::types::address::page::PageTableAddress) -> core::option::Option<arch::mem::paging::PageDirectoryEntry>
             where
             T: core::ops::Deref<Target = [u32]> + core::ops::DerefMut,;

error: `arch::x86::mem::paging::pde::impl&%1::is_present` is not supported (note: you may be able to add a Verus specification to this function with `assume_specification`)
    --> src/kernel/src/mm/virt/vmem.rs:308:13
     |
 308 |         if !pde.is_present() {
     |             ^^^^^^^^^^^^^^^^
...
 437 |             if !pde.is_present() {
     |                 ----------------
...
1620 |                 if !pde.is_present() {
     |                     ----------------
...
1694 |             if !pde.is_present() {
     |                 ----------------
...
1767 |             if !pde.is_present() {
     |                 ----------------
     |
     = help: The following declaration may resolve this error:
             pub assume_specification [arch::mem::paging::PageDirectoryEntry::is_present] (_0: &arch::mem::paging::PageDirectoryEntry) -> bool;

error: `alloc::collections::linked_list::IterMut` is not supported (note: you may be able to add a Verus specification to this type with the `external_type_specification` attribute) (note: the vstd library provides some specification for the Rust std library, but it is currently limited)
   --> src/kernel/src/mm/virt/vmem.rs:329:13
    |
329 |         let mut kernel_page_table_iter = self.kernel_page_tables.iter_mut();
    |             ^^^^^^^^^^^^^^^^^^^^^^^^^^   ----------------------------------
330 |         loop {
331 |             let entry = match kernel_page_table_iter.next() {
    |                               -----------------------------
    |
    = help: The following declaration may resolve this error:
            #[verifier::reject_recursive_types(T)]
            #[verifier::external_type_specification]
            pub struct ExIterMut<'a, T>(alloc::collections::linked_list::IterMut<'a, T>);

error: `alloc::collections::linked_list::impl&%8::iter_mut` is not supported (note: you may be able to add a Verus specification to this function with `assume_specification`) (note: the vstd library provides some specification for the Rust std library, but it is currently limited)
   --> src/kernel/src/mm/virt/vmem.rs:329:42
    |
329 |         let mut kernel_page_table_iter = self.kernel_page_tables.iter_mut();
    |                                          ^^^^^^^^^^^^^^^^^^^^^^^^^^^^^^^^^^
    |
    = help: The following declaration may resolve this error:
            pub assume_specification<T, A> [alloc::collections::LinkedList::<T, A>::iter_mut] (_0: &alloc::collections::LinkedList<T, A>) -> alloc::collections::linked_list::IterMut<'_, T>
            where
            A: core::alloc::Allocator,;

error: `alloc::collections::linked_list::impl&%15::next` is not supported (note: you may be able to add a Verus specification to this function with `assume_specification`) (note: the vstd library provides some specification for the Rust std library, but it is currently limited)
   --> src/kernel/src/mm/virt/vmem.rs:331:31
    |
331 |             let entry = match kernel_page_table_iter.next() {
    |                               ^^^^^^^^^^^^^^^^^^^^^^^^^^^^^
    |
    = help: The following declaration may resolve this error:
            pub assume_specification<'a, T> [<alloc::collections::linked_list::IterMut<'a, T> as core::iter::Iterator>::next] (_0: &alloc::collections::linked_list::IterMut<'a, T>) -> core::option::Option<&'a mut T>;

error: cannot use function `kernel::hal::mem::types::address::page::PageTableAddress::into_raw_value` which is ignored because it is either declared outside the verus! macro or it is marked as `external`.
   --> src/kernel/src/mm/virt/vmem.rs:335:16
    |
335 |             if entry.borrow().0.into_raw_value() == pt_vaddr.into_raw_value() {
    |                ^^^^^^^^^^^^^^^^^^^^^^^^^^^^^^^^^    -------------------------
...
832 |             let base: usize = pgtab_addr.into_raw_value();
    |                               ---------------------------
    |
    = help: The following declaration may resolve this error:
            pub assume_specification [crate::hal::mem::types::address::page::PageTableAddress::into_raw_value] (_0: crate::hal::mem::types::address::page::PageTableAddress) -> usize;

error: cannot use function `kernel::hal::arch::x86::mem::mmu::page_table::PageTable::map` which is ignored because it is either declared outside the verus! macro or it is marked as `external`.
    --> src/kernel/src/mm/virt/vmem.rs:338:17
     |
 338 | /                 entry.borrow_mut().1.map(
 339 | |                     PageAddress::new(vaddr),
 340 | |                     kpage.frame_address(),
 341 | |                     true,
...    |
 344 | |                     AccessPermission::RDWR,
 345 | |                 )?;
     | |_________________^
...
 457 |           page_table.map(PageAddress::new(vaddr), uframe.address(), false, false, true, access)?;
     |           -------------------------------------------------------------------------------------
...
1794 | /                     pt_mut.1.map(
1795 | |                         page_address,
1796 | |                         frame_addr,
1797 | |                         false, // user-accessible (MMIO regions are mapped for user processes)
...    |
1800 | |                         access,
1801 | |                     )?;
     | |_____________________-
     |
     = help: The following declaration may resolve this error:
             pub assume_specification<T> [crate::hal::arch::x86::mem::mmu::page_table::PageTable::<T>::map] (_0: &crate::hal::arch::x86::mem::mmu::page_table::PageTable<T>, _1: crate::hal::mem::types::address::page::PageAddress, _2: crate::hal::mem::types::address::frame::FrameAddress, _3: bool, _4: bool, _5: bool, _6: sys::mm::AccessPermission) -> core::result::Result<(), sys::error::Error>
             where
             T: core::ops::Deref<Target = [u32]> + core::ops::DerefMut,;

error: `core::cell::impl&%55::deref_mut` is not supported (note: you may be able to add a Verus specification to this function with `assume_specification`) (note: the vstd library provides some specification for the Rust std library, but it is currently limited)
    --> src/kernel/src/mm/virt/vmem.rs:338:17
     |
 338 |                 entry.borrow_mut().1.map(
     |                 ^^^^^^^^^^^^^^^^^^
...
1794 |                     pt_mut.1.map(
     |                     ------
...
1804 |                     pt_mut.1.ctrl(false, page_address, access)?;
     |                     ------
     |
     = help: The following declaration may resolve this error:
             pub assume_specification<'a, T> [<core::cell::RefMut<'a, T> as core::ops::DerefMut>::deref_mut] (_0: &core::cell::RefMut<'a, T>) -> &T
             where
             T: core::marker::MetaSized + ?Sized,;

error: `core::cell::RefMut` is not supported (note: you may be able to add a Verus specification to this type with the `external_type_specification` attribute) (note: the vstd library provides some specification for the Rust std library, but it is currently limited)
    --> src/kernel/src/mm/virt/vmem.rs:338:17
     |
 338 |                 entry.borrow_mut().1.map(
     |                 ^^^^^^^^^^^^^^^^^^
...
1788 |             let mut pt_mut = page_table.borrow_mut();
     |                 ----------   -----------------------
1789 |             // If the PTE is not present, create an identity-mapped entry first.
1790 |             match pt_mut.1.is_page_present(page_address) {
     |                   ------
...
1794 |                     pt_mut.1.map(
     |                     ------
...
1804 |                     pt_mut.1.ctrl(false, page_address, access)?;
     |                     ------
     |
     = help: The following declaration may resolve this error:
             #[verifier::reject_recursive_types(T)]
             #[verifier::external_type_specification]
             pub struct ExRefMut<'b, T>(core::cell::RefMut<'b, T>)
             where
             T: core::marker::MetaSized + ?Sized,;

error: `core::cell::impl&%31::borrow_mut` is not supported (note: you may be able to add a Verus specification to this function with `assume_specification`) (note: the vstd library provides some specification for the Rust std library, but it is currently limited)
    --> src/kernel/src/mm/virt/vmem.rs:338:17
     |
 338 |                 entry.borrow_mut().1.map(
     |                 ^^^^^^^^^^^^^^^^^^
...
1788 |             let mut pt_mut = page_table.borrow_mut();
     |                              -----------------------
     |
     = help: The following declaration may resolve this error:
             pub assume_specification<T> [core::cell::RefCell::<T>::borrow_mut] (_0: &core::cell::RefCell<T>) -> core::cell::RefMut<'_, T>
             where
             T: core::marker::MetaSized + ?Sized,;

error: cannot use function `kernel::hal::mem::types::address::page::PageAddress::new` which is ignored because it is either declared outside the verus! macro or it is marked as `external`.
    --> src/kernel/src/mm/virt/vmem.rs:339:21
     |
 339 |                     PageAddress::new(vaddr),
     |                     ^^^^^^^^^^^^^^^^^^^^^^^
...
 457 |         page_table.map(PageAddress::new(vaddr), uframe.address(), false, false, true, access)?;
     |                        -----------------------
...
 742 |         let page_addr: PageAddress = PageAddress::new(vaddr);
     |                                      -----------------------
...
 785 |         let page_addr: PageAddress = PageAddress::new(vaddr);
     |                                      -----------------------
...
 885 |         page_table.mark_cow(PageAddress::new(vaddr))
     |                             -----------------------
...
 918 |         page_table.unmark_cow(PageAddress::new(vaddr))
     |                               -----------------------
...
1629 |             let page_address: PageAddress = PageAddress::new(vaddr);
     |                                             -----------------------
...
1703 |         let page_address: PageAddress = PageAddress::new(vaddr);
     |                                         -----------------------
...
1776 |         let page_address: PageAddress = PageAddress::new(vaddr);
     |                                         -----------------------
     |
     = help: The following declaration may resolve this error:
             pub assume_specification [crate::hal::mem::types::address::page::PageAddress::new] (_0: crate::hal::mem::types::address::aligned::page::PageAligned<sys::mm::VirtualAddress>) -> crate::hal::mem::types::address::page::PageAddress;

error: cannot use type `kernel::hal::mem::types::address::page::PageAddress` which is ignored because it is either declared outside the verus! macro or it is marked as `external`.
    --> src/kernel/src/mm/virt/vmem.rs:339:21
     |
 339 |                     PageAddress::new(vaddr),
     |                     ^^^^^^^^^^^^^^^^^^^^^^^
...
 457 |         page_table.map(PageAddress::new(vaddr), uframe.address(), false, false, true, access)?;
     |                        -----------------------
...
 742 |         let page_addr: PageAddress = PageAddress::new(vaddr);
     |             ---------                -----------------------
...
 754 |                 if page_table.is_page_present(page_addr)? {
     |                                               ---------
 755 |                     return Ok(Some(page_table.lookup(page_addr)?));
     |                                                      ---------
...
 785 |         let page_addr: PageAddress = PageAddress::new(vaddr);
     |             ---------                -----------------------
...
 797 |                 return Ok(page_table.read_pte_at(page_addr));
     |                                                  ---------
...
 885 |         page_table.mark_cow(PageAddress::new(vaddr))
     |                             -----------------------
...
 918 |         page_table.unmark_cow(PageAddress::new(vaddr))
     |                               -----------------------
...
1629 |             let page_address: PageAddress = PageAddress::new(vaddr);
     |                 ------------                -----------------------
...
1632 |             if page_table.lookup(page_address)? != frame_address {
     |                                  ------------
...
1639 |             page_table.unmap(page_address)?;
     |                              ------------
...
1703 |         let page_address: PageAddress = PageAddress::new(vaddr);
     |             ------------                -----------------------
...
1706 |         page_table.ctrl(false, page_address, access)?;
     |                                ------------
...
1776 |         let page_address: PageAddress = PageAddress::new(vaddr);
     |             ------------                -----------------------
...
1781 |             match pt_ref.1.is_page_present(page_address) {
     |                                            ------------
...
1790 |             match pt_mut.1.is_page_present(page_address) {
     |                                            ------------
...
1795 |                         page_address,
     |                         ------------
...
1804 |                     pt_mut.1.ctrl(false, page_address, access)?;
     |                                          ------------
     |
     = help: The following declaration may resolve this error:
             #[verifier::external_type_specification]
             pub struct ExPageAddress(crate::hal::mem::types::address::page::PageAddress);

error: cannot use function `kernel::mm::virt::kpage::KernelPage::frame_address` which is ignored because it is either declared outside the verus! macro or it is marked as `external`.
   --> src/kernel/src/mm/virt/vmem.rs:340:21
    |
340 |                     kpage.frame_address(),
    |                     ^^^^^^^^^^^^^^^^^^^^^
    |
    = help: The following declaration may resolve this error:
            pub assume_specification [crate::mm::virt::kpage::KernelPage::frame_address] (_0: &crate::mm::virt::kpage::KernelPage) -> crate::hal::mem::types::address::frame::FrameAddress;

error: cannot use type `kernel::mm::phys::upool::UserFrame` which is ignored because it is either declared outside the verus! macro or it is marked as `external`.
    --> src/kernel/src/mm/virt/vmem.rs:408:9
     |
 408 |             uframe: UserFrame,
     |             ^^^^^^^^^^^^^^^^^
...
 457 |             page_table.map(PageAddress::new(vaddr), uframe.address(), false, false, true, access)?;
     |                                                     ------
...
 464 |             uframe.leak();
     |             ------
...
1004 |             let probe: ManuallyDrop<UserFrame> = ManuallyDrop::new(UserFrame::new(src_frame));
     |                 -----                            --------------------------------------------
1005 |             if probe.refcount()? == 1 {
     |                -----
...
1014 |             let new_frame: UserFrame = unsafe { PhysMemoryManager::get_mut() }.alloc_user_frame()?;
     |                 ---------              -----------------------------------------------------------
...
1017 |             let dst_paddr: usize = new_frame.address().into_raw_value();
     |                                    ---------
...
1022 |             let new_frame_addr: FrameAddress = new_frame.address();
     |                                                ---------
...
1026 |             let _ = new_frame.leak();
     |                     ---------
...
1030 |             drop(UserFrame::new(old_frame));
     |             -------------------------------
...
1587 |         ) -> Result<Option<UserFrame>, Error> {
     |  ____________--------------------------------_-
1588 | |           // Check if the provided address lies outside the user space.
1589 | |           if !Self::is_user_addr(vaddr.into_inner()) {
1590 | |               let reason: &str = "address is not in user space";
1591 | |               error!("{reason}");
1592 | |               return Err(Error::new(ErrorCode::BadAddress, reason));
     | |                      ----------------------------------------------
...    |
1596 | |           let frame_address: FrameAddress = match self.try_find_user_frame(vaddr)? {
     | |                                                   --------------------------------
1597 | |               Some(addr) => addr,
1598 | |               None => return Ok(None),
     | |                              --------
...    |
1604 | |                   let vaddr: PageTableAligned<VirtualAddress> = PageTableAligned::from_raw_value(
     | |  _______________________________________________________________-
1605 | | |                     ::sys::mm::align_down(vaddr.into_raw_value(), PGTAB_ALIGNMENT),
1606 | | |                 )?;
     | | |__________________-
...    |
1614 | |                           return Err(Error::new(ErrorCode::TryAgain, reason));
     | |                                  --------------------------------------------
...    |
1623 | |                       return Err(Error::new(ErrorCode::NoSuchEntry, reason));
     | |                              -----------------------------------------------
...    |
1626 | |                   (pgtable_vaddr, self.lookup_user_page_table(pgtable_vaddr)?)
     | |                                   -------------------------------------------
...    |
1632 | |               if page_table.lookup(page_address)? != frame_address {
     | |                  --------------------------------
...    |
1639 | |               page_table.unmap(page_address)?;
     | |               -------------------------------
...    |
1658 | |               self.pgdir.unmap(pgtable_vaddr)?;
     | |               --------------------------------
...    |
1661 | |           Ok(Some(UserFrame::new(frame_address)))
     | |           ---------------------------------------
1662 | |       }
     | |_______-
     |
     = help: The following declaration may resolve this error:
             #[verifier::external_type_specification]
             pub struct ExUserFrame(crate::mm::phys::upool::UserFrame);

error: cannot use function `kernel::hal::mem::types::address::aligned::page::PageAligned::into_inner` which is ignored because it is either declared outside the verus! macro or it is marked as `external`.
    --> src/kernel/src/mm/virt/vmem.rs:413:32
     |
 413 |         if !Self::is_user_addr(vaddr.into_inner()) {
     |                                ^^^^^^^^^^^^^^^^^^
...
 485 |         if !Self::is_user_addr(vaddr.into_inner()) {
     |                                ------------------
...
 873 |         if !Self::is_user_addr(vaddr.into_inner()) {
     |                                ------------------
...
 906 |         if !Self::is_user_addr(vaddr.into_inner()) {
     |                                ------------------
...
 983 |         if !Self::is_user_addr(vaddr.into_inner()) {
     |                                ------------------
...
1589 |         if !Self::is_user_addr(vaddr.into_inner()) {
     |                                ------------------
...
1671 |         if !Self::is_user_addr(vaddr.into_inner()) {
     |                                ------------------
...
1745 |         if !Self::is_kernel_addr(vaddr.into_inner()) {
     |                                  ------------------
     |
     = help: The following declaration may resolve this error:
             pub assume_specification<T> [crate::hal::mem::types::address::aligned::page::PageAligned::<T>::into_inner] (_0: crate::hal::mem::types::address::aligned::page::PageAligned<T>) -> T
             where
             T: sys::mm::Address,;

error: `alloc::collections::linked_list::impl&%8::push_front` is not supported (note: you may be able to add a Verus specification to this function with `assume_specification`) (note: the vstd library provides some specification for the Rust std library, but it is currently limited)
   --> src/kernel/src/mm/virt/vmem.rs:449:17
    |
449 | /                 self.user_page_tables
450 | |                     .push_front((pgtable_vaddr, page_table));
    | |____________________________________________________________^
    |
    = help: The following declaration may resolve this error:
            pub assume_specification<T, A> [alloc::collections::LinkedList::<T, A>::push_front] (_0: &alloc::collections::LinkedList<T, A>, _1: T)
            where
            A: core::alloc::Allocator,;

error: cannot use function `kernel::mm::phys::upool::UserFrame::address` which is ignored because it is either declared outside the verus! macro or it is marked as `external`.
    --> src/kernel/src/mm/virt/vmem.rs:457:49
     |
 457 |         page_table.map(PageAddress::new(vaddr), uframe.address(), false, false, true, access)?;
     |                                                 ^^^^^^^^^^^^^^^^
...
1017 |         let dst_paddr: usize = new_frame.address().into_raw_value();
     |                                -------------------
...
1022 |         let new_frame_addr: FrameAddress = new_frame.address();
     |                                            -------------------
     |
     = help: The following declaration may resolve this error:
             pub assume_specification [crate::mm::phys::upool::UserFrame::address] (_0: &crate::mm::phys::upool::UserFrame) -> crate::hal::mem::types::address::frame::FrameAddress;

error: cannot use function `kernel::mm::phys::upool::UserFrame::leak` which is ignored because it is either declared outside the verus! macro or it is marked as `external`.
    --> src/kernel/src/mm/virt/vmem.rs:464:9
     |
 464 |         uframe.leak();
     |         ^^^^^^^^^^^^^
...
1026 |         let _ = new_frame.leak();
     |                 ----------------
     |
     = help: The following declaration may resolve this error:
             pub assume_specification [crate::mm::phys::upool::UserFrame::leak] (_0: crate::mm::phys::upool::UserFrame) -> crate::hal::mem::types::address::frame::FrameAddress;

error: `sys::sys::config::memory_layout::USER_BASE` is not supported (note: you may be able to add a Verus specification to this function with `assume_specification`)
   --> src/kernel/src/mm/virt/vmem.rs:494:22
    |
494 |         virt_addr >= config::memory_layout::USER_BASE && virt_addr < config::memory_layout::USER_END
    |                      ^^^^^^^^^^^^^^^^^^^^^^^^^^^^^^^^

error: `sys::sys::config::memory_layout::USER_END` is not supported (note: you may be able to add a Verus specification to this function with `assume_specification`)
   --> src/kernel/src/mm/virt/vmem.rs:494:70
    |
494 |         virt_addr >= config::memory_layout::USER_BASE && virt_addr < config::memory_layout::USER_END
    |                                                                      ^^^^^^^^^^^^^^^^^^^^^^^^^^^^^^^

error: `sys::sys::mm::address::virt::impl&%0::checked_add` is not supported (note: you may be able to add a Verus specification to this function with `assume_specification`)
   --> src/kernel/src/mm/virt/vmem.rs:518:15
    |
518 |         match start.checked_add(size - 1) {
    |               ^^^^^^^^^^^^^^^^^^^^^^^^^^^
    |
    = help: The following declaration may resolve this error:
            pub assume_specification [sys::mm::VirtualAddress::checked_add] (_0: &sys::mm::VirtualAddress, _1: usize) -> core::option::Option<sys::mm::VirtualAddress>;

error: cannot use function `kernel::hal::platform::microvm::is_valid_physical_region` which is ignored because it is either declared outside the verus! macro or it is marked as `external`.
   --> src/kernel/src/mm/virt/vmem.rs:573:9
    |
573 |         crate::hal::platform::is_valid_physical_region(start, size)
    |         ^^^^^^^^^^^^^^^^^^^^^^^^^^^^^^^^^^^^^^^^^^^^^^^^^^^^^^^^^^^
    |
    = help: The following declaration may resolve this error:
            pub assume_specification [crate::hal::platform::microvm::is_valid_physical_region] (_0: usize, _1: usize) -> bool;

error: cannot use function `kernel::hal::arch::x86::mem::mmu::page_table::PageTable::is_page_present` which is ignored because it is either declared outside the verus! macro or it is marked as `external`.
    --> src/kernel/src/mm/virt/vmem.rs:754:20
     |
 754 |                 if page_table.is_page_present(page_addr)? {
     |                    ^^^^^^^^^^^^^^^^^^^^^^^^^^^^^^^^^^^^^
...
1781 |             match pt_ref.1.is_page_present(page_address) {
     |                   --------------------------------------
...
1790 |             match pt_mut.1.is_page_present(page_address) {
     |                   --------------------------------------
     |
     = help: The following declaration may resolve this error:
             pub assume_specification<T> [crate::hal::arch::x86::mem::mmu::page_table::PageTable::<T>::is_page_present] (_0: &crate::hal::arch::x86::mem::mmu::page_table::PageTable<T>, _1: crate::hal::mem::types::address::page::PageAddress) -> core::result::Result<bool, sys::error::Error>
             where
             T: core::ops::Deref<Target = [u32]> + core::ops::DerefMut,;

error: cannot use function `kernel::hal::arch::x86::mem::mmu::page_table::PageTable::lookup` which is ignored because it is either declared outside the verus! macro or it is marked as `external`.
    --> src/kernel/src/mm/virt/vmem.rs:755:36
     |
 755 |                     return Ok(Some(page_table.lookup(page_addr)?));
     |                                    ^^^^^^^^^^^^^^^^^^^^^^^^^^^^
...
1632 |             if page_table.lookup(page_address)? != frame_address {
     |                -------------------------------
     |
     = help: The following declaration may resolve this error:
             pub assume_specification<T> [crate::hal::arch::x86::mem::mmu::page_table::PageTable::<T>::lookup] (_0: &crate::hal::arch::x86::mem::mmu::page_table::PageTable<T>, _1: crate::hal::mem::types::address::page::PageAddress) -> core::result::Result<hal::mem::types::address::frame::FrameAddress, sys::error::Error>
             where
             T: core::ops::Deref<Target = [u32]> + core::ops::DerefMut,;

error: `arch::x86::mem::paging::pte::PageTableEntry` is not supported (note: you may be able to add a Verus specification to this type with the `external_type_specification` attribute)
    --> src/kernel/src/mm/virt/vmem.rs:784:10
     |
 784 |         ) -> Result<Option<PageTableEntry>, Error> {
     |  ____________^^^^^^^^^^^^^^^^^^^^^^^^^^^^^^^^^^^^^_-
 785 | |           let page_addr: PageAddress = PageAddress::new(vaddr);
 786 | |           let pgtab_addr: PageTableAddress = PageTableAddress::new(PageTableAligned::from_raw_value(
     | |  __________________________________________________________________-
 787 | | |             ::sys::mm::align_down(vaddr.into_raw_value(), PGTAB_ALIGNMENT),
 788 | | |         )?);
     | | |__________-
...    |
 797 | |                   return Ok(page_table.read_pte_at(page_addr));
     | |                          -------------------------------------
...    |
 801 | |           Ok(None)
     | |           --------
 802 | |       }
     | |_______-
...
 835 |                     let (pte_idx, pte) = match pte_iter.next() {
     |    _____________________--------------___-     ---------------
     |    ______________________________________|
     |   |
 836 |   |                     Some(entry) => entry,
     |   |                     -----------    -----
 837 |   |                     None => break,
     |   |                     ----    -----
 838 |   |                 };
     |   |_________________-
     |   |_________________|
     |
...
 849 |   |                 f(vaddr, pte)?;
     |   |                 -------------
...      |
 987 |             let pte: PageTableEntry = match self.try_find_user_pte(vaddr)? {
     |    _____________---___________________-     ------------------------------
     |    ___________________________________|
     |   |
 988 |   |             Some(pte) => pte,
     |   |             ---------    ---
 989 |   |             None => return Ok(false),
     |   |             ----    ----------------
 990 |   |         };
     |   |_________-
     |   |_________|
     |
 991 |   |         if !pte.is_cow() {
     |   |             ---
...      |
1001 |   |         let src_frame: FrameAddress = FrameAddress::from_frame_number(pte.frame_number())?;
     |   |                                                                       ---
...      |
1016 |   |         let src_paddr: usize = pte.frame_address();
     |   |                                ---
     |
     = help: The following declaration may resolve this error:
             #[verifier::external_type_specification]
             pub struct ExPageTableEntry(arch::mem::paging::PageTableEntry);

error: cannot use function `kernel::hal::arch::x86::mem::mmu::page_table::PageTable::read_pte_at` which is ignored because it is either declared outside the verus! macro or it is marked as `external`.
   --> src/kernel/src/mm/virt/vmem.rs:797:27
    |
797 |                 return Ok(page_table.read_pte_at(page_addr));
    |                           ^^^^^^^^^^^^^^^^^^^^^^^^^^^^^^^^^
    |
    = help: The following declaration may resolve this error:
            pub assume_specification<T> [crate::hal::arch::x86::mem::mmu::page_table::PageTable::<T>::read_pte_at] (_0: &crate::hal::arch::x86::mem::mmu::page_table::PageTable<T>, _1: crate::hal::mem::types::address::page::PageAddress) -> core::option::Option<arch::mem::paging::PageTableEntry>
            where
            T: core::ops::Deref<Target = [u32]> + core::ops::DerefMut,;

error: cannot use function `kernel::hal::arch::x86::mem::mmu::page_table::PageTable::iter_present_ptes` which is ignored because it is either declared outside the verus! macro or it is marked as `external`.
   --> src/kernel/src/mm/virt/vmem.rs:833:32
    |
833 |             let mut pte_iter = page_table.iter_present_ptes();
    |                                ^^^^^^^^^^^^^^^^^^^^^^^^^^^^^^
    |
    = help: The following declaration may resolve this error:
            pub assume_specification<T> [crate::hal::arch::x86::mem::mmu::page_table::PageTable::<T>::iter_present_ptes] (_0: &crate::hal::arch::x86::mem::mmu::page_table::PageTable<T>) -> impl core::iter::Iterator<Item = (usize, arch::mem::paging::PageTableEntry)> + '_
            where
            T: core::ops::Deref<Target = [u32]> + core::ops::DerefMut,;

error: `arch::x86::mem::constants::PAGE_SIZE` is not supported (note: you may be able to add a Verus specification to this function with `assume_specification`)
    --> src/kernel/src/mm/virt/vmem.rs:841:45
     |
 841 |                         pte_idx.checked_mul(mem::PAGE_SIZE).ok_or_else(|| {
     |                                             ^^^^^^^^^^^^^^
...
1018 |         super::memcpy(usize_to_mut_ptr(dst_paddr), usize_to_const_ptr(src_paddr), mem::PAGE_SIZE)?;
     |                                                                                   --------------
...
1084 |             page = page.checked_add(mem::PAGE_SIZE).ok_or_else(|| {
     |                                     --------------
...
1190 |                 let copy_size: usize = usize::min(size, mem::PAGE_SIZE - offset);
     |                                                         --------------
...
1322 |             let copy_size: usize = usize::min(mem::PAGE_SIZE - offset, size);
     |                                               --------------
...
1493 |                 let src_avail: usize = mem::PAGE_SIZE - src_offset;
     |                                        --------------
...
1499 |                 let dst_avail: usize = mem::PAGE_SIZE - dst_offset;
     |                                        --------------
...
1560 |         super::memset(base, value as u8, mem::PAGE_SIZE)?;
     |                                          --------------

error: cannot use function `kernel::hal::mem::types::address::aligned::page::PageAligned::from_raw_value` which is ignored because it is either declared outside the verus! macro or it is marked as `external`.
    --> src/kernel/src/mm/virt/vmem.rs:848:58
     |
 848 |                 let vaddr: PageAligned<VirtualAddress> = PageAligned::from_raw_value(raw_vaddr)?;
     |                                                          ^^^^^^^^^^^^^^^^^^^^^^^^^^^^^^^^^^^^^^
...
1074 |             let vaddr: PageAligned<VirtualAddress> = PageAligned::from_raw_value(page)?;
     |                                                      ---------------------------------
...
1793 |                         FrameAddress::new(PageAligned::from_raw_value(vaddr.into_raw_value())?);
     |                                           ---------------------------------------------------
     |
     = help: The following declaration may resolve this error:
             pub assume_specification<T> [<crate::hal::mem::types::address::aligned::page::PageAligned<T> as sys::mm::Address>::crate::from_raw_value] (_0: usize) -> core::result::Result<hal::mem::types::address::aligned::page::PageAligned<T>, sys::error::Error>
             where
             T: sys::mm::Address,;

error: cannot use function `kernel::hal::arch::x86::mem::mmu::page_table::PageTable::mark_cow` which is ignored because it is either declared outside the verus! macro or it is marked as `external`.
   --> src/kernel/src/mm/virt/vmem.rs:885:9
    |
885 |         page_table.mark_cow(PageAddress::new(vaddr))
    |         ^^^^^^^^^^^^^^^^^^^^^^^^^^^^^^^^^^^^^^^^^^^^
    |
    = help: The following declaration may resolve this error:
            pub assume_specification<T> [crate::hal::arch::x86::mem::mmu::page_table::PageTable::<T>::mark_cow] (_0: &crate::hal::arch::x86::mem::mmu::page_table::PageTable<T>, _1: crate::hal::mem::types::address::page::PageAddress) -> core::result::Result<(), sys::error::Error>
            where
            T: core::ops::Deref<Target = [u32]> + core::ops::DerefMut,;

error: cannot use function `kernel::hal::arch::x86::mem::mmu::page_table::PageTable::unmark_cow` which is ignored because it is either declared outside the verus! macro or it is marked as `external`.
   --> src/kernel/src/mm/virt/vmem.rs:918:9
    |
918 |         page_table.unmark_cow(PageAddress::new(vaddr))
    |         ^^^^^^^^^^^^^^^^^^^^^^^^^^^^^^^^^^^^^^^^^^^^^^
    |
    = help: The following declaration may resolve this error:
            pub assume_specification<T> [crate::hal::arch::x86::mem::mmu::page_table::PageTable::<T>::unmark_cow] (_0: &crate::hal::arch::x86::mem::mmu::page_table::PageTable<T>, _1: crate::hal::mem::types::address::page::PageAddress) -> core::result::Result<(), sys::error::Error>
            where
            T: core::ops::Deref<Target = [u32]> + core::ops::DerefMut,;

error: `arch::x86::mem::paging::pte::impl&%1::is_cow` is not supported (note: you may be able to add a Verus specification to this function with `assume_specification`)
   --> src/kernel/src/mm/virt/vmem.rs:991:13
    |
991 |         if !pte.is_cow() {
    |             ^^^^^^^^^^^^
    |
    = help: The following declaration may resolve this error:
            pub assume_specification [arch::mem::paging::PageTableEntry::is_cow] (_0: &arch::mem::paging::PageTableEntry) -> bool;

error: cannot use function `kernel::hal::mem::types::address::frame::FrameAddress::from_frame_number` which is ignored because it is either declared outside the verus! macro or it is marked as `external`.
    --> src/kernel/src/mm/virt/vmem.rs:1001:39
     |
1001 |         let src_frame: FrameAddress = FrameAddress::from_frame_number(pte.frame_number())?;
     |                                       ^^^^^^^^^^^^^^^^^^^^^^^^^^^^^^^^^^^^^^^^^^^^^^^^^^^
     |
     = help: The following declaration may resolve this error:
             pub assume_specification [crate::hal::mem::types::address::frame::FrameAddress::from_frame_number] (_0: arch::mem::paging::FrameNumber) -> core::result::Result<hal::mem::types::address::frame::FrameAddress, sys::error::Error>;

error: `arch::x86::mem::paging::pte::impl&%1::frame_number` is not supported (note: you may be able to add a Verus specification to this function with `assume_specification`)
    --> src/kernel/src/mm/virt/vmem.rs:1001:71
     |
1001 |         let src_frame: FrameAddress = FrameAddress::from_frame_number(pte.frame_number())?;
     |                                                                       ^^^^^^^^^^^^^^^^^^
     |
     = help: The following declaration may resolve this error:
             pub assume_specification [arch::mem::paging::PageTableEntry::frame_number] (_0: &arch::mem::paging::PageTableEntry) -> arch::mem::paging::FrameNumber;

error: `arch::x86::mem::paging::frame::number::FrameNumber` is not supported (note: you may be able to add a Verus specification to this type with the `external_type_specification` attribute)
    --> src/kernel/src/mm/virt/vmem.rs:1001:71
     |
1001 |         let src_frame: FrameAddress = FrameAddress::from_frame_number(pte.frame_number())?;
     |                                                                       ^^^^^^^^^^^^^^^^^^

error: cannot use function `kernel::mm::phys::upool::UserFrame::new` which is ignored because it is either declared outside the verus! macro or it is marked as `external`.
    --> src/kernel/src/mm/virt/vmem.rs:1004:64
     |
1004 |         let probe: ManuallyDrop<UserFrame> = ManuallyDrop::new(UserFrame::new(src_frame));
     |                                                                ^^^^^^^^^^^^^^^^^^^^^^^^^
...
1030 |         drop(UserFrame::new(old_frame));
     |              -------------------------
...
1661 |         Ok(Some(UserFrame::new(frame_address)))
     |                 -----------------------------
     |
     = help: The following declaration may resolve this error:
             pub assume_specification [crate::mm::phys::upool::UserFrame::new] (_0: crate::hal::mem::types::address::frame::FrameAddress) -> crate::mm::phys::upool::UserFrame;

error: cannot use function `kernel::mm::phys::upool::UserFrame::refcount` which is ignored because it is either declared outside the verus! macro or it is marked as `external`.
    --> src/kernel/src/mm/virt/vmem.rs:1005:12
     |
1005 |         if probe.refcount()? == 1 {
     |            ^^^^^^^^^^^^^^^^
     |
     = help: The following declaration may resolve this error:
             pub assume_specification [crate::mm::phys::upool::UserFrame::refcount] (_0: &crate::mm::phys::upool::UserFrame) -> core::result::Result<u8, sys::error::Error>;

error: cannot use function `kernel::mm::phys::manager::PhysMemoryManager::alloc_user_frame` which is ignored because it is either declared outside the verus! macro or it is marked as `external`.
    --> src/kernel/src/mm/virt/vmem.rs:1014:36
     |
1014 |         let new_frame: UserFrame = unsafe { PhysMemoryManager::get_mut() }.alloc_user_frame()?;
     |                                    ^^^^^^^^^^^^^^^^^^^^^^^^^^^^^^^^^^^^^^^^^^^^^^^^^^^^^^^^^^
     |
     = help: The following declaration may resolve this error:
             pub assume_specification [crate::mm::phys::manager::PhysMemoryManager::alloc_user_frame] (_0: &crate::mm::phys::manager::PhysMemoryManager) -> core::result::Result<mm::phys::upool::UserFrame, sys::error::Error>;

error: cannot use type `kernel::mm::phys::manager::PhysMemoryManager` which is ignored because it is either declared outside the verus! macro or it is marked as `external`.
    --> src/kernel/src/mm/virt/vmem.rs:1014:36
     |
1014 |         let new_frame: UserFrame = unsafe { PhysMemoryManager::get_mut() }.alloc_user_frame()?;
     |                                    ^^^^^^^^^----------------------------^^

error: cannot use function `kernel::mm::phys::manager::PhysMemoryManager::get_mut` which is ignored because it is either declared outside the verus! macro or it is marked as `external`.
    --> src/kernel/src/mm/virt/vmem.rs:1014:45
     |
1014 |         let new_frame: UserFrame = unsafe { PhysMemoryManager::get_mut() }.alloc_user_frame()?;
     |                                             ^^^^^^^^^^^^^^^^^^^^^^^^^^^^
     |
     = help: The following declaration may resolve this error:
             pub assume_specification<'a> [crate::mm::phys::manager::PhysMemoryManager::get_mut] () -> &'a crate::mm::phys::manager::PhysMemoryManager;

error: `arch::x86::mem::paging::pte::impl&%1::frame_address` is not supported (note: you may be able to add a Verus specification to this function with `assume_specification`)
    --> src/kernel/src/mm/virt/vmem.rs:1016:32
     |
1016 |         let src_paddr: usize = pte.frame_address();
     |                                ^^^^^^^^^^^^^^^^^^^
     |
     = help: The following declaration may resolve this error:
             pub assume_specification [arch::mem::paging::PageTableEntry::frame_address] (_0: &arch::mem::paging::PageTableEntry) -> usize;

error: cannot use function `kernel::mm::virt::identity_map::memcpy` which is ignored because it is either declared outside the verus! macro or it is marked as `external`.
    --> src/kernel/src/mm/virt/vmem.rs:1018:9
     |
1018 |           super::memcpy(usize_to_mut_ptr(dst_paddr), usize_to_const_ptr(src_paddr), mem::PAGE_SIZE)?;
     |           ^^^^^^^^^^^^^^^^^^^^^^^^^^^^^^^^^^^^^^^^^^^^^^^^^^^^^^^^^^^^^^^^^^^^^^^^^^^^^^^^^^^^^^^^^
...
1197 | /                     super::memcpy(
1198 | |                         usize_to_mut_ptr(dst_gpa),
1199 | |                         usize_to_const_ptr(src_frame.into_raw_value() + offset),
1200 | |                         copy_size,
1201 | |                     )?;
     | |_____________________-
...
1371 |                   let copy_result: Result<(), Error> = super::memcpy(dst, src, copy_size);
     |                                                        ----------------------------------
...
1512 | /                     super::memcpy(
1513 | |                         usize_to_mut_ptr(dst_phys_addr),
1514 | |                         usize_to_const_ptr(src_phys_addr),
1515 | |                         copy_size,
1516 | |                     )?;
     | |_____________________-
     |
     = help: The following declaration may resolve this error:
             assume_specification [crate::mm::virt::identity_map::memcpy] (_0: *mut u8, _1: *const u8, _2: usize) -> core::result::Result<(), sys::error::Error>;

error: `type_safe::utils::usize_to_mut_ptr` is not supported (note: you may be able to add a Verus specification to this function with `assume_specification`)
    --> src/kernel/src/mm/virt/vmem.rs:1018:23
     |
1018 |         super::memcpy(usize_to_mut_ptr(dst_paddr), usize_to_const_ptr(src_paddr), mem::PAGE_SIZE)?;
     |                       ^^^^^^^^^^^^^^^^^^^^^^^^^^^
...
1198 |                         usize_to_mut_ptr(dst_gpa),
     |                         -------------------------
...
1368 |                 let dst: *mut u8 = usize_to_mut_ptr(dst_frame.into_raw_value() + offset);
     |                                    -----------------------------------------------------
...
1513 |                         usize_to_mut_ptr(dst_phys_addr),
     |                         -------------------------------
...
1558 |         let base: *mut u8 = usize_to_mut_ptr(dst.into_raw_value());
     |                             --------------------------------------
     |
     = help: The following declaration may resolve this error:
             pub assume_specification [type_safe::usize_to_mut_ptr] (_0: usize) -> *mut u8;

error: `type_safe::utils::usize_to_const_ptr` is not supported (note: you may be able to add a Verus specification to this function with `assume_specification`)
    --> src/kernel/src/mm/virt/vmem.rs:1018:52
     |
1018 |         super::memcpy(usize_to_mut_ptr(dst_paddr), usize_to_const_ptr(src_paddr), mem::PAGE_SIZE)?;
     |                                                    ^^^^^^^^^^^^^^^^^^^^^^^^^^^^^
...
1199 |                         usize_to_const_ptr(src_frame.into_raw_value() + offset),
     |                         -------------------------------------------------------
...
1370 |                 let src: *const u8 = usize_to_const_ptr(src_gpa);
     |                                      ---------------------------
...
1514 |                         usize_to_const_ptr(src_phys_addr),
     |                         ---------------------------------
     |
     = help: The following declaration may resolve this error:
             pub assume_specification [type_safe::usize_to_const_ptr] (_0: usize) -> *const u8;

error: `core::mem::drop` is not supported (note: you may be able to add a Verus specification to this function with `assume_specification`) (note: the vstd library provides some specification for the Rust std library, but it is currently limited)
    --> src/kernel/src/mm/virt/vmem.rs:1030:9
     |
1030 |         drop(UserFrame::new(old_frame));
     |         ^^^^^^^^^^^^^^^^^^^^^^^^^^^^^^^
     |
     = help: The following declaration may resolve this error:
             pub assume_specification<T> [core::mem::drop] (_0: T)
             where
             T: core::marker::Destruct,;

error: `sys::sys::mm::address::virt::impl&%1::into_raw_value` is not supported (note: you may be able to add a Verus specification to this function with `assume_specification`)
    --> src/kernel/src/mm/virt/vmem.rs:1063:50
     |
1063 |         let start: usize = ::sys::mm::align_down(addr.into_raw_value(), PAGE_ALIGNMENT);
     |                                                  ^^^^^^^^^^^^^^^^^^^^^
1064 |         let end_inclusive: usize =
1065 |             addr.into_raw_value().checked_add(size - 1).ok_or_else(|| {
     |             ---------------------
...
1114 |         let offset: usize = vaddr.into_raw_value() - page_aligned.into_raw_value();
     |                             ----------------------
...
1189 |                 let offset: usize = src.into_raw_value() - vaddr.into_raw_value();
     |                                     --------------------
...
1196 |                     let dst_gpa: usize = crate::hal::platform::virt_to_phys(dst.into_raw_value());
     |                                                                             --------------------
...
1205 |                 src = VirtualAddress::new(src.into_raw_value() + copy_size);
     |                                           --------------------
1206 |                 dst = VirtualAddress::new(dst.into_raw_value() + copy_size);
     |                                           --------------------
...
1321 |             let offset: usize = dst.into_raw_value() - vaddr.into_raw_value();
     |                                 --------------------
...
1324 |             let src_phys_addr_raw: usize = src.into_raw_value();
     |                                            --------------------
...
1369 |                 let src_gpa: usize = crate::hal::platform::virt_to_phys(src.into_raw_value());
     |                                                                         --------------------
...
1382 |             dst = VirtualAddress::new(dst.into_raw_value() + copy_size);
     |                                       --------------------
1383 |             src = VirtualAddress::new(src.into_raw_value() + copy_size);
     |                                       --------------------
...
1492 |                 let src_offset: usize = cur_src.into_raw_value() - src_page.into_raw_value();
     |                                         ------------------------
...
1498 |                 let dst_offset: usize = cur_dst.into_raw_value() - dst_page.into_raw_value();
     |                                         ------------------------
...
1520 |                 cur_src = VirtualAddress::new(cur_src.into_raw_value() + copy_size);
     |                                               ------------------------
1521 |                 cur_dst = VirtualAddress::new(cur_dst.into_raw_value() + copy_size);
     |                                               ------------------------
     |
     = help: The following declaration may resolve this error:
             pub assume_specification [<sys::mm::VirtualAddress as sys::mm::Address>::into_raw_value] (_0: sys::mm::VirtualAddress) -> usize;

error: `arch::x86::mem::constants::PAGE_ALIGNMENT` is not supported (note: you may be able to add a Verus specification to this function with `assume_specification`)
    --> src/kernel/src/mm/virt/vmem.rs:1063:73
     |
1063 |         let start: usize = ::sys::mm::align_down(addr.into_raw_value(), PAGE_ALIGNMENT);
     |                                                                         ^^^^^^^^^^^^^^
...
1070 |         let last_page: usize = ::sys::mm::align_down(end_inclusive, PAGE_ALIGNMENT);
     |                                                                     --------------
...
1113 |             PageAligned::from_address(vaddr.align_down(PAGE_ALIGNMENT))?;
     |                                                        --------------
...
1188 |                     PageAligned::from_address(src.align_down(PAGE_ALIGNMENT))?;
     |                                                              --------------
...
1307 |                 match PageAligned::from_address(dst.align_down(PAGE_ALIGNMENT)) {
     |                                                                --------------
...
1491 |                     PageAligned::from_address(cur_src.align_down(PAGE_ALIGNMENT))?;
     |                                                                  --------------
...
1497 |                     PageAligned::from_address(cur_dst.align_down(PAGE_ALIGNMENT))?;
     |                                                                  --------------

error: cannot use function `kernel::hal::mem::types::address::aligned::page::PageAligned::from_address` which is ignored because it is either declared outside the verus! macro or it is marked as `external`.
    --> src/kernel/src/mm/virt/vmem.rs:1113:13
     |
1113 |             PageAligned::from_address(vaddr.align_down(PAGE_ALIGNMENT))?;
     |             ^^^^^^^^^^^^^^^^^^^^^^^^^^^^^^^^^^^^^^^^^^^^^^^^^^^^^^^^^^^
...
1188 |                     PageAligned::from_address(src.align_down(PAGE_ALIGNMENT))?;
     |                     ---------------------------------------------------------
...
1307 |                 match PageAligned::from_address(dst.align_down(PAGE_ALIGNMENT)) {
     |                       ---------------------------------------------------------
...
1491 |                     PageAligned::from_address(cur_src.align_down(PAGE_ALIGNMENT))?;
     |                     -------------------------------------------------------------
...
1497 |                     PageAligned::from_address(cur_dst.align_down(PAGE_ALIGNMENT))?;
     |                     -------------------------------------------------------------
     |
     = help: The following declaration may resolve this error:
             pub assume_specification<T> [crate::hal::mem::types::address::aligned::page::PageAligned::<T>::from_address] (_0: T) -> core::result::Result<hal::mem::types::address::aligned::page::PageAligned<T>, sys::error::Error>
             where
             T: sys::mm::Address,;

error: `sys::sys::mm::address::virt::impl&%0::align_down` is not supported (note: you may be able to add a Verus specification to this function with `assume_specification`)
    --> src/kernel/src/mm/virt/vmem.rs:1113:39
     |
1113 |             PageAligned::from_address(vaddr.align_down(PAGE_ALIGNMENT))?;
     |                                       ^^^^^^^^^^^^^^^^^^^^^^^^^^^^^^^^
...
1188 |                     PageAligned::from_address(src.align_down(PAGE_ALIGNMENT))?;
     |                                               ------------------------------
...
1307 |                 match PageAligned::from_address(dst.align_down(PAGE_ALIGNMENT)) {
     |                                                 ------------------------------
...
1491 |                     PageAligned::from_address(cur_src.align_down(PAGE_ALIGNMENT))?;
     |                                               ----------------------------------
...
1497 |                     PageAligned::from_address(cur_dst.align_down(PAGE_ALIGNMENT))?;
     |                                               ----------------------------------
     |
     = help: The following declaration may resolve this error:
             pub assume_specification [sys::mm::VirtualAddress::align_down] (_0: &sys::mm::VirtualAddress, _1: sys::mm::Alignment) -> sys::mm::VirtualAddress;

error: cannot use function `kernel::hal::platform::microvm::virt_to_phys` which is ignored because it is either declared outside the verus! macro or it is marked as `external`.
    --> src/kernel/src/mm/virt/vmem.rs:1196:42
     |
1196 |                     let dst_gpa: usize = crate::hal::platform::virt_to_phys(dst.into_raw_value());
     |                                          ^^^^^^^^^^^^^^^^^^^^^^^^^^^^^^^^^^^^^^^^^^^^^^^^^^^^^^^^
...
1369 |                 let src_gpa: usize = crate::hal::platform::virt_to_phys(src.into_raw_value());
     |                                      --------------------------------------------------------
     |
     = help: The following declaration may resolve this error:
             pub assume_specification [crate::hal::platform::microvm::virt_to_phys] (_0: usize) -> usize;

error: `sys::sys::mm::address::virt::impl&%0::new` is not supported (note: you may be able to add a Verus specification to this function with `assume_specification`)
    --> src/kernel/src/mm/virt/vmem.rs:1205:23
     |
1205 |                 src = VirtualAddress::new(src.into_raw_value() + copy_size);
     |                       ^^^^^^^^^^^^^^^^^^^^^^^^^^^^^^^^^^^^^^^^^^^^^^^^^^^^^
1206 |                 dst = VirtualAddress::new(dst.into_raw_value() + copy_size);
     |                       -----------------------------------------------------
...
1382 |             dst = VirtualAddress::new(dst.into_raw_value() + copy_size);
     |                   -----------------------------------------------------
1383 |             src = VirtualAddress::new(src.into_raw_value() + copy_size);
     |                   -----------------------------------------------------
...
1520 |                 cur_src = VirtualAddress::new(cur_src.into_raw_value() + copy_size);
     |                           ---------------------------------------------------------
1521 |                 cur_dst = VirtualAddress::new(cur_dst.into_raw_value() + copy_size);
     |                           ---------------------------------------------------------
     |
     = help: The following declaration may resolve this error:
             pub assume_specification [sys::mm::VirtualAddress::new] (_0: usize) -> sys::mm::VirtualAddress;

error: cannot use type `kernel::hal::mem::types::address::phys::PhysicalAddress` which is ignored because it is either declared outside the verus! macro or it is marked as `external`.
    --> src/kernel/src/mm/virt/vmem.rs:1557:13
     |
1557 |         let dst: PageAligned<PhysicalAddress> = uframe.into_physical_address();
     |             ^^^                                 ------------------------------
1558 |         let base: *mut u8 = usize_to_mut_ptr(dst.into_raw_value());
     |                                              --------------------
...
1793 |                         FrameAddress::new(PageAligned::from_raw_value(vaddr.into_raw_value())?);
     |                                           ----------------------------------------------------
     |
     = help: The following declaration may resolve this error:
             #[verifier::external_type_specification]
             pub struct ExPhysicalAddress(crate::hal::mem::types::address::phys::PhysicalAddress);

error: cannot use function `kernel::hal::mem::types::address::frame::FrameAddress::into_physical_address` which is ignored because it is either declared outside the verus! macro or it is marked as `external`.
    --> src/kernel/src/mm/virt/vmem.rs:1557:49
     |
1557 |         let dst: PageAligned<PhysicalAddress> = uframe.into_physical_address();
     |                                                 ^^^^^^^^^^^^^^^^^^^^^^^^^^^^^^
     |
     = help: The following declaration may resolve this error:
             pub assume_specification [crate::hal::mem::types::address::frame::FrameAddress::into_physical_address] (_0: crate::hal::mem::types::address::frame::FrameAddress) -> crate::hal::mem::types::address::aligned::page::PageAligned<hal::mem::types::address::phys::PhysicalAddress>;

error: cannot use function `kernel::mm::virt::identity_map::memset` which is ignored because it is either declared outside the verus! macro or it is marked as `external`.
    --> src/kernel/src/mm/virt/vmem.rs:1560:9
     |
1560 |         super::memset(base, value as u8, mem::PAGE_SIZE)?;
     |         ^^^^^^^^^^^^^^^^^^^^^^^^^^^^^^^^^^^^^^^^^^^^^^^^
     |
     = help: The following declaration may resolve this error:
             assume_specification [crate::mm::virt::identity_map::memset] (_0: *mut u8, _1: u8, _2: usize) -> core::result::Result<(), sys::error::Error>;

error: cannot use function `kernel::hal::arch::x86::mem::mmu::page_table::PageTable::unmap` which is ignored because it is either declared outside the verus! macro or it is marked as `external`.
    --> src/kernel/src/mm/virt/vmem.rs:1639:13
     |
1639 |             page_table.unmap(page_address)?;
     |             ^^^^^^^^^^^^^^^^^^^^^^^^^^^^^^
     |
     = help: The following declaration may resolve this error:
             pub assume_specification<T> [crate::hal::arch::x86::mem::mmu::page_table::PageTable::<T>::unmap] (_0: &crate::hal::arch::x86::mem::mmu::page_table::PageTable<T>, _1: crate::hal::mem::types::address::page::PageAddress) -> core::result::Result<hal::mem::types::address::frame::FrameAddress, sys::error::Error>
             where
             T: core::ops::Deref<Target = [u32]> + core::ops::DerefMut,;

error: cannot use function `kernel::hal::arch::x86::mem::mmu::page_table::PageTable::nmapped` which is ignored because it is either declared outside the verus! macro or it is marked as `external`.
    --> src/kernel/src/mm/virt/vmem.rs:1641:29
     |
1641 |             (pgtable_vaddr, page_table.nmapped() == 0)
     |                             ^^^^^^^^^^^^^^^^^^^^
     |
     = help: The following declaration may resolve this error:
             pub assume_specification<T> [crate::hal::arch::x86::mem::mmu::page_table::PageTable::<T>::nmapped] (_0: &crate::hal::arch::x86::mem::mmu::page_table::PageTable<T>) -> usize
             where
             T: core::ops::Deref<Target = [u32]> + core::ops::DerefMut,;

error: `alloc::collections::linked_list::impl&%10%default%position` is not supported (note: you may be able to add a Verus specification to this function with `assume_specification`) (note: the vstd library provides some specification for the Rust std library, but it is currently limited)
    --> src/kernel/src/mm/virt/vmem.rs:1650:22
     |
1650 |               let at = self
     |  ______________________^
1651 | |                 .user_page_tables
1652 | |                 .iter()
1653 | |                 .position(|entry| entry.0 == pgtable_vaddr)
     | |___________________________________________________________^

error: cannot use function `kernel::hal::mem::types::address::page::PageTableAddress::eq` which is ignored because it is either declared outside the verus! macro or it is marked as `external`.
    --> src/kernel/src/mm/virt/vmem.rs:1653:35
     |
1653 |                 .position(|entry| entry.0 == pgtable_vaddr)
     |                                   ^^^^^^^^^^^^^^^^^^^^^^^^
     |
     = help: The following declaration may resolve this error:
             pub assume_specification [<crate::hal::mem::types::address::page::PageTableAddress as core::cmp::PartialEq>::crate::eq] (_0: &crate::hal::mem::types::address::page::PageTableAddress, _1: &crate::hal::mem::types::address::page::PageTableAddress) -> bool;

error: `alloc::collections::linked_list::impl&%8::remove` is not supported (note: you may be able to add a Verus specification to this function with `assume_specification`) (note: the vstd library provides some specification for the Rust std library, but it is currently limited)
    --> src/kernel/src/mm/virt/vmem.rs:1656:48
     |
1656 |             let (_pgtable_addr, _page_table) = self.user_page_tables.remove(at);
     |                                                ^^^^^^^^^^^^^^^^^^^^^^^^^^^^^^^^
     |
     = help: The following declaration may resolve this error:
             pub assume_specification<T, A> [alloc::collections::LinkedList::<T, A>::remove] (_0: &alloc::collections::LinkedList<T, A>, _1: usize) -> T
             where
             A: core::alloc::Allocator,;

error: cannot use function `kernel::hal::arch::x86::mem::mmu::page_directory::PageDirectory::unmap` which is ignored because it is either declared outside the verus! macro or it is marked as `external`.
    --> src/kernel/src/mm/virt/vmem.rs:1658:13
     |
1658 |             self.pgdir.unmap(pgtable_vaddr)?;
     |             ^^^^^^^^^^^^^^^^^^^^^^^^^^^^^^^
     |
     = help: The following declaration may resolve this error:
             pub assume_specification<T> [crate::hal::arch::x86::mem::mmu::page_directory::PageDirectory::<T>::unmap] (_0: &crate::hal::arch::x86::mem::mmu::page_directory::PageDirectory<T>, _1: crate::hal::mem::types::address::page::PageTableAddress) -> core::result::Result<hal::mem::types::address::frame::FrameAddress, sys::error::Error>
             where
             T: core::ops::Deref<Target = [u32]> + core::ops::DerefMut,;

error: cannot use function `kernel::hal::arch::x86::mem::mmu::page_table::PageTable::ctrl` which is ignored because it is either declared outside the verus! macro or it is marked as `external`.
    --> src/kernel/src/mm/virt/vmem.rs:1706:9
     |
1706 |         page_table.ctrl(false, page_address, access)?;
     |         ^^^^^^^^^^^^^^^^^^^^^^^^^^^^^^^^^^^^^^^^^^^^
...
1804 |                     pt_mut.1.ctrl(false, page_address, access)?;
     |                     ------------------------------------------
     |
     = help: The following declaration may resolve this error:
             pub assume_specification<T> [crate::hal::arch::x86::mem::mmu::page_table::PageTable::<T>::ctrl] (_0: &crate::hal::arch::x86::mem::mmu::page_table::PageTable<T>, _1: bool, _2: crate::hal::mem::types::address::page::PageAddress, _3: sys::mm::AccessPermission) -> core::result::Result<(), sys::error::Error>
             where
             T: core::ops::Deref<Target = [u32]> + core::ops::DerefMut,;

error: `core::cell::impl&%54::deref` is not supported (note: you may be able to add a Verus specification to this function with `assume_specification`) (note: the vstd library provides some specification for the Rust std library, but it is currently limited)
    --> src/kernel/src/mm/virt/vmem.rs:1790:19
     |
1790 |             match pt_mut.1.is_page_present(page_address) {
     |                   ^^^^^^
     |
     = help: The following declaration may resolve this error:
             pub assume_specification<'a, T> [<core::cell::RefMut<'a, T> as core::ops::Deref>::deref] (_0: &core::cell::RefMut<'a, T>) -> &T
             where
             T: core::marker::MetaSized + ?Sized,;

error: cannot use function `kernel::hal::mem::types::address::frame::FrameAddress::new` which is ignored because it is either declared outside the verus! macro or it is marked as `external`.
    --> src/kernel/src/mm/virt/vmem.rs:1793:25
     |
1793 |                         FrameAddress::new(PageAligned::from_raw_value(vaddr.into_raw_value())?);
     |                         ^^^^^^^^^^^^^^^^^^^^^^^^^^^^^^^^^^^^^^^^^^^^^^^^^^^^^^^^^^^^^^^^^^^^^^^
     |
     = help: The following declaration may resolve this error:
             pub assume_specification [crate::hal::mem::types::address::frame::FrameAddress::new] (_0: crate::hal::mem::types::address::aligned::page::PageAligned<hal::mem::types::address::phys::PhysicalAddress>) -> crate::hal::mem::types::address::frame::FrameAddress;

error: `config::kernel::MEMORY_SIZE` is not supported (note: you may be able to add a Verus specification to this function with `assume_specification`)
  --> src/kernel/src/mm/virt/vmem.spec.rs:83:5
   |
83 |     ::config::kernel::MEMORY_SIZE as nat
   |     ^^^^^^^^^^^^^^^^^^^^^^^^^^^^^

error: could not compile `kernel` (bin "kernel") due to 112 previous errors
