commit,section,operation,samples,p50,p95,p99
a98f96c5686f8d814724ff69a557a2d3263f680d,VM setup,ramfs_load,10,16643,16774,16774
a98f96c5686f8d814724ff69a557a2d3263f680d,Writable mount,protocol,100,347,388,417
a98f96c5686f8d814724ff69a557a2d3263f680d,Writable mount,stat,100,201,314,463
a98f96c5686f8d814724ff69a557a2d3263f680d,Writable mount,open+close,100,212,327,542
a98f96c5686f8d814724ff69a557a2d3263f680d,Writable mount,readdir,100,212,325,440
a98f96c5686f8d814724ff69a557a2d3263f680d,Writable mount,create_scratch,100,45,79,1444
a98f96c5686f8d814724ff69a557a2d3263f680d,Writable mount,seq_read,100,37,153,5622
a98f96c5686f8d814724ff69a557a2d3263f680d,Writable mount,create+close+unlink,100,7,52,79
a98f96c5686f8d814724ff69a557a2d3263f680d,Writable mount,mkdir+rmdir,100,10,1868,3171
a98f96c5686f8d814724ff69a557a2d3263f680d,Writable mount,create+close+rename,100,11,56,2835
a98f96c5686f8d814724ff69a557a2d3263f680d,Writable mount,write+flush,100,26,68,1425
a98f96c5686f8d814724ff69a557a2d3263f680d,VM setup,ramfs_load,5,16628,17046,17046
a98f96c5686f8d814724ff69a557a2d3263f680d,Read-only mount,protocol,100,343,439,461
a98f96c5686f8d814724ff69a557a2d3263f680d,Read-only mount,stat,100,194,294,387
a98f96c5686f8d814724ff69a557a2d3263f680d,Read-only mount,open+close,100,203,312,403
a98f96c5686f8d814724ff69a557a2d3263f680d,Read-only mount,readdir,100,225,336,637
a98f96c5686f8d814724ff69a557a2d3263f680d,Read-only mount,seq_read,100,36,180,5996
89a642312840673abd94b4797badd91e20da36f3,VM setup,ramfs_load,10,16670,16929,16929
89a642312840673abd94b4797badd91e20da36f3,Writable mount,protocol,100,300,334,346
89a642312840673abd94b4797badd91e20da36f3,Writable mount,stat,100,217,312,426
89a642312840673abd94b4797badd91e20da36f3,Writable mount,open+close,100,217,330,1154
89a642312840673abd94b4797badd91e20da36f3,Writable mount,readdir,100,229,334,468
89a642312840673abd94b4797badd91e20da36f3,Writable mount,create_scratch,100,47,99,1480
89a642312840673abd94b4797badd91e20da36f3,Writable mount,seq_read,100,42,136,6354
89a642312840673abd94b4797badd91e20da36f3,Writable mount,create+close+unlink,100,8,42,97
89a642312840673abd94b4797badd91e20da36f3,Writable mount,mkdir+rmdir,100,11,65,16430
89a642312840673abd94b4797badd91e20da36f3,Writable mount,create+close+rename,100,12,45,56
89a642312840673abd94b4797badd91e20da36f3,Writable mount,write+flush,100,31,100,1600
89a642312840673abd94b4797badd91e20da36f3,VM setup,ramfs_load,5,16654,16711,16711
89a642312840673abd94b4797badd91e20da36f3,Read-only mount,protocol,100,300,396,403
89a642312840673abd94b4797badd91e20da36f3,Read-only mount,stat,100,194,327,479
89a642312840673abd94b4797badd91e20da36f3,Read-only mount,open+close,100,207,326,437
89a642312840673abd94b4797badd91e20da36f3,Read-only mount,readdir,100,214,319,435
89a642312840673abd94b4797badd91e20da36f3,Read-only mount,seq_read,100,42,154,5561
bcfcd334ea611e4f84bc8b7e1c762a86da9152a7,VM setup,ramfs_load,10,16621,16688,16688
bcfcd334ea611e4f84bc8b7e1c762a86da9152a7,Writable mount,protocol,100,335,380,391
bcfcd334ea611e4f84bc8b7e1c762a86da9152a7,Writable mount,stat,100,208,321,444
bcfcd334ea611e4f84bc8b7e1c762a86da9152a7,Writable mount,open+close,100,211,301,433
bcfcd334ea611e4f84bc8b7e1c762a86da9152a7,Writable mount,readdir,100,229,297,411
bcfcd334ea611e4f84bc8b7e1c762a86da9152a7,Writable mount,create_scratch,100,42,95,1512
bcfcd334ea611e4f84bc8b7e1c762a86da9152a7,Writable mount,seq_read,100,33,132,6178
bcfcd334ea611e4f84bc8b7e1c762a86da9152a7,Writable mount,create+close+unlink,100,8,36,91
bcfcd334ea611e4f84bc8b7e1c762a86da9152a7,Writable mount,mkdir+rmdir,100,11,986,5059
bcfcd334ea611e4f84bc8b7e1c762a86da9152a7,Writable mount,create+close+rename,100,12,44,71
bcfcd334ea611e4f84bc8b7e1c762a86da9152a7,Writable mount,write+flush,100,28,77,1557
bcfcd334ea611e4f84bc8b7e1c762a86da9152a7,VM setup,ramfs_load,5,16645,16675,16675
bcfcd334ea611e4f84bc8b7e1c762a86da9152a7,Read-only mount,protocol,100,324,390,480
bcfcd334ea611e4f84bc8b7e1c762a86da9152a7,Read-only mount,stat,100,217,322,445
bcfcd334ea611e4f84bc8b7e1c762a86da9152a7,Read-only mount,open+close,100,207,301,438
bcfcd334ea611e4f84bc8b7e1c762a86da9152a7,Read-only mount,readdir,100,217,306,381
bcfcd334ea611e4f84bc8b7e1c762a86da9152a7,Read-only mount,seq_read,100,43,162,6009
093f500adfdef056c7280244913e934012ac0bd8,VM setup,ramfs_load,10,16626,16675,16675
093f500adfdef056c7280244913e934012ac0bd8,Writable mount,protocol,100,357,388,394
093f500adfdef056c7280244913e934012ac0bd8,Writable mount,stat,100,200,325,488
093f500adfdef056c7280244913e934012ac0bd8,Writable mount,open+close,100,217,307,442
093f500adfdef056c7280244913e934012ac0bd8,Writable mount,readdir,100,220,305,464
093f500adfdef056c7280244913e934012ac0bd8,Writable mount,create_scratch,100,43,111,1485
093f500adfdef056c7280244913e934012ac0bd8,Writable mount,seq_read,100,45,143,5468
093f500adfdef056c7280244913e934012ac0bd8,Writable mount,create+close+unlink,100,9,51,200
093f500adfdef056c7280244913e934012ac0bd8,Writable mount,mkdir+rmdir,100,11,1758,7748
093f500adfdef056c7280244913e934012ac0bd8,Writable mount,create+close+rename,100,12,64,94
093f500adfdef056c7280244913e934012ac0bd8,Writable mount,write+flush,100,31,73,1413
093f500adfdef056c7280244913e934012ac0bd8,VM setup,ramfs_load,5,16610,16650,16650
093f500adfdef056c7280244913e934012ac0bd8,Read-only mount,protocol,100,327,370,413
093f500adfdef056c7280244913e934012ac0bd8,Read-only mount,stat,100,209,321,490
093f500adfdef056c7280244913e934012ac0bd8,Read-only mount,open+close,100,222,328,451
093f500adfdef056c7280244913e934012ac0bd8,Read-only mount,readdir,100,218,335,398
093f500adfdef056c7280244913e934012ac0bd8,Read-only mount,seq_read,100,51,130,6179
655c2ffaaeeffb901143db3415dc65bd70affb75,VM setup,ramfs_load,10,16657,16961,16961
655c2ffaaeeffb901143db3415dc65bd70affb75,Writable mount,protocol,100,335,380,440
655c2ffaaeeffb901143db3415dc65bd70affb75,Writable mount,stat,100,205,385,560
655c2ffaaeeffb901143db3415dc65bd70affb75,Writable mount,open+close,100,221,314,455
655c2ffaaeeffb901143db3415dc65bd70affb75,Writable mount,readdir,100,224,347,497
655c2ffaaeeffb901143db3415dc65bd70affb75,Writable mount,create_scratch,100,45,83,1419
655c2ffaaeeffb901143db3415dc65bd70affb75,Writable mount,seq_read,100,40,159,5675
655c2ffaaeeffb901143db3415dc65bd70affb75,Writable mount,create+close+unlink,100,10,43,49
655c2ffaaeeffb901143db3415dc65bd70affb75,Writable mount,mkdir+rmdir,100,13,1090,8434
655c2ffaaeeffb901143db3415dc65bd70affb75,Writable mount,create+close+rename,100,8,44,83
655c2ffaaeeffb901143db3415dc65bd70affb75,Writable mount,write+flush,100,21,60,1437
655c2ffaaeeffb901143db3415dc65bd70affb75,VM setup,ramfs_load,5,16615,16802,16802
655c2ffaaeeffb901143db3415dc65bd70affb75,Read-only mount,protocol,100,356,412,415
655c2ffaaeeffb901143db3415dc65bd70affb75,Read-only mount,stat,100,207,312,380
655c2ffaaeeffb901143db3415dc65bd70affb75,Read-only mount,open+close,100,209,287,488
655c2ffaaeeffb901143db3415dc65bd70affb75,Read-only mount,readdir,100,213,368,1317
655c2ffaaeeffb901143db3415dc65bd70affb75,Read-only mount,seq_read,100,44,165,6552
130f01fc8fd928eff6ee80a28f7a5d44c4010a4c,VM setup,ramfs_load,10,16641,16683,16683
130f01fc8fd928eff6ee80a28f7a5d44c4010a4c,Writable mount,protocol,100,327,375,392
130f01fc8fd928eff6ee80a28f7a5d44c4010a4c,Writable mount,stat,100,197,303,606
130f01fc8fd928eff6ee80a28f7a5d44c4010a4c,Writable mount,open+close,100,215,335,419
130f01fc8fd928eff6ee80a28f7a5d44c4010a4c,Writable mount,readdir,100,222,293,406
130f01fc8fd928eff6ee80a28f7a5d44c4010a4c,Writable mount,create_scratch,100,38,86,1468
130f01fc8fd928eff6ee80a28f7a5d44c4010a4c,Writable mount,seq_read,100,44,176,5661
130f01fc8fd928eff6ee80a28f7a5d44c4010a4c,Writable mount,create+close+unlink,100,8,35,75
130f01fc8fd928eff6ee80a28f7a5d44c4010a4c,Writable mount,mkdir+rmdir,100,10,96,17708
130f01fc8fd928eff6ee80a28f7a5d44c4010a4c,Writable mount,create+close+rename,100,11,69,4538
130f01fc8fd928eff6ee80a28f7a5d44c4010a4c,Writable mount,write+flush,100,25,71,1686
130f01fc8fd928eff6ee80a28f7a5d44c4010a4c,VM setup,ramfs_load,5,16624,16649,16649
130f01fc8fd928eff6ee80a28f7a5d44c4010a4c,Read-only mount,protocol,100,345,430,465
130f01fc8fd928eff6ee80a28f7a5d44c4010a4c,Read-only mount,stat,100,205,318,399
130f01fc8fd928eff6ee80a28f7a5d44c4010a4c,Read-only mount,open+close,100,209,297,441
130f01fc8fd928eff6ee80a28f7a5d44c4010a4c,Read-only mount,readdir,100,200,282,350
130f01fc8fd928eff6ee80a28f7a5d44c4010a4c,Read-only mount,seq_read,100,52,347,6236
e97521cc6e215806dd9425bbdb68f4ffd433a5ef,VM setup,ramfs_load,10,16629,16671,16671
e97521cc6e215806dd9425bbdb68f4ffd433a5ef,Writable mount,protocol,100,325,374,403
e97521cc6e215806dd9425bbdb68f4ffd433a5ef,Writable mount,stat,100,201,295,358
e97521cc6e215806dd9425bbdb68f4ffd433a5ef,Writable mount,open+close,100,217,294,394
e97521cc6e215806dd9425bbdb68f4ffd433a5ef,Writable mount,readdir,100,215,324,438
e97521cc6e215806dd9425bbdb68f4ffd433a5ef,Writable mount,create_scratch,100,42,107,1500
e97521cc6e215806dd9425bbdb68f4ffd433a5ef,Writable mount,seq_read,100,41,165,5639
e97521cc6e215806dd9425bbdb68f4ffd433a5ef,Writable mount,create+close+unlink,100,10,57,74
e97521cc6e215806dd9425bbdb68f4ffd433a5ef,Writable mount,mkdir+rmdir,100,12,128,5798
e97521cc6e215806dd9425bbdb68f4ffd433a5ef,Writable mount,create+close+rename,100,11,59,88
e97521cc6e215806dd9425bbdb68f4ffd433a5ef,Writable mount,write+flush,100,26,78,1525
e97521cc6e215806dd9425bbdb68f4ffd433a5ef,VM setup,ramfs_load,5,16632,16659,16659
e97521cc6e215806dd9425bbdb68f4ffd433a5ef,Read-only mount,protocol,100,321,391,436
e97521cc6e215806dd9425bbdb68f4ffd433a5ef,Read-only mount,stat,100,198,308,454
e97521cc6e215806dd9425bbdb68f4ffd433a5ef,Read-only mount,open+close,100,221,313,458
e97521cc6e215806dd9425bbdb68f4ffd433a5ef,Read-only mount,readdir,100,213,320,430
e97521cc6e215806dd9425bbdb68f4ffd433a5ef,Read-only mount,seq_read,100,45,176,5546
753dda2091ec3238b8a86ac27c012faa6de47641,VM setup,ramfs_load,10,16813,17297,17297
753dda2091ec3238b8a86ac27c012faa6de47641,Writable mount,protocol,100,320,473,627
753dda2091ec3238b8a86ac27c012faa6de47641,Writable mount,stat,100,219,594,785
753dda2091ec3238b8a86ac27c012faa6de47641,Writable mount,open+close,100,212,527,1242
753dda2091ec3238b8a86ac27c012faa6de47641,Writable mount,readdir,100,242,517,744
753dda2091ec3238b8a86ac27c012faa6de47641,Writable mount,create_scratch,100,44,482,3176
753dda2091ec3238b8a86ac27c012faa6de47641,Writable mount,seq_read,100,34,358,7032
753dda2091ec3238b8a86ac27c012faa6de47641,Writable mount,create+close+unlink,100,6,254,1012
753dda2091ec3238b8a86ac27c012faa6de47641,Writable mount,mkdir+rmdir,100,13,362,4339
753dda2091ec3238b8a86ac27c012faa6de47641,Writable mount,create+close+rename,100,8,84,543
753dda2091ec3238b8a86ac27c012faa6de47641,Writable mount,write+flush,100,26,317,1896
753dda2091ec3238b8a86ac27c012faa6de47641,VM setup,ramfs_load,5,16797,17089,17089
753dda2091ec3238b8a86ac27c012faa6de47641,Read-only mount,protocol,100,337,482,996
753dda2091ec3238b8a86ac27c012faa6de47641,Read-only mount,stat,100,216,476,970
753dda2091ec3238b8a86ac27c012faa6de47641,Read-only mount,open+close,100,211,552,1555
753dda2091ec3238b8a86ac27c012faa6de47641,Read-only mount,readdir,100,240,383,830
753dda2091ec3238b8a86ac27c012faa6de47641,Read-only mount,seq_read,100,42,412,6995
875eacc8edc8e19a9dc13057800118f8b91b2817,VM setup,ramfs_load,10,16655,16691,16691
875eacc8edc8e19a9dc13057800118f8b91b2817,Writable mount,protocol,100,321,351,367
875eacc8edc8e19a9dc13057800118f8b91b2817,Writable mount,stat,100,206,316,489
875eacc8edc8e19a9dc13057800118f8b91b2817,Writable mount,open+close,100,213,321,481
875eacc8edc8e19a9dc13057800118f8b91b2817,Writable mount,readdir,100,206,305,1764
875eacc8edc8e19a9dc13057800118f8b91b2817,Writable mount,create_scratch,100,42,86,1504
875eacc8edc8e19a9dc13057800118f8b91b2817,Writable mount,seq_read,100,46,156,6233
875eacc8edc8e19a9dc13057800118f8b91b2817,Writable mount,create+close+unlink,100,7,59,96
875eacc8edc8e19a9dc13057800118f8b91b2817,Writable mount,mkdir+rmdir,100,12,80,12970
875eacc8edc8e19a9dc13057800118f8b91b2817,Writable mount,create+close+rename,100,13,49,72
875eacc8edc8e19a9dc13057800118f8b91b2817,Writable mount,write+flush,100,28,65,1358
875eacc8edc8e19a9dc13057800118f8b91b2817,VM setup,ramfs_load,5,16619,16703,16703
875eacc8edc8e19a9dc13057800118f8b91b2817,Read-only mount,protocol,100,325,367,401
875eacc8edc8e19a9dc13057800118f8b91b2817,Read-only mount,stat,100,219,348,463
875eacc8edc8e19a9dc13057800118f8b91b2817,Read-only mount,open+close,100,208,288,453
875eacc8edc8e19a9dc13057800118f8b91b2817,Read-only mount,readdir,100,213,343,391
875eacc8edc8e19a9dc13057800118f8b91b2817,Read-only mount,seq_read,100,40,205,6065
ad1bda4845f098715de3918e06cbd2eebf236443,VM setup,ramfs_load,10,16651,16668,16668
ad1bda4845f098715de3918e06cbd2eebf236443,Writable mount,protocol,100,336,372,407
ad1bda4845f098715de3918e06cbd2eebf236443,Writable mount,stat,100,205,336,507
ad1bda4845f098715de3918e06cbd2eebf236443,Writable mount,open+close,100,224,340,418
ad1bda4845f098715de3918e06cbd2eebf236443,Writable mount,readdir,100,225,311,390
ad1bda4845f098715de3918e06cbd2eebf236443,Writable mount,create_scratch,100,42,87,1524
ad1bda4845f098715de3918e06cbd2eebf236443,Writable mount,seq_read,100,47,135,5652
ad1bda4845f098715de3918e06cbd2eebf236443,Writable mount,create+close+unlink,100,9,43,84
ad1bda4845f098715de3918e06cbd2eebf236443,Writable mount,mkdir+rmdir,100,5,63,2363
ad1bda4845f098715de3918e06cbd2eebf236443,Writable mount,create+close+rename,100,11,52,69
ad1bda4845f098715de3918e06cbd2eebf236443,Writable mount,write+flush,100,28,84,1534
ad1bda4845f098715de3918e06cbd2eebf236443,VM setup,ramfs_load,5,16637,16664,16664
ad1bda4845f098715de3918e06cbd2eebf236443,Read-only mount,protocol,100,343,394,417
ad1bda4845f098715de3918e06cbd2eebf236443,Read-only mount,stat,100,220,317,556
ad1bda4845f098715de3918e06cbd2eebf236443,Read-only mount,open+close,100,217,298,401
ad1bda4845f098715de3918e06cbd2eebf236443,Read-only mount,readdir,100,209,303,407
ad1bda4845f098715de3918e06cbd2eebf236443,Read-only mount,seq_read,100,38,666,6417
9be5193b99d4880bacd7f8400b1b678eeef18739,VM setup,ramfs_load,10,16626,16694,16694
9be5193b99d4880bacd7f8400b1b678eeef18739,Writable mount,protocol,100,319,338,358
9be5193b99d4880bacd7f8400b1b678eeef18739,Writable mount,stat,100,201,303,392
9be5193b99d4880bacd7f8400b1b678eeef18739,Writable mount,open+close,100,212,319,433
9be5193b99d4880bacd7f8400b1b678eeef18739,Writable mount,readdir,100,205,290,343
9be5193b99d4880bacd7f8400b1b678eeef18739,Writable mount,create_scratch,100,49,111,1670
9be5193b99d4880bacd7f8400b1b678eeef18739,Writable mount,seq_read,100,42,138,6088
9be5193b99d4880bacd7f8400b1b678eeef18739,Writable mount,create+close+unlink,100,5,53,74
9be5193b99d4880bacd7f8400b1b678eeef18739,Writable mount,mkdir+rmdir,100,6,64,5404
9be5193b99d4880bacd7f8400b1b678eeef18739,Writable mount,create+close+rename,100,11,50,74
9be5193b99d4880bacd7f8400b1b678eeef18739,Writable mount,write+flush,100,24,83,1426
9be5193b99d4880bacd7f8400b1b678eeef18739,VM setup,ramfs_load,5,16666,17019,17019
9be5193b99d4880bacd7f8400b1b678eeef18739,Read-only mount,protocol,100,304,359,363
9be5193b99d4880bacd7f8400b1b678eeef18739,Read-only mount,stat,100,211,341,589
9be5193b99d4880bacd7f8400b1b678eeef18739,Read-only mount,open+close,100,215,304,421
9be5193b99d4880bacd7f8400b1b678eeef18739,Read-only mount,readdir,100,222,326,438
9be5193b99d4880bacd7f8400b1b678eeef18739,Read-only mount,seq_read,100,48,153,5531
93705f02bb72aa48a89e4bd2231c65c212badf95,VM setup,ramfs_load,10,16631,16780,16780
93705f02bb72aa48a89e4bd2231c65c212badf95,Writable mount,protocol,100,321,374,390
93705f02bb72aa48a89e4bd2231c65c212badf95,Writable mount,stat,100,211,288,414
93705f02bb72aa48a89e4bd2231c65c212badf95,Writable mount,open+close,100,200,255,298
93705f02bb72aa48a89e4bd2231c65c212badf95,Writable mount,readdir,100,208,311,363
93705f02bb72aa48a89e4bd2231c65c212badf95,Writable mount,create_scratch,100,42,97,1481
93705f02bb72aa48a89e4bd2231c65c212badf95,Writable mount,seq_read,100,52,172,6171
93705f02bb72aa48a89e4bd2231c65c212badf95,Writable mount,create+close+unlink,100,3,35,164
93705f02bb72aa48a89e4bd2231c65c212badf95,Writable mount,mkdir+rmdir,100,10,63,7789
93705f02bb72aa48a89e4bd2231c65c212badf95,Writable mount,create+close+rename,100,9,60,104
93705f02bb72aa48a89e4bd2231c65c212badf95,Writable mount,write+flush,100,25,80,1533
93705f02bb72aa48a89e4bd2231c65c212badf95,VM setup,ramfs_load,5,16631,17037,17037
93705f02bb72aa48a89e4bd2231c65c212badf95,Read-only mount,protocol,100,349,414,462
93705f02bb72aa48a89e4bd2231c65c212badf95,Read-only mount,stat,100,207,327,481
93705f02bb72aa48a89e4bd2231c65c212badf95,Read-only mount,open+close,100,204,351,437
93705f02bb72aa48a89e4bd2231c65c212badf95,Read-only mount,readdir,100,219,361,2758
93705f02bb72aa48a89e4bd2231c65c212badf95,Read-only mount,seq_read,100,50,138,6326
e4e90e79e98821b58de5bd8cf5d3326b760d2f6c,VM setup,ramfs_load,10,16642,16747,16747
e4e90e79e98821b58de5bd8cf5d3326b760d2f6c,Writable mount,protocol,100,351,384,395
e4e90e79e98821b58de5bd8cf5d3326b760d2f6c,Writable mount,stat,100,228,321,415
e4e90e79e98821b58de5bd8cf5d3326b760d2f6c,Writable mount,open+close,100,198,290,447
e4e90e79e98821b58de5bd8cf5d3326b760d2f6c,Writable mount,readdir,100,220,321,390
e4e90e79e98821b58de5bd8cf5d3326b760d2f6c,Writable mount,create_scratch,100,41,97,1481
e4e90e79e98821b58de5bd8cf5d3326b760d2f6c,Writable mount,seq_read,100,47,142,6113
e4e90e79e98821b58de5bd8cf5d3326b760d2f6c,Writable mount,create+close+unlink,100,10,43,56
e4e90e79e98821b58de5bd8cf5d3326b760d2f6c,Writable mount,mkdir+rmdir,100,12,2966,11105
e4e90e79e98821b58de5bd8cf5d3326b760d2f6c,Writable mount,create+close+rename,100,13,77,130
e4e90e79e98821b58de5bd8cf5d3326b760d2f6c,Writable mount,write+flush,100,24,76,1438
e4e90e79e98821b58de5bd8cf5d3326b760d2f6c,VM setup,ramfs_load,5,16646,16655,16655
e4e90e79e98821b58de5bd8cf5d3326b760d2f6c,Read-only mount,protocol,100,315,371,383
e4e90e79e98821b58de5bd8cf5d3326b760d2f6c,Read-only mount,stat,100,199,297,487
e4e90e79e98821b58de5bd8cf5d3326b760d2f6c,Read-only mount,open+close,100,218,319,454
e4e90e79e98821b58de5bd8cf5d3326b760d2f6c,Read-only mount,readdir,100,221,318,413
e4e90e79e98821b58de5bd8cf5d3326b760d2f6c,Read-only mount,seq_read,100,35,154,6341
b3cc6bb06b6b34de57f56414be53df19bd236bda,VM setup,ramfs_load,10,16658,16690,16690
b3cc6bb06b6b34de57f56414be53df19bd236bda,Writable mount,protocol,100,306,334,340
b3cc6bb06b6b34de57f56414be53df19bd236bda,Writable mount,stat,100,208,316,465
b3cc6bb06b6b34de57f56414be53df19bd236bda,Writable mount,open+close,100,204,324,483
b3cc6bb06b6b34de57f56414be53df19bd236bda,Writable mount,readdir,100,207,297,369
b3cc6bb06b6b34de57f56414be53df19bd236bda,Writable mount,create_scratch,100,38,92,1527
b3cc6bb06b6b34de57f56414be53df19bd236bda,Writable mount,seq_read,100,44,158,6619
b3cc6bb06b6b34de57f56414be53df19bd236bda,Writable mount,create+close+unlink,100,4,52,61
b3cc6bb06b6b34de57f56414be53df19bd236bda,Writable mount,mkdir+rmdir,100,12,62,5481
b3cc6bb06b6b34de57f56414be53df19bd236bda,Writable mount,create+close+rename,100,8,52,82
b3cc6bb06b6b34de57f56414be53df19bd236bda,Writable mount,write+flush,100,25,66,1751
b3cc6bb06b6b34de57f56414be53df19bd236bda,VM setup,ramfs_load,5,16634,17062,17062
b3cc6bb06b6b34de57f56414be53df19bd236bda,Read-only mount,protocol,100,324,397,445
b3cc6bb06b6b34de57f56414be53df19bd236bda,Read-only mount,stat,100,193,281,438
b3cc6bb06b6b34de57f56414be53df19bd236bda,Read-only mount,open+close,100,209,316,420
b3cc6bb06b6b34de57f56414be53df19bd236bda,Read-only mount,readdir,100,210,301,380
b3cc6bb06b6b34de57f56414be53df19bd236bda,Read-only mount,seq_read,100,38,236,6200
524a515401540ea5e8db227d8a5e3a5ec5b343cf,VM setup,ramfs_load,10,16615,16953,16953
524a515401540ea5e8db227d8a5e3a5ec5b343cf,Writable mount,protocol,100,339,395,422
524a515401540ea5e8db227d8a5e3a5ec5b343cf,Writable mount,stat,100,199,319,458
524a515401540ea5e8db227d8a5e3a5ec5b343cf,Writable mount,open+close,100,218,335,480
524a515401540ea5e8db227d8a5e3a5ec5b343cf,Writable mount,readdir,100,221,314,401
524a515401540ea5e8db227d8a5e3a5ec5b343cf,Writable mount,create_scratch,100,43,116,1666
524a515401540ea5e8db227d8a5e3a5ec5b343cf,Writable mount,seq_read,100,44,149,5520
524a515401540ea5e8db227d8a5e3a5ec5b343cf,Writable mount,create+close+unlink,100,9,41,86
524a515401540ea5e8db227d8a5e3a5ec5b343cf,Writable mount,mkdir+rmdir,100,11,1155,5734
524a515401540ea5e8db227d8a5e3a5ec5b343cf,Writable mount,create+close+rename,100,8,50,1067
524a515401540ea5e8db227d8a5e3a5ec5b343cf,Writable mount,write+flush,100,23,80,1498
524a515401540ea5e8db227d8a5e3a5ec5b343cf,VM setup,ramfs_load,5,16620,16789,16789
524a515401540ea5e8db227d8a5e3a5ec5b343cf,Read-only mount,protocol,100,320,385,881
524a515401540ea5e8db227d8a5e3a5ec5b343cf,Read-only mount,stat,100,202,272,429
524a515401540ea5e8db227d8a5e3a5ec5b343cf,Read-only mount,open+close,100,222,304,465
524a515401540ea5e8db227d8a5e3a5ec5b343cf,Read-only mount,readdir,100,216,316,434
524a515401540ea5e8db227d8a5e3a5ec5b343cf,Read-only mount,seq_read,100,44,131,6092
de379a2b8fb7d4a7c512a562736769aa12ee56c1,VM setup,ramfs_load,10,16642,16687,16687
de379a2b8fb7d4a7c512a562736769aa12ee56c1,Writable mount,protocol,100,307,341,363
de379a2b8fb7d4a7c512a562736769aa12ee56c1,Writable mount,stat,100,203,314,474
de379a2b8fb7d4a7c512a562736769aa12ee56c1,Writable mount,open+close,100,213,325,406
de379a2b8fb7d4a7c512a562736769aa12ee56c1,Writable mount,readdir,100,203,294,362
de379a2b8fb7d4a7c512a562736769aa12ee56c1,Writable mount,create_scratch,100,38,103,1467
de379a2b8fb7d4a7c512a562736769aa12ee56c1,Writable mount,seq_read,100,39,148,6014
de379a2b8fb7d4a7c512a562736769aa12ee56c1,Writable mount,create+close+unlink,100,8,63,80
de379a2b8fb7d4a7c512a562736769aa12ee56c1,Writable mount,mkdir+rmdir,100,11,1401,16048
de379a2b8fb7d4a7c512a562736769aa12ee56c1,Writable mount,create+close+rename,100,11,45,89
de379a2b8fb7d4a7c512a562736769aa12ee56c1,Writable mount,write+flush,100,27,84,1490
de379a2b8fb7d4a7c512a562736769aa12ee56c1,VM setup,ramfs_load,5,16645,16710,16710
de379a2b8fb7d4a7c512a562736769aa12ee56c1,Read-only mount,protocol,100,322,356,414
de379a2b8fb7d4a7c512a562736769aa12ee56c1,Read-only mount,stat,100,223,318,426
de379a2b8fb7d4a7c512a562736769aa12ee56c1,Read-only mount,open+close,100,207,305,422
de379a2b8fb7d4a7c512a562736769aa12ee56c1,Read-only mount,readdir,100,222,317,1282
de379a2b8fb7d4a7c512a562736769aa12ee56c1,Read-only mount,seq_read,100,51,624,6673
74aad0dd10bcc72f3ddb8131d853bcef85f93faf,VM setup,ramfs_load,10,16638,16980,16980
74aad0dd10bcc72f3ddb8131d853bcef85f93faf,Writable mount,protocol,100,323,360,367
74aad0dd10bcc72f3ddb8131d853bcef85f93faf,Writable mount,stat,100,224,343,451
74aad0dd10bcc72f3ddb8131d853bcef85f93faf,Writable mount,open+close,100,210,308,467
74aad0dd10bcc72f3ddb8131d853bcef85f93faf,Writable mount,readdir,100,226,339,460
74aad0dd10bcc72f3ddb8131d853bcef85f93faf,Writable mount,create_scratch,100,45,83,1510
74aad0dd10bcc72f3ddb8131d853bcef85f93faf,Writable mount,seq_read,100,43,159,6389
74aad0dd10bcc72f3ddb8131d853bcef85f93faf,Writable mount,create+close+unlink,100,8,42,106
74aad0dd10bcc72f3ddb8131d853bcef85f93faf,Writable mount,mkdir+rmdir,100,11,72,1988
74aad0dd10bcc72f3ddb8131d853bcef85f93faf,Writable mount,create+close+rename,100,10,46,66
74aad0dd10bcc72f3ddb8131d853bcef85f93faf,Writable mount,write+flush,100,25,94,1396
74aad0dd10bcc72f3ddb8131d853bcef85f93faf,VM setup,ramfs_load,5,16623,16640,16640
74aad0dd10bcc72f3ddb8131d853bcef85f93faf,Read-only mount,protocol,100,370,403,441
74aad0dd10bcc72f3ddb8131d853bcef85f93faf,Read-only mount,stat,100,214,366,545
74aad0dd10bcc72f3ddb8131d853bcef85f93faf,Read-only mount,open+close,100,215,313,670
74aad0dd10bcc72f3ddb8131d853bcef85f93faf,Read-only mount,readdir,100,213,314,411
74aad0dd10bcc72f3ddb8131d853bcef85f93faf,Read-only mount,seq_read,100,42,119,5533
9c87b7042d0f85dc90366c990f7cad6fee3810e0,VM setup,ramfs_load,10,16645,16747,16747
9c87b7042d0f85dc90366c990f7cad6fee3810e0,Writable mount,protocol,100,307,351,365
9c87b7042d0f85dc90366c990f7cad6fee3810e0,Writable mount,stat,100,216,282,425
9c87b7042d0f85dc90366c990f7cad6fee3810e0,Writable mount,open+close,100,213,311,434
9c87b7042d0f85dc90366c990f7cad6fee3810e0,Writable mount,readdir,100,217,321,457
9c87b7042d0f85dc90366c990f7cad6fee3810e0,Writable mount,create_scratch,100,44,93,1624
9c87b7042d0f85dc90366c990f7cad6fee3810e0,Writable mount,seq_read,100,39,159,6064
9c87b7042d0f85dc90366c990f7cad6fee3810e0,Writable mount,create+close+unlink,100,5,46,75
9c87b7042d0f85dc90366c990f7cad6fee3810e0,Writable mount,mkdir+rmdir,100,13,556,9591
9c87b7042d0f85dc90366c990f7cad6fee3810e0,Writable mount,create+close+rename,100,12,50,59
9c87b7042d0f85dc90366c990f7cad6fee3810e0,Writable mount,write+flush,100,23,79,1589
9c87b7042d0f85dc90366c990f7cad6fee3810e0,VM setup,ramfs_load,5,16649,16668,16668
9c87b7042d0f85dc90366c990f7cad6fee3810e0,Read-only mount,protocol,100,334,437,447
9c87b7042d0f85dc90366c990f7cad6fee3810e0,Read-only mount,stat,100,217,367,536
9c87b7042d0f85dc90366c990f7cad6fee3810e0,Read-only mount,open+close,100,216,287,433
9c87b7042d0f85dc90366c990f7cad6fee3810e0,Read-only mount,readdir,100,218,295,372
9c87b7042d0f85dc90366c990f7cad6fee3810e0,Read-only mount,seq_read,100,36,172,5453
c0d53673608aa40435a7966fb4d13941fc0f807e,VM setup,ramfs_load,10,16622,16639,16639
c0d53673608aa40435a7966fb4d13941fc0f807e,Writable mount,protocol,100,355,393,527
c0d53673608aa40435a7966fb4d13941fc0f807e,Writable mount,stat,100,205,295,415
c0d53673608aa40435a7966fb4d13941fc0f807e,Writable mount,open+close,100,205,275,426
c0d53673608aa40435a7966fb4d13941fc0f807e,Writable mount,readdir,100,212,284,356
c0d53673608aa40435a7966fb4d13941fc0f807e,Writable mount,create_scratch,100,46,114,1688
c0d53673608aa40435a7966fb4d13941fc0f807e,Writable mount,seq_read,100,43,160,6177
c0d53673608aa40435a7966fb4d13941fc0f807e,Writable mount,create+close+unlink,100,6,39,286
c0d53673608aa40435a7966fb4d13941fc0f807e,Writable mount,mkdir+rmdir,100,7,85,3811
c0d53673608aa40435a7966fb4d13941fc0f807e,Writable mount,create+close+rename,100,10,51,105
c0d53673608aa40435a7966fb4d13941fc0f807e,Writable mount,write+flush,100,24,87,1634
c0d53673608aa40435a7966fb4d13941fc0f807e,VM setup,ramfs_load,5,16634,16676,16676
c0d53673608aa40435a7966fb4d13941fc0f807e,Read-only mount,protocol,100,321,362,508
c0d53673608aa40435a7966fb4d13941fc0f807e,Read-only mount,stat,100,205,295,458
c0d53673608aa40435a7966fb4d13941fc0f807e,Read-only mount,open+close,100,218,332,488
c0d53673608aa40435a7966fb4d13941fc0f807e,Read-only mount,readdir,100,234,348,482
c0d53673608aa40435a7966fb4d13941fc0f807e,Read-only mount,seq_read,100,48,180,6671
b01efd97e4295135ba622dd47a89e69a2c8e0406,VM setup,ramfs_load,10,16745,16776,16776
b01efd97e4295135ba622dd47a89e69a2c8e0406,Writable mount,protocol,100,309,336,356
b01efd97e4295135ba622dd47a89e69a2c8e0406,Writable mount,stat,100,211,334,475
b01efd97e4295135ba622dd47a89e69a2c8e0406,Writable mount,open+close,100,220,341,474
b01efd97e4295135ba622dd47a89e69a2c8e0406,Writable mount,readdir,100,212,300,367
b01efd97e4295135ba622dd47a89e69a2c8e0406,Writable mount,create_scratch,100,47,88,1657
b01efd97e4295135ba622dd47a89e69a2c8e0406,Writable mount,seq_read,100,53,123,5496
b01efd97e4295135ba622dd47a89e69a2c8e0406,Writable mount,create+close+unlink,100,9,40,81
b01efd97e4295135ba622dd47a89e69a2c8e0406,Writable mount,mkdir+rmdir,100,15,65,8218
b01efd97e4295135ba622dd47a89e69a2c8e0406,Writable mount,create+close+rename,100,7,45,64
b01efd97e4295135ba622dd47a89e69a2c8e0406,Writable mount,write+flush,100,30,96,1331
b01efd97e4295135ba622dd47a89e69a2c8e0406,VM setup,ramfs_load,5,16747,16776,16776
b01efd97e4295135ba622dd47a89e69a2c8e0406,Read-only mount,protocol,100,305,349,368
b01efd97e4295135ba622dd47a89e69a2c8e0406,Read-only mount,stat,100,214,313,439
b01efd97e4295135ba622dd47a89e69a2c8e0406,Read-only mount,open+close,100,205,294,463
b01efd97e4295135ba622dd47a89e69a2c8e0406,Read-only mount,readdir,100,220,304,389
b01efd97e4295135ba622dd47a89e69a2c8e0406,Read-only mount,seq_read,100,43,1080,5652
c7466bd47b75fd28f349df7d2abb15cb6af28326,VM setup,ramfs_load,10,16624,16771,16771
c7466bd47b75fd28f349df7d2abb15cb6af28326,Writable mount,protocol,100,309,351,370
c7466bd47b75fd28f349df7d2abb15cb6af28326,Writable mount,stat,100,212,295,482
c7466bd47b75fd28f349df7d2abb15cb6af28326,Writable mount,open+close,100,210,356,418
c7466bd47b75fd28f349df7d2abb15cb6af28326,Writable mount,readdir,100,215,304,365
c7466bd47b75fd28f349df7d2abb15cb6af28326,Writable mount,create_scratch,100,39,76,1428
c7466bd47b75fd28f349df7d2abb15cb6af28326,Writable mount,seq_read,100,45,138,6294
c7466bd47b75fd28f349df7d2abb15cb6af28326,Writable mount,create+close+unlink,100,8,71,143
c7466bd47b75fd28f349df7d2abb15cb6af28326,Writable mount,mkdir+rmdir,100,14,61,13159
c7466bd47b75fd28f349df7d2abb15cb6af28326,Writable mount,create+close+rename,100,12,50,70
c7466bd47b75fd28f349df7d2abb15cb6af28326,Writable mount,write+flush,100,33,76,2558
c7466bd47b75fd28f349df7d2abb15cb6af28326,VM setup,ramfs_load,5,16678,17137,17137
c7466bd47b75fd28f349df7d2abb15cb6af28326,Read-only mount,protocol,100,323,367,399
c7466bd47b75fd28f349df7d2abb15cb6af28326,Read-only mount,stat,100,207,285,449
c7466bd47b75fd28f349df7d2abb15cb6af28326,Read-only mount,open+close,100,214,297,407
c7466bd47b75fd28f349df7d2abb15cb6af28326,Read-only mount,readdir,100,209,284,414
c7466bd47b75fd28f349df7d2abb15cb6af28326,Read-only mount,seq_read,100,55,142,6141
49d053975bfab9b13eb074ad84e437170dc9cdca,VM setup,ramfs_load,10,16638,16705,16705
49d053975bfab9b13eb074ad84e437170dc9cdca,Writable mount,protocol,100,322,360,386
49d053975bfab9b13eb074ad84e437170dc9cdca,Writable mount,stat,100,225,352,524
49d053975bfab9b13eb074ad84e437170dc9cdca,Writable mount,open+close,100,219,325,447
49d053975bfab9b13eb074ad84e437170dc9cdca,Writable mount,readdir,100,221,368,489
49d053975bfab9b13eb074ad84e437170dc9cdca,Writable mount,create_scratch,100,45,107,1469
49d053975bfab9b13eb074ad84e437170dc9cdca,Writable mount,seq_read,100,47,147,5797
49d053975bfab9b13eb074ad84e437170dc9cdca,Writable mount,create+close+unlink,100,6,46,112
49d053975bfab9b13eb074ad84e437170dc9cdca,Writable mount,mkdir+rmdir,100,14,68,5218
49d053975bfab9b13eb074ad84e437170dc9cdca,Writable mount,create+close+rename,100,10,53,68
49d053975bfab9b13eb074ad84e437170dc9cdca,Writable mount,write+flush,100,28,77,1526
49d053975bfab9b13eb074ad84e437170dc9cdca,VM setup,ramfs_load,5,16645,16663,16663
49d053975bfab9b13eb074ad84e437170dc9cdca,Read-only mount,protocol,100,300,348,364
49d053975bfab9b13eb074ad84e437170dc9cdca,Read-only mount,stat,100,214,331,467
49d053975bfab9b13eb074ad84e437170dc9cdca,Read-only mount,open+close,100,207,317,1452
49d053975bfab9b13eb074ad84e437170dc9cdca,Read-only mount,readdir,100,220,297,513
49d053975bfab9b13eb074ad84e437170dc9cdca,Read-only mount,seq_read,100,36,170,6311
eb431ef869a12a2577af667899748faab49ef114,VM setup,ramfs_load,10,16640,16676,16676
eb431ef869a12a2577af667899748faab49ef114,Writable mount,protocol,100,354,376,424
eb431ef869a12a2577af667899748faab49ef114,Writable mount,stat,100,214,324,495
eb431ef869a12a2577af667899748faab49ef114,Writable mount,open+close,100,209,320,466
eb431ef869a12a2577af667899748faab49ef114,Writable mount,readdir,100,220,329,385
eb431ef869a12a2577af667899748faab49ef114,Writable mount,create_scratch,100,45,91,1654
eb431ef869a12a2577af667899748faab49ef114,Writable mount,seq_read,100,36,139,6100
eb431ef869a12a2577af667899748faab49ef114,Writable mount,create+close+unlink,100,7,46,2965
eb431ef869a12a2577af667899748faab49ef114,Writable mount,mkdir+rmdir,100,14,894,6641
eb431ef869a12a2577af667899748faab49ef114,Writable mount,create+close+rename,100,14,61,95
eb431ef869a12a2577af667899748faab49ef114,Writable mount,write+flush,100,28,64,1508
eb431ef869a12a2577af667899748faab49ef114,VM setup,ramfs_load,5,16666,16677,16677
eb431ef869a12a2577af667899748faab49ef114,Read-only mount,protocol,100,330,435,446
eb431ef869a12a2577af667899748faab49ef114,Read-only mount,stat,100,210,308,505
eb431ef869a12a2577af667899748faab49ef114,Read-only mount,open+close,100,216,314,404
eb431ef869a12a2577af667899748faab49ef114,Read-only mount,readdir,100,228,333,484
eb431ef869a12a2577af667899748faab49ef114,Read-only mount,seq_read,100,54,151,5915
5d4a4c9b1e0706dd73b24e043f8bd4c74d227e0a,VM setup,ramfs_load,10,16634,16648,16648
5d4a4c9b1e0706dd73b24e043f8bd4c74d227e0a,Writable mount,protocol,100,340,378,561
5d4a4c9b1e0706dd73b24e043f8bd4c74d227e0a,Writable mount,stat,100,221,323,451
5d4a4c9b1e0706dd73b24e043f8bd4c74d227e0a,Writable mount,open+close,100,211,310,414
5d4a4c9b1e0706dd73b24e043f8bd4c74d227e0a,Writable mount,readdir,100,213,285,393
5d4a4c9b1e0706dd73b24e043f8bd4c74d227e0a,Writable mount,create_scratch,100,44,98,1528
5d4a4c9b1e0706dd73b24e043f8bd4c74d227e0a,Writable mount,seq_read,100,43,183,6247
5d4a4c9b1e0706dd73b24e043f8bd4c74d227e0a,Writable mount,create+close+unlink,100,7,38,220
5d4a4c9b1e0706dd73b24e043f8bd4c74d227e0a,Writable mount,mkdir+rmdir,100,7,77,890
5d4a4c9b1e0706dd73b24e043f8bd4c74d227e0a,Writable mount,create+close+rename,100,11,65,102
5d4a4c9b1e0706dd73b24e043f8bd4c74d227e0a,Writable mount,write+flush,100,25,72,1453
5d4a4c9b1e0706dd73b24e043f8bd4c74d227e0a,VM setup,ramfs_load,5,16647,16678,16678
5d4a4c9b1e0706dd73b24e043f8bd4c74d227e0a,Read-only mount,protocol,100,333,384,395
5d4a4c9b1e0706dd73b24e043f8bd4c74d227e0a,Read-only mount,stat,100,201,360,458
5d4a4c9b1e0706dd73b24e043f8bd4c74d227e0a,Read-only mount,open+close,100,197,321,422
5d4a4c9b1e0706dd73b24e043f8bd4c74d227e0a,Read-only mount,readdir,100,221,322,394
5d4a4c9b1e0706dd73b24e043f8bd4c74d227e0a,Read-only mount,seq_read,100,43,130,5579
538ecf01d55a6b9fabe5ef1bdccfdf5b5482f489,VM setup,ramfs_load,10,16640,16994,16994
538ecf01d55a6b9fabe5ef1bdccfdf5b5482f489,Writable mount,protocol,100,334,371,401
538ecf01d55a6b9fabe5ef1bdccfdf5b5482f489,Writable mount,stat,100,219,357,487
538ecf01d55a6b9fabe5ef1bdccfdf5b5482f489,Writable mount,open+close,100,221,317,516
538ecf01d55a6b9fabe5ef1bdccfdf5b5482f489,Writable mount,readdir,100,215,280,373
538ecf01d55a6b9fabe5ef1bdccfdf5b5482f489,Writable mount,create_scratch,100,43,96,1417
538ecf01d55a6b9fabe5ef1bdccfdf5b5482f489,Writable mount,seq_read,100,56,150,6540
538ecf01d55a6b9fabe5ef1bdccfdf5b5482f489,Writable mount,create+close+unlink,100,9,59,98
538ecf01d55a6b9fabe5ef1bdccfdf5b5482f489,Writable mount,mkdir+rmdir,100,11,68,3545
538ecf01d55a6b9fabe5ef1bdccfdf5b5482f489,Writable mount,create+close+rename,100,10,44,76
538ecf01d55a6b9fabe5ef1bdccfdf5b5482f489,Writable mount,write+flush,100,24,60,1786
538ecf01d55a6b9fabe5ef1bdccfdf5b5482f489,VM setup,ramfs_load,5,16636,16650,16650
538ecf01d55a6b9fabe5ef1bdccfdf5b5482f489,Read-only mount,protocol,100,361,434,799
538ecf01d55a6b9fabe5ef1bdccfdf5b5482f489,Read-only mount,stat,100,224,312,441
538ecf01d55a6b9fabe5ef1bdccfdf5b5482f489,Read-only mount,open+close,100,206,297,446
538ecf01d55a6b9fabe5ef1bdccfdf5b5482f489,Read-only mount,readdir,100,224,326,411
538ecf01d55a6b9fabe5ef1bdccfdf5b5482f489,Read-only mount,seq_read,100,51,179,8054
7d267df20212b556aaaf33992780d4f45e06215d,VM setup,ramfs_load,10,16644,16711,16711
7d267df20212b556aaaf33992780d4f45e06215d,Writable mount,protocol,100,315,338,377
7d267df20212b556aaaf33992780d4f45e06215d,Writable mount,stat,100,207,346,511
7d267df20212b556aaaf33992780d4f45e06215d,Writable mount,open+close,100,210,319,458
7d267df20212b556aaaf33992780d4f45e06215d,Writable mount,readdir,100,207,303,373
7d267df20212b556aaaf33992780d4f45e06215d,Writable mount,create_scratch,100,36,80,1457
7d267df20212b556aaaf33992780d4f45e06215d,Writable mount,seq_read,100,41,181,5605
7d267df20212b556aaaf33992780d4f45e06215d,Writable mount,create+close+unlink,100,8,50,2514
7d267df20212b556aaaf33992780d4f45e06215d,Writable mount,mkdir+rmdir,100,12,211,12549
7d267df20212b556aaaf33992780d4f45e06215d,Writable mount,create+close+rename,100,14,40,67
7d267df20212b556aaaf33992780d4f45e06215d,Writable mount,write+flush,100,28,82,1392
7d267df20212b556aaaf33992780d4f45e06215d,VM setup,ramfs_load,5,16625,16657,16657
7d267df20212b556aaaf33992780d4f45e06215d,Read-only mount,protocol,100,341,413,494
7d267df20212b556aaaf33992780d4f45e06215d,Read-only mount,stat,100,218,341,479
7d267df20212b556aaaf33992780d4f45e06215d,Read-only mount,open+close,100,201,302,398
7d267df20212b556aaaf33992780d4f45e06215d,Read-only mount,readdir,100,219,310,1214
7d267df20212b556aaaf33992780d4f45e06215d,Read-only mount,seq_read,100,44,181,6055
a3180768be796f06373fd705a2d410ac2554efcb,VM setup,ramfs_load,10,16638,16707,16707
a3180768be796f06373fd705a2d410ac2554efcb,Writable mount,protocol,100,351,377,399
a3180768be796f06373fd705a2d410ac2554efcb,Writable mount,stat,100,220,321,466
a3180768be796f06373fd705a2d410ac2554efcb,Writable mount,open+close,100,210,305,1057
a3180768be796f06373fd705a2d410ac2554efcb,Writable mount,readdir,100,212,300,362
a3180768be796f06373fd705a2d410ac2554efcb,Writable mount,create_scratch,100,43,79,1419
a3180768be796f06373fd705a2d410ac2554efcb,Writable mount,seq_read,100,38,130,6049
a3180768be796f06373fd705a2d410ac2554efcb,Writable mount,create+close+unlink,100,6,42,85
a3180768be796f06373fd705a2d410ac2554efcb,Writable mount,mkdir+rmdir,100,13,123,7833
a3180768be796f06373fd705a2d410ac2554efcb,Writable mount,create+close+rename,100,12,60,88
a3180768be796f06373fd705a2d410ac2554efcb,Writable mount,write+flush,100,27,92,1693
a3180768be796f06373fd705a2d410ac2554efcb,VM setup,ramfs_load,5,16625,16720,16720
a3180768be796f06373fd705a2d410ac2554efcb,Read-only mount,protocol,100,320,369,402
a3180768be796f06373fd705a2d410ac2554efcb,Read-only mount,stat,100,208,315,430
a3180768be796f06373fd705a2d410ac2554efcb,Read-only mount,open+close,100,211,330,439
a3180768be796f06373fd705a2d410ac2554efcb,Read-only mount,readdir,100,217,298,409
a3180768be796f06373fd705a2d410ac2554efcb,Read-only mount,seq_read,100,43,179,6400
dff9df34d85dd8b2270f42eb2fe50ee28c6a52f5,VM setup,ramfs_load,10,16640,16725,16725
dff9df34d85dd8b2270f42eb2fe50ee28c6a52f5,Writable mount,protocol,100,363,429,454
dff9df34d85dd8b2270f42eb2fe50ee28c6a52f5,Writable mount,stat,100,226,327,470
dff9df34d85dd8b2270f42eb2fe50ee28c6a52f5,Writable mount,open+close,100,213,315,417
dff9df34d85dd8b2270f42eb2fe50ee28c6a52f5,Writable mount,readdir,100,227,330,443
dff9df34d85dd8b2270f42eb2fe50ee28c6a52f5,Writable mount,create_scratch,100,40,93,1624
dff9df34d85dd8b2270f42eb2fe50ee28c6a52f5,Writable mount,seq_read,100,37,157,6332
dff9df34d85dd8b2270f42eb2fe50ee28c6a52f5,Writable mount,create+close+unlink,100,9,47,91
dff9df34d85dd8b2270f42eb2fe50ee28c6a52f5,Writable mount,mkdir+rmdir,100,11,660,5843
dff9df34d85dd8b2270f42eb2fe50ee28c6a52f5,Writable mount,create+close+rename,100,9,40,56
dff9df34d85dd8b2270f42eb2fe50ee28c6a52f5,Writable mount,write+flush,100,24,85,1650
dff9df34d85dd8b2270f42eb2fe50ee28c6a52f5,VM setup,ramfs_load,5,16624,16692,16692
dff9df34d85dd8b2270f42eb2fe50ee28c6a52f5,Read-only mount,protocol,100,317,367,397
dff9df34d85dd8b2270f42eb2fe50ee28c6a52f5,Read-only mount,stat,100,208,310,447
dff9df34d85dd8b2270f42eb2fe50ee28c6a52f5,Read-only mount,open+close,100,203,278,362
dff9df34d85dd8b2270f42eb2fe50ee28c6a52f5,Read-only mount,readdir,100,214,332,403
dff9df34d85dd8b2270f42eb2fe50ee28c6a52f5,Read-only mount,seq_read,100,44,148,6116
b3c05647d4a8699d680f108d2da568dd38887d42,VM setup,ramfs_load,10,16645,16720,16720
b3c05647d4a8699d680f108d2da568dd38887d42,Writable mount,protocol,100,354,392,416
b3c05647d4a8699d680f108d2da568dd38887d42,Writable mount,stat,100,214,302,944
b3c05647d4a8699d680f108d2da568dd38887d42,Writable mount,open+close,100,215,333,435
b3c05647d4a8699d680f108d2da568dd38887d42,Writable mount,readdir,100,216,328,450
b3c05647d4a8699d680f108d2da568dd38887d42,Writable mount,create_scratch,100,44,98,1708
b3c05647d4a8699d680f108d2da568dd38887d42,Writable mount,seq_read,100,45,148,5985
b3c05647d4a8699d680f108d2da568dd38887d42,Writable mount,create+close+unlink,100,6,70,3774
b3c05647d4a8699d680f108d2da568dd38887d42,Writable mount,mkdir+rmdir,100,13,67,3247
b3c05647d4a8699d680f108d2da568dd38887d42,Writable mount,create+close+rename,100,9,51,266
b3c05647d4a8699d680f108d2da568dd38887d42,Writable mount,write+flush,100,29,64,1348
b3c05647d4a8699d680f108d2da568dd38887d42,VM setup,ramfs_load,5,16639,16676,16676
b3c05647d4a8699d680f108d2da568dd38887d42,Read-only mount,protocol,100,317,380,387
b3c05647d4a8699d680f108d2da568dd38887d42,Read-only mount,stat,100,209,329,421
b3c05647d4a8699d680f108d2da568dd38887d42,Read-only mount,open+close,100,212,337,457
b3c05647d4a8699d680f108d2da568dd38887d42,Read-only mount,readdir,100,228,323,1270
b3c05647d4a8699d680f108d2da568dd38887d42,Read-only mount,seq_read,100,49,178,6303
fbba826cf3809b7836d50384b15f72c624fed3ed,VM setup,ramfs_load,10,16632,16839,16839
fbba826cf3809b7836d50384b15f72c624fed3ed,Writable mount,protocol,100,321,357,464
fbba826cf3809b7836d50384b15f72c624fed3ed,Writable mount,stat,100,215,298,497
fbba826cf3809b7836d50384b15f72c624fed3ed,Writable mount,open+close,100,216,305,431
fbba826cf3809b7836d50384b15f72c624fed3ed,Writable mount,readdir,100,222,302,439
fbba826cf3809b7836d50384b15f72c624fed3ed,Writable mount,create_scratch,100,43,88,1498
fbba826cf3809b7836d50384b15f72c624fed3ed,Writable mount,seq_read,100,43,132,6286
fbba826cf3809b7836d50384b15f72c624fed3ed,Writable mount,create+close+unlink,100,8,47,94
fbba826cf3809b7836d50384b15f72c624fed3ed,Writable mount,mkdir+rmdir,100,14,81,2981
fbba826cf3809b7836d50384b15f72c624fed3ed,Writable mount,create+close+rename,100,11,37,121
fbba826cf3809b7836d50384b15f72c624fed3ed,Writable mount,write+flush,100,27,64,1698
fbba826cf3809b7836d50384b15f72c624fed3ed,VM setup,ramfs_load,5,16616,16866,16866
fbba826cf3809b7836d50384b15f72c624fed3ed,Read-only mount,protocol,100,318,392,450
fbba826cf3809b7836d50384b15f72c624fed3ed,Read-only mount,stat,100,216,349,470
fbba826cf3809b7836d50384b15f72c624fed3ed,Read-only mount,open+close,100,216,308,370
fbba826cf3809b7836d50384b15f72c624fed3ed,Read-only mount,readdir,100,220,316,406
fbba826cf3809b7836d50384b15f72c624fed3ed,Read-only mount,seq_read,100,49,139,6282
534211e738543529353d7f9ab05294cae13a983a,VM setup,ramfs_load,10,16633,16649,16649
534211e738543529353d7f9ab05294cae13a983a,Writable mount,protocol,100,298,341,354
534211e738543529353d7f9ab05294cae13a983a,Writable mount,stat,100,211,332,502
534211e738543529353d7f9ab05294cae13a983a,Writable mount,open+close,100,220,298,396
534211e738543529353d7f9ab05294cae13a983a,Writable mount,readdir,100,224,313,1145
534211e738543529353d7f9ab05294cae13a983a,Writable mount,create_scratch,100,40,103,1469
534211e738543529353d7f9ab05294cae13a983a,Writable mount,seq_read,100,41,182,5997
534211e738543529353d7f9ab05294cae13a983a,Writable mount,create+close+unlink,100,6,41,61
534211e738543529353d7f9ab05294cae13a983a,Writable mount,mkdir+rmdir,100,10,65,15734
534211e738543529353d7f9ab05294cae13a983a,Writable mount,create+close+rename,100,10,66,141
534211e738543529353d7f9ab05294cae13a983a,Writable mount,write+flush,100,24,78,1599
534211e738543529353d7f9ab05294cae13a983a,VM setup,ramfs_load,5,16702,17186,17186
534211e738543529353d7f9ab05294cae13a983a,Read-only mount,protocol,100,318,412,470
534211e738543529353d7f9ab05294cae13a983a,Read-only mount,stat,100,204,314,478
534211e738543529353d7f9ab05294cae13a983a,Read-only mount,open+close,100,212,313,1894
534211e738543529353d7f9ab05294cae13a983a,Read-only mount,readdir,100,209,328,368
534211e738543529353d7f9ab05294cae13a983a,Read-only mount,seq_read,100,47,153,6222
ae7b070d2174733790c9f0ae6a96167999c78858,VM setup,ramfs_load,10,16659,16740,16740
ae7b070d2174733790c9f0ae6a96167999c78858,Writable mount,protocol,100,325,358,441
ae7b070d2174733790c9f0ae6a96167999c78858,Writable mount,stat,100,197,298,410
ae7b070d2174733790c9f0ae6a96167999c78858,Writable mount,open+close,100,208,276,408
ae7b070d2174733790c9f0ae6a96167999c78858,Writable mount,readdir,100,227,354,1829
ae7b070d2174733790c9f0ae6a96167999c78858,Writable mount,create_scratch,100,42,93,1511
ae7b070d2174733790c9f0ae6a96167999c78858,Writable mount,seq_read,100,41,185,6141
ae7b070d2174733790c9f0ae6a96167999c78858,Writable mount,create+close+unlink,100,9,53,102
ae7b070d2174733790c9f0ae6a96167999c78858,Writable mount,mkdir+rmdir,100,9,119,15899
ae7b070d2174733790c9f0ae6a96167999c78858,Writable mount,create+close+rename,100,10,66,95
ae7b070d2174733790c9f0ae6a96167999c78858,Writable mount,write+flush,100,27,69,1386
ae7b070d2174733790c9f0ae6a96167999c78858,VM setup,ramfs_load,5,16637,16648,16648
ae7b070d2174733790c9f0ae6a96167999c78858,Read-only mount,protocol,100,300,398,477
ae7b070d2174733790c9f0ae6a96167999c78858,Read-only mount,stat,100,210,297,503
ae7b070d2174733790c9f0ae6a96167999c78858,Read-only mount,open+close,100,218,316,468
ae7b070d2174733790c9f0ae6a96167999c78858,Read-only mount,readdir,100,216,327,382
ae7b070d2174733790c9f0ae6a96167999c78858,Read-only mount,seq_read,100,35,149,5573
c9fdea92e9db4ab2064e3028640244b16b593bd8,VM setup,ramfs_load,10,16638,16699,16699
c9fdea92e9db4ab2064e3028640244b16b593bd8,Writable mount,protocol,100,289,318,331
c9fdea92e9db4ab2064e3028640244b16b593bd8,Writable mount,stat,100,207,311,449
c9fdea92e9db4ab2064e3028640244b16b593bd8,Writable mount,open+close,100,214,356,465
c9fdea92e9db4ab2064e3028640244b16b593bd8,Writable mount,readdir,100,211,306,582
c9fdea92e9db4ab2064e3028640244b16b593bd8,Writable mount,create_scratch,100,41,91,1472
c9fdea92e9db4ab2064e3028640244b16b593bd8,Writable mount,seq_read,100,40,179,6125
c9fdea92e9db4ab2064e3028640244b16b593bd8,Writable mount,create+close+unlink,100,6,50,72
c9fdea92e9db4ab2064e3028640244b16b593bd8,Writable mount,mkdir+rmdir,100,12,49,7415
c9fdea92e9db4ab2064e3028640244b16b593bd8,Writable mount,create+close+rename,100,11,54,68
c9fdea92e9db4ab2064e3028640244b16b593bd8,Writable mount,write+flush,100,26,73,1519
c9fdea92e9db4ab2064e3028640244b16b593bd8,VM setup,ramfs_load,5,16646,16674,16674
c9fdea92e9db4ab2064e3028640244b16b593bd8,Read-only mount,protocol,100,327,390,438
c9fdea92e9db4ab2064e3028640244b16b593bd8,Read-only mount,stat,100,220,326,456
c9fdea92e9db4ab2064e3028640244b16b593bd8,Read-only mount,open+close,100,211,357,523
c9fdea92e9db4ab2064e3028640244b16b593bd8,Read-only mount,readdir,100,217,311,376
c9fdea92e9db4ab2064e3028640244b16b593bd8,Read-only mount,seq_read,100,41,199,6312
e3eacbfe376ee8871ba051889412406182b631b7,VM setup,ramfs_load,10,16636,16744,16744
e3eacbfe376ee8871ba051889412406182b631b7,Writable mount,protocol,100,345,399,408
e3eacbfe376ee8871ba051889412406182b631b7,Writable mount,stat,100,218,326,358
e3eacbfe376ee8871ba051889412406182b631b7,Writable mount,open+close,100,219,319,486
e3eacbfe376ee8871ba051889412406182b631b7,Writable mount,readdir,100,207,304,1352
e3eacbfe376ee8871ba051889412406182b631b7,Writable mount,create_scratch,100,45,111,1632
e3eacbfe376ee8871ba051889412406182b631b7,Writable mount,seq_read,100,39,141,5974
e3eacbfe376ee8871ba051889412406182b631b7,Writable mount,create+close+unlink,100,10,44,69
e3eacbfe376ee8871ba051889412406182b631b7,Writable mount,mkdir+rmdir,100,13,90,24304
e3eacbfe376ee8871ba051889412406182b631b7,Writable mount,create+close+rename,100,11,50,93
e3eacbfe376ee8871ba051889412406182b631b7,Writable mount,write+flush,100,25,62,1650
e3eacbfe376ee8871ba051889412406182b631b7,VM setup,ramfs_load,5,16642,16938,16938
e3eacbfe376ee8871ba051889412406182b631b7,Read-only mount,protocol,100,323,364,1254
e3eacbfe376ee8871ba051889412406182b631b7,Read-only mount,stat,100,208,330,464
e3eacbfe376ee8871ba051889412406182b631b7,Read-only mount,open+close,100,220,319,478
e3eacbfe376ee8871ba051889412406182b631b7,Read-only mount,readdir,100,209,328,449
e3eacbfe376ee8871ba051889412406182b631b7,Read-only mount,seq_read,100,42,174,5704
956b011c8b2724875ea6083fec761e299519c7d8,VM setup,ramfs_load,10,16678,16700,16700
956b011c8b2724875ea6083fec761e299519c7d8,Writable mount,protocol,100,338,374,488
956b011c8b2724875ea6083fec761e299519c7d8,Writable mount,stat,100,215,309,379
956b011c8b2724875ea6083fec761e299519c7d8,Writable mount,open+close,100,211,326,430
956b011c8b2724875ea6083fec761e299519c7d8,Writable mount,readdir,100,235,323,378
956b011c8b2724875ea6083fec761e299519c7d8,Writable mount,create_scratch,100,43,95,1517
956b011c8b2724875ea6083fec761e299519c7d8,Writable mount,seq_read,100,46,160,6010
956b011c8b2724875ea6083fec761e299519c7d8,Writable mount,create+close+unlink,100,7,43,54
956b011c8b2724875ea6083fec761e299519c7d8,Writable mount,mkdir+rmdir,100,15,89,8797
956b011c8b2724875ea6083fec761e299519c7d8,Writable mount,create+close+rename,100,10,62,94
956b011c8b2724875ea6083fec761e299519c7d8,Writable mount,write+flush,100,25,59,1193
956b011c8b2724875ea6083fec761e299519c7d8,VM setup,ramfs_load,5,16625,16693,16693
956b011c8b2724875ea6083fec761e299519c7d8,Read-only mount,protocol,100,333,423,453
956b011c8b2724875ea6083fec761e299519c7d8,Read-only mount,stat,100,201,303,391
956b011c8b2724875ea6083fec761e299519c7d8,Read-only mount,open+close,100,215,307,396
956b011c8b2724875ea6083fec761e299519c7d8,Read-only mount,readdir,100,213,303,428
956b011c8b2724875ea6083fec761e299519c7d8,Read-only mount,seq_read,100,43,264,5598
d4ecb0ff6daae2544a58c86e36e70ce370d69eec,VM setup,ramfs_load,10,16652,16694,16694
d4ecb0ff6daae2544a58c86e36e70ce370d69eec,Writable mount,protocol,100,359,379,418
d4ecb0ff6daae2544a58c86e36e70ce370d69eec,Writable mount,stat,100,219,337,448
d4ecb0ff6daae2544a58c86e36e70ce370d69eec,Writable mount,open+close,100,209,291,469
d4ecb0ff6daae2544a58c86e36e70ce370d69eec,Writable mount,readdir,100,211,285,385
d4ecb0ff6daae2544a58c86e36e70ce370d69eec,Writable mount,create_scratch,100,42,77,1614
d4ecb0ff6daae2544a58c86e36e70ce370d69eec,Writable mount,seq_read,100,40,146,6380
d4ecb0ff6daae2544a58c86e36e70ce370d69eec,Writable mount,create+close+unlink,100,6,42,52
d4ecb0ff6daae2544a58c86e36e70ce370d69eec,Writable mount,mkdir+rmdir,100,17,1794,14062
d4ecb0ff6daae2544a58c86e36e70ce370d69eec,Writable mount,create+close+rename,100,8,44,62
d4ecb0ff6daae2544a58c86e36e70ce370d69eec,Writable mount,write+flush,100,24,79,1543
d4ecb0ff6daae2544a58c86e36e70ce370d69eec,VM setup,ramfs_load,5,16638,16691,16691
d4ecb0ff6daae2544a58c86e36e70ce370d69eec,Read-only mount,protocol,100,331,376,414
d4ecb0ff6daae2544a58c86e36e70ce370d69eec,Read-only mount,stat,100,209,320,415
d4ecb0ff6daae2544a58c86e36e70ce370d69eec,Read-only mount,open+close,100,213,313,426
d4ecb0ff6daae2544a58c86e36e70ce370d69eec,Read-only mount,readdir,100,214,300,402
d4ecb0ff6daae2544a58c86e36e70ce370d69eec,Read-only mount,seq_read,100,55,348,6105
ae3b6414f34b63b7562a4ba61884cd5c0ca47d77,VM setup,ramfs_load,10,16643,16687,16687
ae3b6414f34b63b7562a4ba61884cd5c0ca47d77,Writable mount,protocol,100,319,365,389
ae3b6414f34b63b7562a4ba61884cd5c0ca47d77,Writable mount,stat,100,215,319,447
ae3b6414f34b63b7562a4ba61884cd5c0ca47d77,Writable mount,open+close,100,235,345,396
ae3b6414f34b63b7562a4ba61884cd5c0ca47d77,Writable mount,readdir,100,211,321,1312
ae3b6414f34b63b7562a4ba61884cd5c0ca47d77,Writable mount,create_scratch,100,37,99,1743
ae3b6414f34b63b7562a4ba61884cd5c0ca47d77,Writable mount,seq_read,100,39,141,5592
ae3b6414f34b63b7562a4ba61884cd5c0ca47d77,Writable mount,create+close+unlink,100,9,52,90
ae3b6414f34b63b7562a4ba61884cd5c0ca47d77,Writable mount,mkdir+rmdir,100,11,87,6454
ae3b6414f34b63b7562a4ba61884cd5c0ca47d77,Writable mount,create+close+rename,100,10,39,88
ae3b6414f34b63b7562a4ba61884cd5c0ca47d77,Writable mount,write+flush,100,26,80,1352
ae3b6414f34b63b7562a4ba61884cd5c0ca47d77,VM setup,ramfs_load,5,16629,16641,16641
ae3b6414f34b63b7562a4ba61884cd5c0ca47d77,Read-only mount,protocol,100,312,396,414
ae3b6414f34b63b7562a4ba61884cd5c0ca47d77,Read-only mount,stat,100,219,294,414
ae3b6414f34b63b7562a4ba61884cd5c0ca47d77,Read-only mount,open+close,100,220,316,453
ae3b6414f34b63b7562a4ba61884cd5c0ca47d77,Read-only mount,readdir,100,223,286,384
ae3b6414f34b63b7562a4ba61884cd5c0ca47d77,Read-only mount,seq_read,100,53,162,5973
08478fcf43a37388f69c160256170264aa765a3a,VM setup,ramfs_load,10,16638,16734,16734
08478fcf43a37388f69c160256170264aa765a3a,Writable mount,protocol,100,294,329,345
08478fcf43a37388f69c160256170264aa765a3a,Writable mount,stat,100,201,322,439
08478fcf43a37388f69c160256170264aa765a3a,Writable mount,open+close,100,218,317,476
08478fcf43a37388f69c160256170264aa765a3a,Writable mount,readdir,100,211,335,446
08478fcf43a37388f69c160256170264aa765a3a,Writable mount,create_scratch,100,43,89,1481
08478fcf43a37388f69c160256170264aa765a3a,Writable mount,seq_read,100,39,181,6114
08478fcf43a37388f69c160256170264aa765a3a,Writable mount,create+close+unlink,100,6,37,66
08478fcf43a37388f69c160256170264aa765a3a,Writable mount,mkdir+rmdir,100,10,86,131
08478fcf43a37388f69c160256170264aa765a3a,Writable mount,create+close+rename,100,5,54,105
08478fcf43a37388f69c160256170264aa765a3a,Writable mount,write+flush,100,29,72,1397
08478fcf43a37388f69c160256170264aa765a3a,VM setup,ramfs_load,5,16613,16680,16680
08478fcf43a37388f69c160256170264aa765a3a,Read-only mount,protocol,100,299,364,405
08478fcf43a37388f69c160256170264aa765a3a,Read-only mount,stat,100,204,331,422
08478fcf43a37388f69c160256170264aa765a3a,Read-only mount,open+close,100,214,315,387
08478fcf43a37388f69c160256170264aa765a3a,Read-only mount,readdir,100,223,324,510
08478fcf43a37388f69c160256170264aa765a3a,Read-only mount,seq_read,100,47,147,6141
55bea06b6d38ea42b2ffe2205f2075504062c54d,VM setup,ramfs_load,10,16638,16665,16665
55bea06b6d38ea42b2ffe2205f2075504062c54d,Writable mount,protocol,100,347,375,382
55bea06b6d38ea42b2ffe2205f2075504062c54d,Writable mount,stat,100,212,311,366
55bea06b6d38ea42b2ffe2205f2075504062c54d,Writable mount,open+close,100,208,339,433
55bea06b6d38ea42b2ffe2205f2075504062c54d,Writable mount,readdir,100,219,297,430
55bea06b6d38ea42b2ffe2205f2075504062c54d,Writable mount,create_scratch,100,42,85,1621
55bea06b6d38ea42b2ffe2205f2075504062c54d,Writable mount,seq_read,100,48,172,5883
55bea06b6d38ea42b2ffe2205f2075504062c54d,Writable mount,create+close+unlink,100,10,38,81
55bea06b6d38ea42b2ffe2205f2075504062c54d,Writable mount,mkdir+rmdir,100,10,124,16812
55bea06b6d38ea42b2ffe2205f2075504062c54d,Writable mount,create+close+rename,100,11,65,85
55bea06b6d38ea42b2ffe2205f2075504062c54d,Writable mount,write+flush,100,24,71,1554
55bea06b6d38ea42b2ffe2205f2075504062c54d,VM setup,ramfs_load,5,16627,16684,16684
55bea06b6d38ea42b2ffe2205f2075504062c54d,Read-only mount,protocol,100,384,436,448
55bea06b6d38ea42b2ffe2205f2075504062c54d,Read-only mount,stat,100,206,336,1050
55bea06b6d38ea42b2ffe2205f2075504062c54d,Read-only mount,open+close,100,229,341,401
55bea06b6d38ea42b2ffe2205f2075504062c54d,Read-only mount,readdir,100,210,282,383
55bea06b6d38ea42b2ffe2205f2075504062c54d,Read-only mount,seq_read,100,42,366,5587
88cdcd5e80f21e919e4b7ad3b447683cb1a8543b,VM setup,ramfs_load,10,16657,16710,16710
88cdcd5e80f21e919e4b7ad3b447683cb1a8543b,Writable mount,protocol,100,345,365,375
88cdcd5e80f21e919e4b7ad3b447683cb1a8543b,Writable mount,stat,100,224,313,425
88cdcd5e80f21e919e4b7ad3b447683cb1a8543b,Writable mount,open+close,100,221,299,358
88cdcd5e80f21e919e4b7ad3b447683cb1a8543b,Writable mount,readdir,100,223,318,405
88cdcd5e80f21e919e4b7ad3b447683cb1a8543b,Writable mount,create_scratch,100,42,79,1492
88cdcd5e80f21e919e4b7ad3b447683cb1a8543b,Writable mount,seq_read,100,39,158,5585
88cdcd5e80f21e919e4b7ad3b447683cb1a8543b,Writable mount,create+close+unlink,100,8,51,74
88cdcd5e80f21e919e4b7ad3b447683cb1a8543b,Writable mount,mkdir+rmdir,100,14,69,3288
88cdcd5e80f21e919e4b7ad3b447683cb1a8543b,Writable mount,create+close+rename,100,11,51,1017
88cdcd5e80f21e919e4b7ad3b447683cb1a8543b,Writable mount,write+flush,100,23,60,1598
88cdcd5e80f21e919e4b7ad3b447683cb1a8543b,VM setup,ramfs_load,5,16637,16649,16649
88cdcd5e80f21e919e4b7ad3b447683cb1a8543b,Read-only mount,protocol,100,349,409,423
88cdcd5e80f21e919e4b7ad3b447683cb1a8543b,Read-only mount,stat,100,202,301,385
88cdcd5e80f21e919e4b7ad3b447683cb1a8543b,Read-only mount,open+close,100,219,352,1483
88cdcd5e80f21e919e4b7ad3b447683cb1a8543b,Read-only mount,readdir,100,217,300,435
88cdcd5e80f21e919e4b7ad3b447683cb1a8543b,Read-only mount,seq_read,100,44,193,5559
b3b63cb03457b435b6001df7838f5e8f6d232989,VM setup,ramfs_load,10,16639,16661,16661
b3b63cb03457b435b6001df7838f5e8f6d232989,Writable mount,protocol,100,354,374,379
b3b63cb03457b435b6001df7838f5e8f6d232989,Writable mount,stat,100,220,358,454
b3b63cb03457b435b6001df7838f5e8f6d232989,Writable mount,open+close,100,204,294,469
b3b63cb03457b435b6001df7838f5e8f6d232989,Writable mount,readdir,100,224,339,409
b3b63cb03457b435b6001df7838f5e8f6d232989,Writable mount,create_scratch,100,44,92,1741
b3b63cb03457b435b6001df7838f5e8f6d232989,Writable mount,seq_read,100,47,155,5677
b3b63cb03457b435b6001df7838f5e8f6d232989,Writable mount,create+close+unlink,100,5,54,65
b3b63cb03457b435b6001df7838f5e8f6d232989,Writable mount,mkdir+rmdir,100,9,63,13838
b3b63cb03457b435b6001df7838f5e8f6d232989,Writable mount,create+close+rename,100,6,54,79
b3b63cb03457b435b6001df7838f5e8f6d232989,Writable mount,write+flush,100,17,67,1413
b3b63cb03457b435b6001df7838f5e8f6d232989,VM setup,ramfs_load,5,16669,16696,16696
b3b63cb03457b435b6001df7838f5e8f6d232989,Read-only mount,protocol,100,313,345,380
b3b63cb03457b435b6001df7838f5e8f6d232989,Read-only mount,stat,100,209,344,471
b3b63cb03457b435b6001df7838f5e8f6d232989,Read-only mount,open+close,100,209,283,437
b3b63cb03457b435b6001df7838f5e8f6d232989,Read-only mount,readdir,100,238,315,520
b3b63cb03457b435b6001df7838f5e8f6d232989,Read-only mount,seq_read,100,43,126,6214
399471f551f5564dfcadb4a0c65f272a8a06a301,VM setup,ramfs_load,10,16635,16677,16677
399471f551f5564dfcadb4a0c65f272a8a06a301,Writable mount,protocol,100,338,386,401
399471f551f5564dfcadb4a0c65f272a8a06a301,Writable mount,stat,100,224,313,388
399471f551f5564dfcadb4a0c65f272a8a06a301,Writable mount,open+close,100,218,328,483
399471f551f5564dfcadb4a0c65f272a8a06a301,Writable mount,readdir,100,215,332,692
399471f551f5564dfcadb4a0c65f272a8a06a301,Writable mount,create_scratch,100,44,89,1666
399471f551f5564dfcadb4a0c65f272a8a06a301,Writable mount,seq_read,100,49,153,5451
399471f551f5564dfcadb4a0c65f272a8a06a301,Writable mount,create+close+unlink,100,6,49,72
399471f551f5564dfcadb4a0c65f272a8a06a301,Writable mount,mkdir+rmdir,100,12,90,1585
399471f551f5564dfcadb4a0c65f272a8a06a301,Writable mount,create+close+rename,100,10,48,76
399471f551f5564dfcadb4a0c65f272a8a06a301,Writable mount,write+flush,100,29,82,1431
399471f551f5564dfcadb4a0c65f272a8a06a301,VM setup,ramfs_load,5,16650,16728,16728
399471f551f5564dfcadb4a0c65f272a8a06a301,Read-only mount,protocol,100,324,362,376
399471f551f5564dfcadb4a0c65f272a8a06a301,Read-only mount,stat,100,209,336,434
399471f551f5564dfcadb4a0c65f272a8a06a301,Read-only mount,open+close,100,212,323,477
399471f551f5564dfcadb4a0c65f272a8a06a301,Read-only mount,readdir,100,223,327,451
399471f551f5564dfcadb4a0c65f272a8a06a301,Read-only mount,seq_read,100,45,146,5584
6d3fe305cd007439daf2116f2c90c7e46202bf9d,VM setup,ramfs_load,10,16624,16656,16656
6d3fe305cd007439daf2116f2c90c7e46202bf9d,Writable mount,protocol,100,293,325,331
6d3fe305cd007439daf2116f2c90c7e46202bf9d,Writable mount,stat,100,201,303,462
6d3fe305cd007439daf2116f2c90c7e46202bf9d,Writable mount,open+close,100,223,324,461
6d3fe305cd007439daf2116f2c90c7e46202bf9d,Writable mount,readdir,100,219,320,426
6d3fe305cd007439daf2116f2c90c7e46202bf9d,Writable mount,create_scratch,100,44,115,1656
6d3fe305cd007439daf2116f2c90c7e46202bf9d,Writable mount,seq_read,100,39,143,5758
6d3fe305cd007439daf2116f2c90c7e46202bf9d,Writable mount,create+close+unlink,100,6,54,88
6d3fe305cd007439daf2116f2c90c7e46202bf9d,Writable mount,mkdir+rmdir,100,8,80,10239
6d3fe305cd007439daf2116f2c90c7e46202bf9d,Writable mount,create+close+rename,100,12,63,141
6d3fe305cd007439daf2116f2c90c7e46202bf9d,Writable mount,write+flush,100,20,60,1351
6d3fe305cd007439daf2116f2c90c7e46202bf9d,VM setup,ramfs_load,5,16630,16685,16685
6d3fe305cd007439daf2116f2c90c7e46202bf9d,Read-only mount,protocol,100,309,366,391
6d3fe305cd007439daf2116f2c90c7e46202bf9d,Read-only mount,stat,100,209,342,465
6d3fe305cd007439daf2116f2c90c7e46202bf9d,Read-only mount,open+close,100,202,278,504
6d3fe305cd007439daf2116f2c90c7e46202bf9d,Read-only mount,readdir,100,208,302,387
6d3fe305cd007439daf2116f2c90c7e46202bf9d,Read-only mount,seq_read,100,38,145,5696
76de8afd43b0b904714f162024ac529bcf65a483,VM setup,ramfs_load,10,16638,16681,16681
76de8afd43b0b904714f162024ac529bcf65a483,Writable mount,protocol,100,324,391,4012
76de8afd43b0b904714f162024ac529bcf65a483,Writable mount,stat,100,204,295,452
76de8afd43b0b904714f162024ac529bcf65a483,Writable mount,open+close,100,215,298,443
76de8afd43b0b904714f162024ac529bcf65a483,Writable mount,readdir,100,219,296,365
76de8afd43b0b904714f162024ac529bcf65a483,Writable mount,create_scratch,100,43,106,1662
76de8afd43b0b904714f162024ac529bcf65a483,Writable mount,seq_read,100,48,132,6146
76de8afd43b0b904714f162024ac529bcf65a483,Writable mount,create+close+unlink,100,9,56,74
76de8afd43b0b904714f162024ac529bcf65a483,Writable mount,mkdir+rmdir,100,11,195,15603
76de8afd43b0b904714f162024ac529bcf65a483,Writable mount,create+close+rename,100,9,47,111
76de8afd43b0b904714f162024ac529bcf65a483,Writable mount,write+flush,100,27,74,1475
76de8afd43b0b904714f162024ac529bcf65a483,VM setup,ramfs_load,5,16640,16656,16656
76de8afd43b0b904714f162024ac529bcf65a483,Read-only mount,protocol,100,318,362,432
76de8afd43b0b904714f162024ac529bcf65a483,Read-only mount,stat,100,209,321,422
76de8afd43b0b904714f162024ac529bcf65a483,Read-only mount,open+close,100,194,271,409
76de8afd43b0b904714f162024ac529bcf65a483,Read-only mount,readdir,100,217,311,505
76de8afd43b0b904714f162024ac529bcf65a483,Read-only mount,seq_read,100,33,163,6230
c1d39aa217f3d40e677595c0c114d84a987df84d,VM setup,ramfs_load,10,16629,16655,16655
c1d39aa217f3d40e677595c0c114d84a987df84d,Writable mount,protocol,100,320,376,400
c1d39aa217f3d40e677595c0c114d84a987df84d,Writable mount,stat,100,216,301,357
c1d39aa217f3d40e677595c0c114d84a987df84d,Writable mount,open+close,100,213,306,400
c1d39aa217f3d40e677595c0c114d84a987df84d,Writable mount,readdir,100,211,288,461
c1d39aa217f3d40e677595c0c114d84a987df84d,Writable mount,create_scratch,100,38,72,1658
c1d39aa217f3d40e677595c0c114d84a987df84d,Writable mount,seq_read,100,43,113,5569
c1d39aa217f3d40e677595c0c114d84a987df84d,Writable mount,create+close+unlink,100,6,39,57
c1d39aa217f3d40e677595c0c114d84a987df84d,Writable mount,mkdir+rmdir,100,12,79,1342
c1d39aa217f3d40e677595c0c114d84a987df84d,Writable mount,create+close+rename,100,9,40,56
c1d39aa217f3d40e677595c0c114d84a987df84d,Writable mount,write+flush,100,28,71,1334
c1d39aa217f3d40e677595c0c114d84a987df84d,VM setup,ramfs_load,5,16627,16674,16674
c1d39aa217f3d40e677595c0c114d84a987df84d,Read-only mount,protocol,100,338,425,437
c1d39aa217f3d40e677595c0c114d84a987df84d,Read-only mount,stat,100,210,312,478
c1d39aa217f3d40e677595c0c114d84a987df84d,Read-only mount,open+close,100,212,319,479
c1d39aa217f3d40e677595c0c114d84a987df84d,Read-only mount,readdir,100,208,301,425
c1d39aa217f3d40e677595c0c114d84a987df84d,Read-only mount,seq_read,100,48,229,5532
515246049936b128bb07f639ed508f92857ec610,VM setup,ramfs_load,10,16669,16721,16721
515246049936b128bb07f639ed508f92857ec610,Writable mount,protocol,100,321,403,460
515246049936b128bb07f639ed508f92857ec610,Writable mount,stat,100,219,322,459
515246049936b128bb07f639ed508f92857ec610,Writable mount,open+close,100,214,299,387
515246049936b128bb07f639ed508f92857ec610,Writable mount,readdir,100,221,325,360
515246049936b128bb07f639ed508f92857ec610,Writable mount,create_scratch,100,41,80,1461
515246049936b128bb07f639ed508f92857ec610,Writable mount,seq_read,100,46,139,6284
515246049936b128bb07f639ed508f92857ec610,Writable mount,create+close+unlink,100,10,37,78
515246049936b128bb07f639ed508f92857ec610,Writable mount,mkdir+rmdir,100,5,70,17216
515246049936b128bb07f639ed508f92857ec610,Writable mount,create+close+rename,100,11,59,87
515246049936b128bb07f639ed508f92857ec610,Writable mount,write+flush,100,25,72,1354
515246049936b128bb07f639ed508f92857ec610,VM setup,ramfs_load,5,16671,16689,16689
515246049936b128bb07f639ed508f92857ec610,Read-only mount,protocol,100,321,358,373
515246049936b128bb07f639ed508f92857ec610,Read-only mount,stat,100,209,352,470
515246049936b128bb07f639ed508f92857ec610,Read-only mount,open+close,100,206,336,540
515246049936b128bb07f639ed508f92857ec610,Read-only mount,readdir,100,220,318,394
515246049936b128bb07f639ed508f92857ec610,Read-only mount,seq_read,100,40,140,5644
b9525e21d7088cb5058b17a00f71021f3d8509e9,VM setup,ramfs_load,10,16675,16756,16756
b9525e21d7088cb5058b17a00f71021f3d8509e9,Writable mount,protocol,100,298,355,380
b9525e21d7088cb5058b17a00f71021f3d8509e9,Writable mount,stat,100,225,343,436
b9525e21d7088cb5058b17a00f71021f3d8509e9,Writable mount,open+close,100,212,315,383
b9525e21d7088cb5058b17a00f71021f3d8509e9,Writable mount,readdir,100,217,291,377
b9525e21d7088cb5058b17a00f71021f3d8509e9,Writable mount,create_scratch,100,48,86,1442
b9525e21d7088cb5058b17a00f71021f3d8509e9,Writable mount,seq_read,100,47,148,6329
b9525e21d7088cb5058b17a00f71021f3d8509e9,Writable mount,create+close+unlink,100,6,55,74
b9525e21d7088cb5058b17a00f71021f3d8509e9,Writable mount,mkdir+rmdir,100,7,84,5705
b9525e21d7088cb5058b17a00f71021f3d8509e9,Writable mount,create+close+rename,100,10,55,359
b9525e21d7088cb5058b17a00f71021f3d8509e9,Writable mount,write+flush,100,28,69,1428
b9525e21d7088cb5058b17a00f71021f3d8509e9,VM setup,ramfs_load,5,16679,16706,16706
b9525e21d7088cb5058b17a00f71021f3d8509e9,Read-only mount,protocol,100,311,350,390
b9525e21d7088cb5058b17a00f71021f3d8509e9,Read-only mount,stat,100,212,299,385
b9525e21d7088cb5058b17a00f71021f3d8509e9,Read-only mount,open+close,100,213,347,465
b9525e21d7088cb5058b17a00f71021f3d8509e9,Read-only mount,readdir,100,226,310,522
b9525e21d7088cb5058b17a00f71021f3d8509e9,Read-only mount,seq_read,100,46,162,10297
6734b1ba5d0c974ac807e042be5df176fd0ccce4,VM setup,ramfs_load,10,16635,16665,16665
6734b1ba5d0c974ac807e042be5df176fd0ccce4,Writable mount,protocol,100,324,391,400
6734b1ba5d0c974ac807e042be5df176fd0ccce4,Writable mount,stat,100,214,318,458
6734b1ba5d0c974ac807e042be5df176fd0ccce4,Writable mount,open+close,100,209,305,421
6734b1ba5d0c974ac807e042be5df176fd0ccce4,Writable mount,readdir,100,217,331,391
6734b1ba5d0c974ac807e042be5df176fd0ccce4,Writable mount,create_scratch,100,41,101,1413
6734b1ba5d0c974ac807e042be5df176fd0ccce4,Writable mount,seq_read,100,33,136,5492
6734b1ba5d0c974ac807e042be5df176fd0ccce4,Writable mount,create+close+unlink,100,6,51,76
6734b1ba5d0c974ac807e042be5df176fd0ccce4,Writable mount,mkdir+rmdir,100,12,236,10266
6734b1ba5d0c974ac807e042be5df176fd0ccce4,Writable mount,create+close+rename,100,13,64,88
6734b1ba5d0c974ac807e042be5df176fd0ccce4,Writable mount,write+flush,100,23,88,1585
6734b1ba5d0c974ac807e042be5df176fd0ccce4,VM setup,ramfs_load,5,16651,16695,16695
6734b1ba5d0c974ac807e042be5df176fd0ccce4,Read-only mount,protocol,100,342,419,443
6734b1ba5d0c974ac807e042be5df176fd0ccce4,Read-only mount,stat,100,214,338,429
6734b1ba5d0c974ac807e042be5df176fd0ccce4,Read-only mount,open+close,100,210,290,420
6734b1ba5d0c974ac807e042be5df176fd0ccce4,Read-only mount,readdir,100,210,342,410
6734b1ba5d0c974ac807e042be5df176fd0ccce4,Read-only mount,seq_read,100,33,194,5504
0f0f7795daf21ff05a838e500663f23514e01c23,VM setup,ramfs_load,10,16650,16810,16810
0f0f7795daf21ff05a838e500663f23514e01c23,Writable mount,protocol,100,343,426,444
0f0f7795daf21ff05a838e500663f23514e01c23,Writable mount,stat,100,202,302,388
0f0f7795daf21ff05a838e500663f23514e01c23,Writable mount,open+close,100,217,319,417
0f0f7795daf21ff05a838e500663f23514e01c23,Writable mount,readdir,100,219,350,451
0f0f7795daf21ff05a838e500663f23514e01c23,Writable mount,create_scratch,100,39,313,5595
0f0f7795daf21ff05a838e500663f23514e01c23,Writable mount,seq_read,100,39,130,6052
0f0f7795daf21ff05a838e500663f23514e01c23,Writable mount,create+close+unlink,100,6,47,74
0f0f7795daf21ff05a838e500663f23514e01c23,Writable mount,mkdir+rmdir,100,11,59,111
0f0f7795daf21ff05a838e500663f23514e01c23,Writable mount,create+close+rename,100,15,45,71
0f0f7795daf21ff05a838e500663f23514e01c23,Writable mount,write+flush,100,28,77,1343
0f0f7795daf21ff05a838e500663f23514e01c23,VM setup,ramfs_load,5,16648,16656,16656
0f0f7795daf21ff05a838e500663f23514e01c23,Read-only mount,protocol,100,293,331,346
0f0f7795daf21ff05a838e500663f23514e01c23,Read-only mount,stat,100,214,336,475
0f0f7795daf21ff05a838e500663f23514e01c23,Read-only mount,open+close,100,214,297,374
0f0f7795daf21ff05a838e500663f23514e01c23,Read-only mount,readdir,100,222,302,348
0f0f7795daf21ff05a838e500663f23514e01c23,Read-only mount,seq_read,100,49,168,5439
19d62a1e05945e00a1244311fde2f9a6fd9cf804,VM setup,ramfs_load,10,16643,16687,16687
19d62a1e05945e00a1244311fde2f9a6fd9cf804,Writable mount,protocol,100,341,360,379
19d62a1e05945e00a1244311fde2f9a6fd9cf804,Writable mount,stat,100,220,298,434
19d62a1e05945e00a1244311fde2f9a6fd9cf804,Writable mount,open+close,100,204,291,423
19d62a1e05945e00a1244311fde2f9a6fd9cf804,Writable mount,readdir,100,218,316,444
19d62a1e05945e00a1244311fde2f9a6fd9cf804,Writable mount,create_scratch,100,41,103,1683
19d62a1e05945e00a1244311fde2f9a6fd9cf804,Writable mount,seq_read,100,49,147,5523
19d62a1e05945e00a1244311fde2f9a6fd9cf804,Writable mount,create+close+unlink,100,5,63,82
19d62a1e05945e00a1244311fde2f9a6fd9cf804,Writable mount,mkdir+rmdir,100,11,79,19431
19d62a1e05945e00a1244311fde2f9a6fd9cf804,Writable mount,create+close+rename,100,10,49,61
19d62a1e05945e00a1244311fde2f9a6fd9cf804,Writable mount,write+flush,100,25,86,1535
19d62a1e05945e00a1244311fde2f9a6fd9cf804,VM setup,ramfs_load,5,16644,16683,16683
19d62a1e05945e00a1244311fde2f9a6fd9cf804,Read-only mount,protocol,100,323,381,638
19d62a1e05945e00a1244311fde2f9a6fd9cf804,Read-only mount,stat,100,204,331,466
19d62a1e05945e00a1244311fde2f9a6fd9cf804,Read-only mount,open+close,100,213,291,414
19d62a1e05945e00a1244311fde2f9a6fd9cf804,Read-only mount,readdir,100,222,300,418
19d62a1e05945e00a1244311fde2f9a6fd9cf804,Read-only mount,seq_read,100,42,450,6124
f3eeb4e4d74c3141d4bac39ffa2368d37cb06f29,VM setup,ramfs_load,10,16631,16667,16667
f3eeb4e4d74c3141d4bac39ffa2368d37cb06f29,Writable mount,protocol,100,368,401,450
f3eeb4e4d74c3141d4bac39ffa2368d37cb06f29,Writable mount,stat,100,201,285,457
f3eeb4e4d74c3141d4bac39ffa2368d37cb06f29,Writable mount,open+close,100,221,313,408
f3eeb4e4d74c3141d4bac39ffa2368d37cb06f29,Writable mount,readdir,100,229,329,1236
f3eeb4e4d74c3141d4bac39ffa2368d37cb06f29,Writable mount,create_scratch,100,42,92,1527
f3eeb4e4d74c3141d4bac39ffa2368d37cb06f29,Writable mount,seq_read,100,36,144,6251
f3eeb4e4d74c3141d4bac39ffa2368d37cb06f29,Writable mount,create+close+unlink,100,9,44,69
f3eeb4e4d74c3141d4bac39ffa2368d37cb06f29,Writable mount,mkdir+rmdir,100,10,105,6566
f3eeb4e4d74c3141d4bac39ffa2368d37cb06f29,Writable mount,create+close+rename,100,14,65,78
f3eeb4e4d74c3141d4bac39ffa2368d37cb06f29,Writable mount,write+flush,100,22,73,1571
f3eeb4e4d74c3141d4bac39ffa2368d37cb06f29,VM setup,ramfs_load,5,16643,16666,16666
f3eeb4e4d74c3141d4bac39ffa2368d37cb06f29,Read-only mount,protocol,100,324,415,449
f3eeb4e4d74c3141d4bac39ffa2368d37cb06f29,Read-only mount,stat,100,212,331,402
f3eeb4e4d74c3141d4bac39ffa2368d37cb06f29,Read-only mount,open+close,100,210,319,390
f3eeb4e4d74c3141d4bac39ffa2368d37cb06f29,Read-only mount,readdir,100,224,307,421
f3eeb4e4d74c3141d4bac39ffa2368d37cb06f29,Read-only mount,seq_read,100,45,156,5507
b146b7fa636a20495b68c607d537563ef4bc36d0,VM setup,ramfs_load,10,16647,16724,16724
b146b7fa636a20495b68c607d537563ef4bc36d0,Writable mount,protocol,100,359,396,419
b146b7fa636a20495b68c607d537563ef4bc36d0,Writable mount,stat,100,209,365,478
b146b7fa636a20495b68c607d537563ef4bc36d0,Writable mount,open+close,100,212,303,398
b146b7fa636a20495b68c607d537563ef4bc36d0,Writable mount,readdir,100,228,309,392
b146b7fa636a20495b68c607d537563ef4bc36d0,Writable mount,create_scratch,100,45,115,1590
b146b7fa636a20495b68c607d537563ef4bc36d0,Writable mount,seq_read,100,50,134,6218
b146b7fa636a20495b68c607d537563ef4bc36d0,Writable mount,create+close+unlink,100,6,62,111
b146b7fa636a20495b68c607d537563ef4bc36d0,Writable mount,mkdir+rmdir,100,11,69,19967
b146b7fa636a20495b68c607d537563ef4bc36d0,Writable mount,create+close+rename,100,16,68,81
b146b7fa636a20495b68c607d537563ef4bc36d0,Writable mount,write+flush,100,23,77,1573
b146b7fa636a20495b68c607d537563ef4bc36d0,VM setup,ramfs_load,5,16669,17005,17005
b146b7fa636a20495b68c607d537563ef4bc36d0,Read-only mount,protocol,100,344,387,393
b146b7fa636a20495b68c607d537563ef4bc36d0,Read-only mount,stat,100,217,322,397
b146b7fa636a20495b68c607d537563ef4bc36d0,Read-only mount,open+close,100,201,290,380
b146b7fa636a20495b68c607d537563ef4bc36d0,Read-only mount,readdir,100,209,340,426
b146b7fa636a20495b68c607d537563ef4bc36d0,Read-only mount,seq_read,100,46,167,5601
7ae1c1a4ff7d8074df7b045cd46adb6b76d35502,VM setup,ramfs_load,10,16637,16675,16675
7ae1c1a4ff7d8074df7b045cd46adb6b76d35502,Writable mount,protocol,100,310,351,366
7ae1c1a4ff7d8074df7b045cd46adb6b76d35502,Writable mount,stat,100,214,308,396
7ae1c1a4ff7d8074df7b045cd46adb6b76d35502,Writable mount,open+close,100,220,314,403
7ae1c1a4ff7d8074df7b045cd46adb6b76d35502,Writable mount,readdir,100,216,347,499
7ae1c1a4ff7d8074df7b045cd46adb6b76d35502,Writable mount,create_scratch,100,44,70,1590
7ae1c1a4ff7d8074df7b045cd46adb6b76d35502,Writable mount,seq_read,100,41,155,5599
7ae1c1a4ff7d8074df7b045cd46adb6b76d35502,Writable mount,create+close+unlink,100,7,64,188
7ae1c1a4ff7d8074df7b045cd46adb6b76d35502,Writable mount,mkdir+rmdir,100,11,82,2128
7ae1c1a4ff7d8074df7b045cd46adb6b76d35502,Writable mount,create+close+rename,100,8,39,48
7ae1c1a4ff7d8074df7b045cd46adb6b76d35502,Writable mount,write+flush,100,24,63,1650
7ae1c1a4ff7d8074df7b045cd46adb6b76d35502,VM setup,ramfs_load,5,16651,16669,16669
7ae1c1a4ff7d8074df7b045cd46adb6b76d35502,Read-only mount,protocol,100,342,377,393
7ae1c1a4ff7d8074df7b045cd46adb6b76d35502,Read-only mount,stat,100,209,324,507
7ae1c1a4ff7d8074df7b045cd46adb6b76d35502,Read-only mount,open+close,100,218,315,411
7ae1c1a4ff7d8074df7b045cd46adb6b76d35502,Read-only mount,readdir,100,213,313,474
7ae1c1a4ff7d8074df7b045cd46adb6b76d35502,Read-only mount,seq_read,100,31,157,5502
fef27d952cb06f78c2b77ee3a2b63e66ed4738aa,VM setup,ramfs_load,10,16670,16696,16696
fef27d952cb06f78c2b77ee3a2b63e66ed4738aa,Writable mount,protocol,100,309,344,644
fef27d952cb06f78c2b77ee3a2b63e66ed4738aa,Writable mount,stat,100,207,317,438
fef27d952cb06f78c2b77ee3a2b63e66ed4738aa,Writable mount,open+close,100,210,281,400
fef27d952cb06f78c2b77ee3a2b63e66ed4738aa,Writable mount,readdir,100,224,328,431
fef27d952cb06f78c2b77ee3a2b63e66ed4738aa,Writable mount,create_scratch,100,46,129,1422
fef27d952cb06f78c2b77ee3a2b63e66ed4738aa,Writable mount,seq_read,100,52,135,6240
fef27d952cb06f78c2b77ee3a2b63e66ed4738aa,Writable mount,create+close+unlink,100,4,36,64
fef27d952cb06f78c2b77ee3a2b63e66ed4738aa,Writable mount,mkdir+rmdir,100,14,181,2801
fef27d952cb06f78c2b77ee3a2b63e66ed4738aa,Writable mount,create+close+rename,100,11,56,66
fef27d952cb06f78c2b77ee3a2b63e66ed4738aa,Writable mount,write+flush,100,22,65,1644
fef27d952cb06f78c2b77ee3a2b63e66ed4738aa,VM setup,ramfs_load,5,16663,16945,16945
fef27d952cb06f78c2b77ee3a2b63e66ed4738aa,Read-only mount,protocol,100,353,385,402
fef27d952cb06f78c2b77ee3a2b63e66ed4738aa,Read-only mount,stat,100,220,339,450
fef27d952cb06f78c2b77ee3a2b63e66ed4738aa,Read-only mount,open+close,100,213,317,380
fef27d952cb06f78c2b77ee3a2b63e66ed4738aa,Read-only mount,readdir,100,204,296,426
fef27d952cb06f78c2b77ee3a2b63e66ed4738aa,Read-only mount,seq_read,100,49,137,6012
0ee22a903f31ec0b7a935b88f8a31eec4e2e488c,VM setup,ramfs_load,10,16760,16896,16896
0ee22a903f31ec0b7a935b88f8a31eec4e2e488c,Writable mount,protocol,100,355,395,417
0ee22a903f31ec0b7a935b88f8a31eec4e2e488c,Writable mount,stat,100,209,328,474
0ee22a903f31ec0b7a935b88f8a31eec4e2e488c,Writable mount,open+close,100,232,346,501
0ee22a903f31ec0b7a935b88f8a31eec4e2e488c,Writable mount,readdir,100,221,314,367
0ee22a903f31ec0b7a935b88f8a31eec4e2e488c,Writable mount,create_scratch,100,46,116,1593
0ee22a903f31ec0b7a935b88f8a31eec4e2e488c,Writable mount,seq_read,100,46,145,5952
0ee22a903f31ec0b7a935b88f8a31eec4e2e488c,Writable mount,create+close+unlink,100,8,57,1147
0ee22a903f31ec0b7a935b88f8a31eec4e2e488c,Writable mount,mkdir+rmdir,100,10,51,10372
0ee22a903f31ec0b7a935b88f8a31eec4e2e488c,Writable mount,create+close+rename,100,9,49,86
0ee22a903f31ec0b7a935b88f8a31eec4e2e488c,Writable mount,write+flush,100,21,79,1655
0ee22a903f31ec0b7a935b88f8a31eec4e2e488c,VM setup,ramfs_load,5,16776,16880,16880
0ee22a903f31ec0b7a935b88f8a31eec4e2e488c,Read-only mount,protocol,100,326,383,403
0ee22a903f31ec0b7a935b88f8a31eec4e2e488c,Read-only mount,stat,100,211,329,464
0ee22a903f31ec0b7a935b88f8a31eec4e2e488c,Read-only mount,open+close,100,214,298,393
0ee22a903f31ec0b7a935b88f8a31eec4e2e488c,Read-only mount,readdir,100,216,330,523
0ee22a903f31ec0b7a935b88f8a31eec4e2e488c,Read-only mount,seq_read,100,47,157,6559
0d48629ea5f6b79a1cc1bd875ae39c261c1045d9,VM setup,ramfs_load,10,16644,16739,16739
0d48629ea5f6b79a1cc1bd875ae39c261c1045d9,Writable mount,protocol,100,291,328,416
0d48629ea5f6b79a1cc1bd875ae39c261c1045d9,Writable mount,stat,100,208,299,425
0d48629ea5f6b79a1cc1bd875ae39c261c1045d9,Writable mount,open+close,100,219,321,418
0d48629ea5f6b79a1cc1bd875ae39c261c1045d9,Writable mount,readdir,100,219,310,456
0d48629ea5f6b79a1cc1bd875ae39c261c1045d9,Writable mount,create_scratch,100,44,100,1667
0d48629ea5f6b79a1cc1bd875ae39c261c1045d9,Writable mount,seq_read,100,52,166,6401
0d48629ea5f6b79a1cc1bd875ae39c261c1045d9,Writable mount,create+close+unlink,100,4,67,74
0d48629ea5f6b79a1cc1bd875ae39c261c1045d9,Writable mount,mkdir+rmdir,100,9,90,5065
0d48629ea5f6b79a1cc1bd875ae39c261c1045d9,Writable mount,create+close+rename,100,6,58,86
0d48629ea5f6b79a1cc1bd875ae39c261c1045d9,Writable mount,write+flush,100,20,68,1581
0d48629ea5f6b79a1cc1bd875ae39c261c1045d9,VM setup,ramfs_load,5,16655,16664,16664
0d48629ea5f6b79a1cc1bd875ae39c261c1045d9,Read-only mount,protocol,100,316,347,406
0d48629ea5f6b79a1cc1bd875ae39c261c1045d9,Read-only mount,stat,100,201,291,421
0d48629ea5f6b79a1cc1bd875ae39c261c1045d9,Read-only mount,open+close,100,220,328,389
0d48629ea5f6b79a1cc1bd875ae39c261c1045d9,Read-only mount,readdir,100,217,297,431
0d48629ea5f6b79a1cc1bd875ae39c261c1045d9,Read-only mount,seq_read,100,43,270,5535
3b1d31af24bcde57b6a9190c1897a68de4974707,VM setup,ramfs_load,10,16631,16692,16692
3b1d31af24bcde57b6a9190c1897a68de4974707,Writable mount,protocol,100,313,336,353
3b1d31af24bcde57b6a9190c1897a68de4974707,Writable mount,stat,100,221,311,451
3b1d31af24bcde57b6a9190c1897a68de4974707,Writable mount,open+close,100,211,282,434
3b1d31af24bcde57b6a9190c1897a68de4974707,Writable mount,readdir,100,225,320,477
3b1d31af24bcde57b6a9190c1897a68de4974707,Writable mount,create_scratch,100,43,99,1677
3b1d31af24bcde57b6a9190c1897a68de4974707,Writable mount,seq_read,100,38,145,5765
3b1d31af24bcde57b6a9190c1897a68de4974707,Writable mount,create+close+unlink,100,10,53,150
3b1d31af24bcde57b6a9190c1897a68de4974707,Writable mount,mkdir+rmdir,100,11,1260,17024
3b1d31af24bcde57b6a9190c1897a68de4974707,Writable mount,create+close+rename,100,13,54,82
3b1d31af24bcde57b6a9190c1897a68de4974707,Writable mount,write+flush,100,25,62,1355
3b1d31af24bcde57b6a9190c1897a68de4974707,VM setup,ramfs_load,5,16662,16792,16792
3b1d31af24bcde57b6a9190c1897a68de4974707,Read-only mount,protocol,100,357,429,454
3b1d31af24bcde57b6a9190c1897a68de4974707,Read-only mount,stat,100,215,320,443
3b1d31af24bcde57b6a9190c1897a68de4974707,Read-only mount,open+close,100,203,304,371
3b1d31af24bcde57b6a9190c1897a68de4974707,Read-only mount,readdir,100,205,333,500
3b1d31af24bcde57b6a9190c1897a68de4974707,Read-only mount,seq_read,100,42,129,6196
0026ae9a34bd7e0dd2973b98dad1cdccd5835327,VM setup,ramfs_load,10,16659,16707,16707
0026ae9a34bd7e0dd2973b98dad1cdccd5835327,Writable mount,protocol,100,314,342,369
0026ae9a34bd7e0dd2973b98dad1cdccd5835327,Writable mount,stat,100,219,346,430
0026ae9a34bd7e0dd2973b98dad1cdccd5835327,Writable mount,open+close,100,205,288,422
0026ae9a34bd7e0dd2973b98dad1cdccd5835327,Writable mount,readdir,100,222,341,442
0026ae9a34bd7e0dd2973b98dad1cdccd5835327,Writable mount,create_scratch,100,43,98,1673
0026ae9a34bd7e0dd2973b98dad1cdccd5835327,Writable mount,seq_read,100,30,144,6066
0026ae9a34bd7e0dd2973b98dad1cdccd5835327,Writable mount,create+close+unlink,100,8,43,91
0026ae9a34bd7e0dd2973b98dad1cdccd5835327,Writable mount,mkdir+rmdir,100,8,70,11490
0026ae9a34bd7e0dd2973b98dad1cdccd5835327,Writable mount,create+close+rename,100,13,50,78
0026ae9a34bd7e0dd2973b98dad1cdccd5835327,Writable mount,write+flush,100,24,94,3300
0026ae9a34bd7e0dd2973b98dad1cdccd5835327,VM setup,ramfs_load,5,16652,16677,16677
0026ae9a34bd7e0dd2973b98dad1cdccd5835327,Read-only mount,protocol,100,323,412,422
0026ae9a34bd7e0dd2973b98dad1cdccd5835327,Read-only mount,stat,100,219,293,440
0026ae9a34bd7e0dd2973b98dad1cdccd5835327,Read-only mount,open+close,100,200,303,384
0026ae9a34bd7e0dd2973b98dad1cdccd5835327,Read-only mount,readdir,100,213,340,586
0026ae9a34bd7e0dd2973b98dad1cdccd5835327,Read-only mount,seq_read,100,46,156,6115
f5f77796e381cd6f4fde94450ba212d5ab7a6fa7,VM setup,ramfs_load,10,16687,16778,16778
f5f77796e381cd6f4fde94450ba212d5ab7a6fa7,Writable mount,protocol,100,330,393,413
f5f77796e381cd6f4fde94450ba212d5ab7a6fa7,Writable mount,stat,100,227,319,450
f5f77796e381cd6f4fde94450ba212d5ab7a6fa7,Writable mount,open+close,100,217,304,382
f5f77796e381cd6f4fde94450ba212d5ab7a6fa7,Writable mount,readdir,100,218,324,466
f5f77796e381cd6f4fde94450ba212d5ab7a6fa7,Writable mount,create_scratch,100,44,111,1619
f5f77796e381cd6f4fde94450ba212d5ab7a6fa7,Writable mount,seq_read,100,41,150,5486
f5f77796e381cd6f4fde94450ba212d5ab7a6fa7,Writable mount,create+close+unlink,100,8,62,81
f5f77796e381cd6f4fde94450ba212d5ab7a6fa7,Writable mount,mkdir+rmdir,100,10,65,6230
f5f77796e381cd6f4fde94450ba212d5ab7a6fa7,Writable mount,create+close+rename,100,11,54,74
f5f77796e381cd6f4fde94450ba212d5ab7a6fa7,Writable mount,write+flush,100,23,69,1402
f5f77796e381cd6f4fde94450ba212d5ab7a6fa7,VM setup,ramfs_load,5,16653,16726,16726
f5f77796e381cd6f4fde94450ba212d5ab7a6fa7,Read-only mount,protocol,100,316,361,407
f5f77796e381cd6f4fde94450ba212d5ab7a6fa7,Read-only mount,stat,100,219,307,442
f5f77796e381cd6f4fde94450ba212d5ab7a6fa7,Read-only mount,open+close,100,218,302,488
f5f77796e381cd6f4fde94450ba212d5ab7a6fa7,Read-only mount,readdir,100,216,307,446
f5f77796e381cd6f4fde94450ba212d5ab7a6fa7,Read-only mount,seq_read,100,50,164,5733
712e8c300fdd8fdd1622c51a9a0386fcd1d18911,VM setup,ramfs_load,10,16654,16677,16677
712e8c300fdd8fdd1622c51a9a0386fcd1d18911,Writable mount,protocol,100,306,334,349
712e8c300fdd8fdd1622c51a9a0386fcd1d18911,Writable mount,stat,100,220,334,417
712e8c300fdd8fdd1622c51a9a0386fcd1d18911,Writable mount,open+close,100,215,296,415
712e8c300fdd8fdd1622c51a9a0386fcd1d18911,Writable mount,readdir,100,215,324,349
712e8c300fdd8fdd1622c51a9a0386fcd1d18911,Writable mount,create_scratch,100,42,99,1630
712e8c300fdd8fdd1622c51a9a0386fcd1d18911,Writable mount,seq_read,100,50,144,6203
712e8c300fdd8fdd1622c51a9a0386fcd1d18911,Writable mount,create+close+unlink,100,7,30,56
712e8c300fdd8fdd1622c51a9a0386fcd1d18911,Writable mount,mkdir+rmdir,100,17,1373,8176
712e8c300fdd8fdd1622c51a9a0386fcd1d18911,Writable mount,create+close+rename,100,12,63,76
712e8c300fdd8fdd1622c51a9a0386fcd1d18911,Writable mount,write+flush,100,27,96,1472
712e8c300fdd8fdd1622c51a9a0386fcd1d18911,VM setup,ramfs_load,5,16660,16670,16670
712e8c300fdd8fdd1622c51a9a0386fcd1d18911,Read-only mount,protocol,100,343,393,429
712e8c300fdd8fdd1622c51a9a0386fcd1d18911,Read-only mount,stat,100,213,305,473
712e8c300fdd8fdd1622c51a9a0386fcd1d18911,Read-only mount,open+close,100,213,297,416
712e8c300fdd8fdd1622c51a9a0386fcd1d18911,Read-only mount,readdir,100,227,381,434
712e8c300fdd8fdd1622c51a9a0386fcd1d18911,Read-only mount,seq_read,100,42,163,5791
6309178b98df7fa187ae4efa56df018a806bae87,VM setup,ramfs_load,10,16662,16821,16821
6309178b98df7fa187ae4efa56df018a806bae87,Writable mount,protocol,100,333,376,384
6309178b98df7fa187ae4efa56df018a806bae87,Writable mount,stat,100,218,305,455
6309178b98df7fa187ae4efa56df018a806bae87,Writable mount,open+close,100,209,279,394
6309178b98df7fa187ae4efa56df018a806bae87,Writable mount,readdir,100,225,311,402
6309178b98df7fa187ae4efa56df018a806bae87,Writable mount,create_scratch,100,43,88,1433
6309178b98df7fa187ae4efa56df018a806bae87,Writable mount,seq_read,100,51,159,5992
6309178b98df7fa187ae4efa56df018a806bae87,Writable mount,create+close+unlink,100,7,65,716
6309178b98df7fa187ae4efa56df018a806bae87,Writable mount,mkdir+rmdir,100,7,98,4349
6309178b98df7fa187ae4efa56df018a806bae87,Writable mount,create+close+rename,100,10,54,76
6309178b98df7fa187ae4efa56df018a806bae87,Writable mount,write+flush,100,28,104,1830
6309178b98df7fa187ae4efa56df018a806bae87,VM setup,ramfs_load,5,16661,16721,16721
6309178b98df7fa187ae4efa56df018a806bae87,Read-only mount,protocol,100,309,375,406
6309178b98df7fa187ae4efa56df018a806bae87,Read-only mount,stat,100,213,322,414
6309178b98df7fa187ae4efa56df018a806bae87,Read-only mount,open+close,100,220,306,355
6309178b98df7fa187ae4efa56df018a806bae87,Read-only mount,readdir,100,228,313,428
6309178b98df7fa187ae4efa56df018a806bae87,Read-only mount,seq_read,100,42,145,5962
eb53654927f7a1ddbd3f425e94a9558c722eae3c,VM setup,ramfs_load,10,16660,16686,16686
eb53654927f7a1ddbd3f425e94a9558c722eae3c,Writable mount,protocol,100,305,333,355
eb53654927f7a1ddbd3f425e94a9558c722eae3c,Writable mount,stat,100,207,315,384
eb53654927f7a1ddbd3f425e94a9558c722eae3c,Writable mount,open+close,100,212,319,396
eb53654927f7a1ddbd3f425e94a9558c722eae3c,Writable mount,readdir,100,222,302,374
eb53654927f7a1ddbd3f425e94a9558c722eae3c,Writable mount,create_scratch,100,45,83,1631
eb53654927f7a1ddbd3f425e94a9558c722eae3c,Writable mount,seq_read,100,54,195,6240
eb53654927f7a1ddbd3f425e94a9558c722eae3c,Writable mount,create+close+unlink,100,5,41,58
eb53654927f7a1ddbd3f425e94a9558c722eae3c,Writable mount,mkdir+rmdir,100,13,1583,8688
eb53654927f7a1ddbd3f425e94a9558c722eae3c,Writable mount,create+close+rename,100,13,58,73
eb53654927f7a1ddbd3f425e94a9558c722eae3c,Writable mount,write+flush,100,26,73,1759
eb53654927f7a1ddbd3f425e94a9558c722eae3c,VM setup,ramfs_load,5,16665,16688,16688
eb53654927f7a1ddbd3f425e94a9558c722eae3c,Read-only mount,protocol,100,335,413,434
eb53654927f7a1ddbd3f425e94a9558c722eae3c,Read-only mount,stat,100,209,301,364
eb53654927f7a1ddbd3f425e94a9558c722eae3c,Read-only mount,open+close,100,212,318,501
eb53654927f7a1ddbd3f425e94a9558c722eae3c,Read-only mount,readdir,100,212,309,395
eb53654927f7a1ddbd3f425e94a9558c722eae3c,Read-only mount,seq_read,100,62,193,6263
8dee928a03083d3b2f60cc27df4bff74444cb1a8,VM setup,ramfs_load,10,16667,16703,16703
8dee928a03083d3b2f60cc27df4bff74444cb1a8,Writable mount,protocol,100,347,382,403
8dee928a03083d3b2f60cc27df4bff74444cb1a8,Writable mount,stat,100,223,353,457
8dee928a03083d3b2f60cc27df4bff74444cb1a8,Writable mount,open+close,100,224,317,401
8dee928a03083d3b2f60cc27df4bff74444cb1a8,Writable mount,readdir,100,220,321,438
8dee928a03083d3b2f60cc27df4bff74444cb1a8,Writable mount,create_scratch,100,42,80,1413
8dee928a03083d3b2f60cc27df4bff74444cb1a8,Writable mount,seq_read,100,49,168,6473
8dee928a03083d3b2f60cc27df4bff74444cb1a8,Writable mount,create+close+unlink,100,10,61,82
8dee928a03083d3b2f60cc27df4bff74444cb1a8,Writable mount,mkdir+rmdir,100,11,43,4113
8dee928a03083d3b2f60cc27df4bff74444cb1a8,Writable mount,create+close+rename,100,11,73,98
8dee928a03083d3b2f60cc27df4bff74444cb1a8,Writable mount,write+flush,100,30,82,1462
8dee928a03083d3b2f60cc27df4bff74444cb1a8,VM setup,ramfs_load,5,16663,16692,16692
8dee928a03083d3b2f60cc27df4bff74444cb1a8,Read-only mount,protocol,100,361,413,420
8dee928a03083d3b2f60cc27df4bff74444cb1a8,Read-only mount,stat,100,205,310,414
8dee928a03083d3b2f60cc27df4bff74444cb1a8,Read-only mount,open+close,100,207,297,1213
8dee928a03083d3b2f60cc27df4bff74444cb1a8,Read-only mount,readdir,100,222,347,396
8dee928a03083d3b2f60cc27df4bff74444cb1a8,Read-only mount,seq_read,100,48,160,5585
7e79734f52503c636fb336b6c7636df1ccbdd3bc,VM setup,ramfs_load,10,16657,16700,16700
7e79734f52503c636fb336b6c7636df1ccbdd3bc,Writable mount,protocol,100,332,360,381
7e79734f52503c636fb336b6c7636df1ccbdd3bc,Writable mount,stat,100,218,330,515
7e79734f52503c636fb336b6c7636df1ccbdd3bc,Writable mount,open+close,100,217,337,418
7e79734f52503c636fb336b6c7636df1ccbdd3bc,Writable mount,readdir,100,214,326,414
7e79734f52503c636fb336b6c7636df1ccbdd3bc,Writable mount,create_scratch,100,40,113,1656
7e79734f52503c636fb336b6c7636df1ccbdd3bc,Writable mount,seq_read,100,52,131,5521
7e79734f52503c636fb336b6c7636df1ccbdd3bc,Writable mount,create+close+unlink,100,7,54,77
7e79734f52503c636fb336b6c7636df1ccbdd3bc,Writable mount,mkdir+rmdir,100,11,64,6435
7e79734f52503c636fb336b6c7636df1ccbdd3bc,Writable mount,create+close+rename,100,10,65,91
7e79734f52503c636fb336b6c7636df1ccbdd3bc,Writable mount,write+flush,100,23,74,1406
7e79734f52503c636fb336b6c7636df1ccbdd3bc,VM setup,ramfs_load,5,16647,16653,16653
7e79734f52503c636fb336b6c7636df1ccbdd3bc,Read-only mount,protocol,100,343,415,530
7e79734f52503c636fb336b6c7636df1ccbdd3bc,Read-only mount,stat,100,193,331,454
7e79734f52503c636fb336b6c7636df1ccbdd3bc,Read-only mount,open+close,100,224,314,449
7e79734f52503c636fb336b6c7636df1ccbdd3bc,Read-only mount,readdir,100,208,306,464
7e79734f52503c636fb336b6c7636df1ccbdd3bc,Read-only mount,seq_read,100,47,173,6544
3399ae6b8d0b3b8987fa326c7cfb89879179a3d5,VM setup,ramfs_load,10,16643,16680,16680
3399ae6b8d0b3b8987fa326c7cfb89879179a3d5,Writable mount,protocol,100,314,356,412
3399ae6b8d0b3b8987fa326c7cfb89879179a3d5,Writable mount,stat,100,204,299,415
3399ae6b8d0b3b8987fa326c7cfb89879179a3d5,Writable mount,open+close,100,202,284,720
3399ae6b8d0b3b8987fa326c7cfb89879179a3d5,Writable mount,readdir,100,226,315,450
3399ae6b8d0b3b8987fa326c7cfb89879179a3d5,Writable mount,create_scratch,100,44,109,1453
3399ae6b8d0b3b8987fa326c7cfb89879179a3d5,Writable mount,seq_read,100,33,132,5610
3399ae6b8d0b3b8987fa326c7cfb89879179a3d5,Writable mount,create+close+unlink,100,8,52,68
3399ae6b8d0b3b8987fa326c7cfb89879179a3d5,Writable mount,mkdir+rmdir,100,13,272,25667
3399ae6b8d0b3b8987fa326c7cfb89879179a3d5,Writable mount,create+close+rename,100,10,64,93
3399ae6b8d0b3b8987fa326c7cfb89879179a3d5,Writable mount,write+flush,100,24,55,1463
3399ae6b8d0b3b8987fa326c7cfb89879179a3d5,VM setup,ramfs_load,5,16645,16669,16669
3399ae6b8d0b3b8987fa326c7cfb89879179a3d5,Read-only mount,protocol,100,351,419,538
3399ae6b8d0b3b8987fa326c7cfb89879179a3d5,Read-only mount,stat,100,217,358,462
3399ae6b8d0b3b8987fa326c7cfb89879179a3d5,Read-only mount,open+close,100,211,316,366
3399ae6b8d0b3b8987fa326c7cfb89879179a3d5,Read-only mount,readdir,100,217,314,438
3399ae6b8d0b3b8987fa326c7cfb89879179a3d5,Read-only mount,seq_read,100,39,186,5948
ba8bda4ea60af2feb23bad1e96a909d483d70c9d,VM setup,ramfs_load,10,16664,16906,16906
ba8bda4ea60af2feb23bad1e96a909d483d70c9d,Writable mount,protocol,100,363,399,420
ba8bda4ea60af2feb23bad1e96a909d483d70c9d,Writable mount,stat,100,216,311,448
ba8bda4ea60af2feb23bad1e96a909d483d70c9d,Writable mount,open+close,100,211,287,372
ba8bda4ea60af2feb23bad1e96a909d483d70c9d,Writable mount,readdir,100,224,309,378
ba8bda4ea60af2feb23bad1e96a909d483d70c9d,Writable mount,create_scratch,100,40,137,1434
ba8bda4ea60af2feb23bad1e96a909d483d70c9d,Writable mount,seq_read,100,43,136,6421
ba8bda4ea60af2feb23bad1e96a909d483d70c9d,Writable mount,create+close+unlink,100,5,61,69
ba8bda4ea60af2feb23bad1e96a909d483d70c9d,Writable mount,mkdir+rmdir,100,11,62,10567
ba8bda4ea60af2feb23bad1e96a909d483d70c9d,Writable mount,create+close+rename,100,10,52,69
ba8bda4ea60af2feb23bad1e96a909d483d70c9d,Writable mount,write+flush,100,25,77,1436
ba8bda4ea60af2feb23bad1e96a909d483d70c9d,VM setup,ramfs_load,5,16676,16699,16699
ba8bda4ea60af2feb23bad1e96a909d483d70c9d,Read-only mount,protocol,100,351,397,424
ba8bda4ea60af2feb23bad1e96a909d483d70c9d,Read-only mount,stat,100,212,361,437
ba8bda4ea60af2feb23bad1e96a909d483d70c9d,Read-only mount,open+close,100,203,322,374
ba8bda4ea60af2feb23bad1e96a909d483d70c9d,Read-only mount,readdir,100,212,312,351
ba8bda4ea60af2feb23bad1e96a909d483d70c9d,Read-only mount,seq_read,100,42,153,5594
4fb9590cfc528e61aaafe3ebd72a4f8928028b91,VM setup,ramfs_load,10,16659,16742,16742
4fb9590cfc528e61aaafe3ebd72a4f8928028b91,Writable mount,protocol,100,352,402,1581
4fb9590cfc528e61aaafe3ebd72a4f8928028b91,Writable mount,stat,100,215,330,460
4fb9590cfc528e61aaafe3ebd72a4f8928028b91,Writable mount,open+close,100,220,312,425
4fb9590cfc528e61aaafe3ebd72a4f8928028b91,Writable mount,readdir,100,218,311,410
4fb9590cfc528e61aaafe3ebd72a4f8928028b91,Writable mount,create_scratch,100,45,108,1491
4fb9590cfc528e61aaafe3ebd72a4f8928028b91,Writable mount,seq_read,100,47,156,5771
4fb9590cfc528e61aaafe3ebd72a4f8928028b91,Writable mount,create+close+unlink,100,7,36,62
4fb9590cfc528e61aaafe3ebd72a4f8928028b91,Writable mount,mkdir+rmdir,100,14,98,7933
4fb9590cfc528e61aaafe3ebd72a4f8928028b91,Writable mount,create+close+rename,100,6,56,71
4fb9590cfc528e61aaafe3ebd72a4f8928028b91,Writable mount,write+flush,100,24,72,1351
4fb9590cfc528e61aaafe3ebd72a4f8928028b91,VM setup,ramfs_load,5,16649,16670,16670
4fb9590cfc528e61aaafe3ebd72a4f8928028b91,Read-only mount,protocol,100,346,387,437
4fb9590cfc528e61aaafe3ebd72a4f8928028b91,Read-only mount,stat,100,211,291,462
4fb9590cfc528e61aaafe3ebd72a4f8928028b91,Read-only mount,open+close,100,214,308,375
4fb9590cfc528e61aaafe3ebd72a4f8928028b91,Read-only mount,readdir,100,223,300,349
4fb9590cfc528e61aaafe3ebd72a4f8928028b91,Read-only mount,seq_read,100,40,158,6615
22ea80964ff5997d6417409d3b0825bd346c7e08,VM setup,ramfs_load,10,16652,16696,16696
22ea80964ff5997d6417409d3b0825bd346c7e08,Writable mount,protocol,100,353,391,515
22ea80964ff5997d6417409d3b0825bd346c7e08,Writable mount,stat,100,202,288,419
22ea80964ff5997d6417409d3b0825bd346c7e08,Writable mount,open+close,100,198,298,406
22ea80964ff5997d6417409d3b0825bd346c7e08,Writable mount,readdir,100,218,315,474
22ea80964ff5997d6417409d3b0825bd346c7e08,Writable mount,create_scratch,100,39,96,1446
22ea80964ff5997d6417409d3b0825bd346c7e08,Writable mount,seq_read,100,53,156,5679
22ea80964ff5997d6417409d3b0825bd346c7e08,Writable mount,create+close+unlink,100,7,59,236
22ea80964ff5997d6417409d3b0825bd346c7e08,Writable mount,mkdir+rmdir,100,13,94,16770
22ea80964ff5997d6417409d3b0825bd346c7e08,Writable mount,create+close+rename,100,11,55,81
22ea80964ff5997d6417409d3b0825bd346c7e08,Writable mount,write+flush,100,24,88,1457
22ea80964ff5997d6417409d3b0825bd346c7e08,VM setup,ramfs_load,5,16663,16679,16679
22ea80964ff5997d6417409d3b0825bd346c7e08,Read-only mount,protocol,100,329,408,418
22ea80964ff5997d6417409d3b0825bd346c7e08,Read-only mount,stat,100,207,302,446
22ea80964ff5997d6417409d3b0825bd346c7e08,Read-only mount,open+close,100,199,280,420
22ea80964ff5997d6417409d3b0825bd346c7e08,Read-only mount,readdir,100,217,297,433
22ea80964ff5997d6417409d3b0825bd346c7e08,Read-only mount,seq_read,100,44,173,6279
3717dc73b4eb9f8e3caee422630a639e8f8e2251,VM setup,ramfs_load,10,16668,16683,16683
3717dc73b4eb9f8e3caee422630a639e8f8e2251,Writable mount,protocol,100,301,337,351
3717dc73b4eb9f8e3caee422630a639e8f8e2251,Writable mount,stat,100,214,311,394
3717dc73b4eb9f8e3caee422630a639e8f8e2251,Writable mount,open+close,100,210,316,423
3717dc73b4eb9f8e3caee422630a639e8f8e2251,Writable mount,readdir,100,229,300,469
3717dc73b4eb9f8e3caee422630a639e8f8e2251,Writable mount,create_scratch,100,44,89,1450
3717dc73b4eb9f8e3caee422630a639e8f8e2251,Writable mount,seq_read,100,45,200,5737
3717dc73b4eb9f8e3caee422630a639e8f8e2251,Writable mount,create+close+unlink,100,10,54,66
3717dc73b4eb9f8e3caee422630a639e8f8e2251,Writable mount,mkdir+rmdir,100,10,43,13397
3717dc73b4eb9f8e3caee422630a639e8f8e2251,Writable mount,create+close+rename,100,10,51,100
3717dc73b4eb9f8e3caee422630a639e8f8e2251,Writable mount,write+flush,100,21,58,1592
3717dc73b4eb9f8e3caee422630a639e8f8e2251,VM setup,ramfs_load,5,16648,16660,16660
3717dc73b4eb9f8e3caee422630a639e8f8e2251,Read-only mount,protocol,100,344,397,425
3717dc73b4eb9f8e3caee422630a639e8f8e2251,Read-only mount,stat,100,211,317,450
3717dc73b4eb9f8e3caee422630a639e8f8e2251,Read-only mount,open+close,100,221,292,413
3717dc73b4eb9f8e3caee422630a639e8f8e2251,Read-only mount,readdir,100,238,326,402
3717dc73b4eb9f8e3caee422630a639e8f8e2251,Read-only mount,seq_read,100,40,157,6204
00079df09072312da114b2926654bb785002f8bb,VM setup,ramfs_load,10,16652,16699,16699
00079df09072312da114b2926654bb785002f8bb,Writable mount,protocol,100,306,353,366
00079df09072312da114b2926654bb785002f8bb,Writable mount,stat,100,211,319,366
00079df09072312da114b2926654bb785002f8bb,Writable mount,open+close,100,220,302,378
00079df09072312da114b2926654bb785002f8bb,Writable mount,readdir,100,216,301,350
00079df09072312da114b2926654bb785002f8bb,Writable mount,create_scratch,100,47,108,1594
00079df09072312da114b2926654bb785002f8bb,Writable mount,seq_read,100,47,138,5530
00079df09072312da114b2926654bb785002f8bb,Writable mount,create+close+unlink,100,1,48,305
00079df09072312da114b2926654bb785002f8bb,Writable mount,mkdir+rmdir,100,15,169,1663
00079df09072312da114b2926654bb785002f8bb,Writable mount,create+close+rename,100,10,69,79
00079df09072312da114b2926654bb785002f8bb,Writable mount,write+flush,100,24,71,1436
00079df09072312da114b2926654bb785002f8bb,VM setup,ramfs_load,5,16671,16681,16681
00079df09072312da114b2926654bb785002f8bb,Read-only mount,protocol,100,376,424,448
00079df09072312da114b2926654bb785002f8bb,Read-only mount,stat,100,209,339,425
00079df09072312da114b2926654bb785002f8bb,Read-only mount,open+close,100,201,324,434
00079df09072312da114b2926654bb785002f8bb,Read-only mount,readdir,100,221,341,620
00079df09072312da114b2926654bb785002f8bb,Read-only mount,seq_read,100,46,434,5987
de45c1af820bf6748a65b4ac91d0771037a3ed5b,VM setup,ramfs_load,10,16684,16696,16696
de45c1af820bf6748a65b4ac91d0771037a3ed5b,Writable mount,protocol,100,303,331,341
de45c1af820bf6748a65b4ac91d0771037a3ed5b,Writable mount,stat,100,209,305,454
de45c1af820bf6748a65b4ac91d0771037a3ed5b,Writable mount,open+close,100,218,305,412
de45c1af820bf6748a65b4ac91d0771037a3ed5b,Writable mount,readdir,100,225,334,442
de45c1af820bf6748a65b4ac91d0771037a3ed5b,Writable mount,create_scratch,100,42,89,1629
de45c1af820bf6748a65b4ac91d0771037a3ed5b,Writable mount,seq_read,100,45,144,5630
de45c1af820bf6748a65b4ac91d0771037a3ed5b,Writable mount,create+close+unlink,100,4,54,102
de45c1af820bf6748a65b4ac91d0771037a3ed5b,Writable mount,mkdir+rmdir,100,15,76,887
de45c1af820bf6748a65b4ac91d0771037a3ed5b,Writable mount,create+close+rename,100,14,72,111
de45c1af820bf6748a65b4ac91d0771037a3ed5b,Writable mount,write+flush,100,22,67,1620
de45c1af820bf6748a65b4ac91d0771037a3ed5b,VM setup,ramfs_load,5,16668,16685,16685
de45c1af820bf6748a65b4ac91d0771037a3ed5b,Read-only mount,protocol,100,324,370,393
de45c1af820bf6748a65b4ac91d0771037a3ed5b,Read-only mount,stat,100,201,331,510
de45c1af820bf6748a65b4ac91d0771037a3ed5b,Read-only mount,open+close,100,208,299,374
de45c1af820bf6748a65b4ac91d0771037a3ed5b,Read-only mount,readdir,100,219,318,365
de45c1af820bf6748a65b4ac91d0771037a3ed5b,Read-only mount,seq_read,100,50,157,6381
26e7f00cb1d320424225711486fe98d82719477f,VM setup,ramfs_load,10,16668,16698,16698
26e7f00cb1d320424225711486fe98d82719477f,Writable mount,protocol,100,347,394,415
26e7f00cb1d320424225711486fe98d82719477f,Writable mount,stat,100,216,316,447
26e7f00cb1d320424225711486fe98d82719477f,Writable mount,open+close,100,217,309,461
26e7f00cb1d320424225711486fe98d82719477f,Writable mount,readdir,100,210,339,454
26e7f00cb1d320424225711486fe98d82719477f,Writable mount,create_scratch,100,41,100,1724
26e7f00cb1d320424225711486fe98d82719477f,Writable mount,seq_read,100,47,169,6028
26e7f00cb1d320424225711486fe98d82719477f,Writable mount,create+close+unlink,100,9,55,396
26e7f00cb1d320424225711486fe98d82719477f,Writable mount,mkdir+rmdir,100,11,98,5690
26e7f00cb1d320424225711486fe98d82719477f,Writable mount,create+close+rename,100,11,60,95
26e7f00cb1d320424225711486fe98d82719477f,Writable mount,write+flush,100,21,69,1610
26e7f00cb1d320424225711486fe98d82719477f,VM setup,ramfs_load,5,16654,16689,16689
26e7f00cb1d320424225711486fe98d82719477f,Read-only mount,protocol,100,322,374,384
26e7f00cb1d320424225711486fe98d82719477f,Read-only mount,stat,100,204,340,421
26e7f00cb1d320424225711486fe98d82719477f,Read-only mount,open+close,100,210,302,425
26e7f00cb1d320424225711486fe98d82719477f,Read-only mount,readdir,100,207,311,424
26e7f00cb1d320424225711486fe98d82719477f,Read-only mount,seq_read,100,48,157,5645
77ac88faaf3775011f7c04aa6ee2ec47f782a566,VM setup,ramfs_load,10,16660,16700,16700
77ac88faaf3775011f7c04aa6ee2ec47f782a566,Writable mount,protocol,100,318,339,344
77ac88faaf3775011f7c04aa6ee2ec47f782a566,Writable mount,stat,100,209,335,462
77ac88faaf3775011f7c04aa6ee2ec47f782a566,Writable mount,open+close,100,222,322,451
77ac88faaf3775011f7c04aa6ee2ec47f782a566,Writable mount,readdir,100,212,339,460
77ac88faaf3775011f7c04aa6ee2ec47f782a566,Writable mount,create_scratch,100,44,97,1476
77ac88faaf3775011f7c04aa6ee2ec47f782a566,Writable mount,seq_read,100,46,143,5954
77ac88faaf3775011f7c04aa6ee2ec47f782a566,Writable mount,create+close+unlink,100,4,37,66
77ac88faaf3775011f7c04aa6ee2ec47f782a566,Writable mount,mkdir+rmdir,100,15,1408,4985
77ac88faaf3775011f7c04aa6ee2ec47f782a566,Writable mount,create+close+rename,100,10,52,96
77ac88faaf3775011f7c04aa6ee2ec47f782a566,Writable mount,write+flush,100,27,75,1453
77ac88faaf3775011f7c04aa6ee2ec47f782a566,VM setup,ramfs_load,5,16676,16692,16692
77ac88faaf3775011f7c04aa6ee2ec47f782a566,Read-only mount,protocol,100,348,390,417
77ac88faaf3775011f7c04aa6ee2ec47f782a566,Read-only mount,stat,100,215,318,406
77ac88faaf3775011f7c04aa6ee2ec47f782a566,Read-only mount,open+close,100,205,312,491
77ac88faaf3775011f7c04aa6ee2ec47f782a566,Read-only mount,readdir,100,219,315,2208
77ac88faaf3775011f7c04aa6ee2ec47f782a566,Read-only mount,seq_read,100,50,139,5935
23aca072ded43f68689d51a588fa284f680b5730,VM setup,ramfs_load,10,16656,16732,16732
23aca072ded43f68689d51a588fa284f680b5730,Writable mount,protocol,100,317,357,386
23aca072ded43f68689d51a588fa284f680b5730,Writable mount,stat,100,215,342,481
23aca072ded43f68689d51a588fa284f680b5730,Writable mount,open+close,100,208,318,381
23aca072ded43f68689d51a588fa284f680b5730,Writable mount,readdir,100,221,356,495
23aca072ded43f68689d51a588fa284f680b5730,Writable mount,create_scratch,100,42,98,1449
23aca072ded43f68689d51a588fa284f680b5730,Writable mount,seq_read,100,43,131,6135
23aca072ded43f68689d51a588fa284f680b5730,Writable mount,create+close+unlink,100,9,48,83
23aca072ded43f68689d51a588fa284f680b5730,Writable mount,mkdir+rmdir,100,9,84,10558
23aca072ded43f68689d51a588fa284f680b5730,Writable mount,create+close+rename,100,10,64,215
23aca072ded43f68689d51a588fa284f680b5730,Writable mount,write+flush,100,27,76,1639
23aca072ded43f68689d51a588fa284f680b5730,VM setup,ramfs_load,5,16679,16788,16788
23aca072ded43f68689d51a588fa284f680b5730,Read-only mount,protocol,100,351,384,403
23aca072ded43f68689d51a588fa284f680b5730,Read-only mount,stat,100,216,350,520
23aca072ded43f68689d51a588fa284f680b5730,Read-only mount,open+close,100,212,283,1334
23aca072ded43f68689d51a588fa284f680b5730,Read-only mount,readdir,100,226,326,411
23aca072ded43f68689d51a588fa284f680b5730,Read-only mount,seq_read,100,40,134,6093
6c4f1b987ab5cc36fd7a7e749edca113a8f8a372,VM setup,ramfs_load,10,16654,16691,16691
6c4f1b987ab5cc36fd7a7e749edca113a8f8a372,Writable mount,protocol,100,318,361,383
6c4f1b987ab5cc36fd7a7e749edca113a8f8a372,Writable mount,stat,100,209,296,390
6c4f1b987ab5cc36fd7a7e749edca113a8f8a372,Writable mount,open+close,100,216,311,359
6c4f1b987ab5cc36fd7a7e749edca113a8f8a372,Writable mount,readdir,100,221,341,439
6c4f1b987ab5cc36fd7a7e749edca113a8f8a372,Writable mount,create_scratch,100,40,91,1593
6c4f1b987ab5cc36fd7a7e749edca113a8f8a372,Writable mount,seq_read,100,40,169,6149
6c4f1b987ab5cc36fd7a7e749edca113a8f8a372,Writable mount,create+close+unlink,100,8,91,2133
6c4f1b987ab5cc36fd7a7e749edca113a8f8a372,Writable mount,mkdir+rmdir,100,12,752,8463
6c4f1b987ab5cc36fd7a7e749edca113a8f8a372,Writable mount,create+close+rename,100,13,52,80
6c4f1b987ab5cc36fd7a7e749edca113a8f8a372,Writable mount,write+flush,100,22,68,1553
6c4f1b987ab5cc36fd7a7e749edca113a8f8a372,VM setup,ramfs_load,5,16662,16899,16899
6c4f1b987ab5cc36fd7a7e749edca113a8f8a372,Read-only mount,protocol,100,343,411,423
6c4f1b987ab5cc36fd7a7e749edca113a8f8a372,Read-only mount,stat,100,207,360,404
6c4f1b987ab5cc36fd7a7e749edca113a8f8a372,Read-only mount,open+close,100,223,349,494
6c4f1b987ab5cc36fd7a7e749edca113a8f8a372,Read-only mount,readdir,100,225,308,1222
6c4f1b987ab5cc36fd7a7e749edca113a8f8a372,Read-only mount,seq_read,100,46,137,6331
1dc3b545899cd6214911da851be1857e2f930b76,VM setup,ramfs_load,10,16664,16697,16697
1dc3b545899cd6214911da851be1857e2f930b76,Writable mount,protocol,100,319,341,351
1dc3b545899cd6214911da851be1857e2f930b76,Writable mount,stat,100,210,317,388
1dc3b545899cd6214911da851be1857e2f930b76,Writable mount,open+close,100,215,340,669
1dc3b545899cd6214911da851be1857e2f930b76,Writable mount,readdir,100,229,321,395
1dc3b545899cd6214911da851be1857e2f930b76,Writable mount,create_scratch,100,39,88,1742
1dc3b545899cd6214911da851be1857e2f930b76,Writable mount,seq_read,100,36,149,5576
1dc3b545899cd6214911da851be1857e2f930b76,Writable mount,create+close+unlink,100,11,54,86
1dc3b545899cd6214911da851be1857e2f930b76,Writable mount,mkdir+rmdir,100,11,82,3716
1dc3b545899cd6214911da851be1857e2f930b76,Writable mount,create+close+rename,100,10,49,79
1dc3b545899cd6214911da851be1857e2f930b76,Writable mount,write+flush,100,21,75,1501
1dc3b545899cd6214911da851be1857e2f930b76,VM setup,ramfs_load,5,16685,16714,16714
1dc3b545899cd6214911da851be1857e2f930b76,Read-only mount,protocol,100,324,398,441
1dc3b545899cd6214911da851be1857e2f930b76,Read-only mount,stat,100,213,342,443
1dc3b545899cd6214911da851be1857e2f930b76,Read-only mount,open+close,100,205,311,407
1dc3b545899cd6214911da851be1857e2f930b76,Read-only mount,readdir,100,223,330,355
1dc3b545899cd6214911da851be1857e2f930b76,Read-only mount,seq_read,100,33,135,5594
bbcf471ff89b50a1fe6aac36a0a7f66571ee35f2,VM setup,ramfs_load,10,16658,16694,16694
bbcf471ff89b50a1fe6aac36a0a7f66571ee35f2,Writable mount,protocol,100,362,405,446
bbcf471ff89b50a1fe6aac36a0a7f66571ee35f2,Writable mount,stat,100,217,352,446
bbcf471ff89b50a1fe6aac36a0a7f66571ee35f2,Writable mount,open+close,100,226,323,468
bbcf471ff89b50a1fe6aac36a0a7f66571ee35f2,Writable mount,readdir,100,215,288,341
bbcf471ff89b50a1fe6aac36a0a7f66571ee35f2,Writable mount,create_scratch,100,42,83,1761
bbcf471ff89b50a1fe6aac36a0a7f66571ee35f2,Writable mount,seq_read,100,37,138,6208
bbcf471ff89b50a1fe6aac36a0a7f66571ee35f2,Writable mount,create+close+unlink,100,6,28,61
bbcf471ff89b50a1fe6aac36a0a7f66571ee35f2,Writable mount,mkdir+rmdir,100,14,77,9282
bbcf471ff89b50a1fe6aac36a0a7f66571ee35f2,Writable mount,create+close+rename,100,10,55,126
bbcf471ff89b50a1fe6aac36a0a7f66571ee35f2,Writable mount,write+flush,100,25,57,1508
bbcf471ff89b50a1fe6aac36a0a7f66571ee35f2,VM setup,ramfs_load,5,16666,16690,16690
bbcf471ff89b50a1fe6aac36a0a7f66571ee35f2,Read-only mount,protocol,100,353,388,404
bbcf471ff89b50a1fe6aac36a0a7f66571ee35f2,Read-only mount,stat,100,208,336,444
bbcf471ff89b50a1fe6aac36a0a7f66571ee35f2,Read-only mount,open+close,100,218,304,380
bbcf471ff89b50a1fe6aac36a0a7f66571ee35f2,Read-only mount,readdir,100,216,298,435
bbcf471ff89b50a1fe6aac36a0a7f66571ee35f2,Read-only mount,seq_read,100,48,175,5595
bd20c1745bf5742cdbb10f3a628427bc1b2338c1,VM setup,ramfs_load,10,16646,16674,16674
bd20c1745bf5742cdbb10f3a628427bc1b2338c1,Writable mount,protocol,100,295,314,357
bd20c1745bf5742cdbb10f3a628427bc1b2338c1,Writable mount,stat,100,206,296,422
bd20c1745bf5742cdbb10f3a628427bc1b2338c1,Writable mount,open+close,100,205,299,445
bd20c1745bf5742cdbb10f3a628427bc1b2338c1,Writable mount,readdir,100,232,312,408
bd20c1745bf5742cdbb10f3a628427bc1b2338c1,Writable mount,create_scratch,100,44,100,1584
bd20c1745bf5742cdbb10f3a628427bc1b2338c1,Writable mount,seq_read,100,47,193,5898
bd20c1745bf5742cdbb10f3a628427bc1b2338c1,Writable mount,create+close+unlink,100,9,51,93
bd20c1745bf5742cdbb10f3a628427bc1b2338c1,Writable mount,mkdir+rmdir,100,10,56,17727
bd20c1745bf5742cdbb10f3a628427bc1b2338c1,Writable mount,create+close+rename,100,11,39,98
bd20c1745bf5742cdbb10f3a628427bc1b2338c1,Writable mount,write+flush,100,27,72,1391
bd20c1745bf5742cdbb10f3a628427bc1b2338c1,VM setup,ramfs_load,5,16661,16708,16708
bd20c1745bf5742cdbb10f3a628427bc1b2338c1,Read-only mount,protocol,100,346,394,414
bd20c1745bf5742cdbb10f3a628427bc1b2338c1,Read-only mount,stat,100,218,330,396
bd20c1745bf5742cdbb10f3a628427bc1b2338c1,Read-only mount,open+close,100,211,303,416
bd20c1745bf5742cdbb10f3a628427bc1b2338c1,Read-only mount,readdir,100,217,319,460
bd20c1745bf5742cdbb10f3a628427bc1b2338c1,Read-only mount,seq_read,100,47,140,5957
4ac85a682e053a13ea43cb4ef7471f2e586a947f,VM setup,ramfs_load,10,16671,16704,16704
4ac85a682e053a13ea43cb4ef7471f2e586a947f,Writable mount,protocol,100,293,316,339
4ac85a682e053a13ea43cb4ef7471f2e586a947f,Writable mount,stat,100,216,321,1681
4ac85a682e053a13ea43cb4ef7471f2e586a947f,Writable mount,open+close,100,201,283,444
4ac85a682e053a13ea43cb4ef7471f2e586a947f,Writable mount,readdir,100,236,336,399
4ac85a682e053a13ea43cb4ef7471f2e586a947f,Writable mount,create_scratch,100,42,91,1645
4ac85a682e053a13ea43cb4ef7471f2e586a947f,Writable mount,seq_read,100,46,154,6020
4ac85a682e053a13ea43cb4ef7471f2e586a947f,Writable mount,create+close+unlink,100,9,50,86
4ac85a682e053a13ea43cb4ef7471f2e586a947f,Writable mount,mkdir+rmdir,100,13,57,2705
4ac85a682e053a13ea43cb4ef7471f2e586a947f,Writable mount,create+close+rename,100,8,54,2418
4ac85a682e053a13ea43cb4ef7471f2e586a947f,Writable mount,write+flush,100,28,64,1351
4ac85a682e053a13ea43cb4ef7471f2e586a947f,VM setup,ramfs_load,5,16663,16697,16697
4ac85a682e053a13ea43cb4ef7471f2e586a947f,Read-only mount,protocol,100,356,406,425
4ac85a682e053a13ea43cb4ef7471f2e586a947f,Read-only mount,stat,100,200,338,657
4ac85a682e053a13ea43cb4ef7471f2e586a947f,Read-only mount,open+close,100,198,309,464
4ac85a682e053a13ea43cb4ef7471f2e586a947f,Read-only mount,readdir,100,209,300,440
4ac85a682e053a13ea43cb4ef7471f2e586a947f,Read-only mount,seq_read,100,38,188,6771
5dcd9990b4ea7c7bf3f15f458b45b8605684c0be,VM setup,ramfs_load,10,16677,16712,16712
5dcd9990b4ea7c7bf3f15f458b45b8605684c0be,Writable mount,protocol,100,297,327,346
5dcd9990b4ea7c7bf3f15f458b45b8605684c0be,Writable mount,stat,100,216,311,374
5dcd9990b4ea7c7bf3f15f458b45b8605684c0be,Writable mount,open+close,100,221,353,433
5dcd9990b4ea7c7bf3f15f458b45b8605684c0be,Writable mount,readdir,100,239,325,463
5dcd9990b4ea7c7bf3f15f458b45b8605684c0be,Writable mount,create_scratch,100,38,84,1477
5dcd9990b4ea7c7bf3f15f458b45b8605684c0be,Writable mount,seq_read,100,45,187,6291
5dcd9990b4ea7c7bf3f15f458b45b8605684c0be,Writable mount,create+close+unlink,100,9,51,86
5dcd9990b4ea7c7bf3f15f458b45b8605684c0be,Writable mount,mkdir+rmdir,100,3,46,8051
5dcd9990b4ea7c7bf3f15f458b45b8605684c0be,Writable mount,create+close+rename,100,14,55,191
5dcd9990b4ea7c7bf3f15f458b45b8605684c0be,Writable mount,write+flush,100,20,73,1572
5dcd9990b4ea7c7bf3f15f458b45b8605684c0be,VM setup,ramfs_load,5,16658,16699,16699
5dcd9990b4ea7c7bf3f15f458b45b8605684c0be,Read-only mount,protocol,100,323,370,398
5dcd9990b4ea7c7bf3f15f458b45b8605684c0be,Read-only mount,stat,100,200,289,413
5dcd9990b4ea7c7bf3f15f458b45b8605684c0be,Read-only mount,open+close,100,223,332,379
5dcd9990b4ea7c7bf3f15f458b45b8605684c0be,Read-only mount,readdir,100,209,310,423
5dcd9990b4ea7c7bf3f15f458b45b8605684c0be,Read-only mount,seq_read,100,45,162,5636
b660181ece3f9d2faefce4205c89c16fd638ee2d,VM setup,ramfs_load,10,16670,16711,16711
b660181ece3f9d2faefce4205c89c16fd638ee2d,Writable mount,protocol,100,318,339,384
b660181ece3f9d2faefce4205c89c16fd638ee2d,Writable mount,stat,100,208,331,445
b660181ece3f9d2faefce4205c89c16fd638ee2d,Writable mount,open+close,100,213,325,480
b660181ece3f9d2faefce4205c89c16fd638ee2d,Writable mount,readdir,100,211,332,395
b660181ece3f9d2faefce4205c89c16fd638ee2d,Writable mount,create_scratch,100,43,105,1750
b660181ece3f9d2faefce4205c89c16fd638ee2d,Writable mount,seq_read,100,58,155,6367
b660181ece3f9d2faefce4205c89c16fd638ee2d,Writable mount,create+close+unlink,100,9,54,76
b660181ece3f9d2faefce4205c89c16fd638ee2d,Writable mount,mkdir+rmdir,100,7,65,11471
b660181ece3f9d2faefce4205c89c16fd638ee2d,Writable mount,create+close+rename,100,7,43,77
b660181ece3f9d2faefce4205c89c16fd638ee2d,Writable mount,write+flush,100,26,73,1587
b660181ece3f9d2faefce4205c89c16fd638ee2d,VM setup,ramfs_load,5,16649,16698,16698
b660181ece3f9d2faefce4205c89c16fd638ee2d,Read-only mount,protocol,100,334,376,398
b660181ece3f9d2faefce4205c89c16fd638ee2d,Read-only mount,stat,100,221,321,423
b660181ece3f9d2faefce4205c89c16fd638ee2d,Read-only mount,open+close,100,207,294,411
b660181ece3f9d2faefce4205c89c16fd638ee2d,Read-only mount,readdir,100,222,318,380
b660181ece3f9d2faefce4205c89c16fd638ee2d,Read-only mount,seq_read,100,53,152,6009
20ee47016e3cf7d650f34653762c72fcede2da98,VM setup,ramfs_load,10,16672,16705,16705
20ee47016e3cf7d650f34653762c72fcede2da98,Writable mount,protocol,100,306,340,367
20ee47016e3cf7d650f34653762c72fcede2da98,Writable mount,stat,100,229,364,725
20ee47016e3cf7d650f34653762c72fcede2da98,Writable mount,open+close,100,207,433,12971
20ee47016e3cf7d650f34653762c72fcede2da98,Writable mount,readdir,100,219,289,396
20ee47016e3cf7d650f34653762c72fcede2da98,Writable mount,create_scratch,100,43,90,1580
20ee47016e3cf7d650f34653762c72fcede2da98,Writable mount,seq_read,100,49,135,6047
20ee47016e3cf7d650f34653762c72fcede2da98,Writable mount,create+close+unlink,100,7,39,50
20ee47016e3cf7d650f34653762c72fcede2da98,Writable mount,mkdir+rmdir,100,9,48,76
20ee47016e3cf7d650f34653762c72fcede2da98,Writable mount,create+close+rename,100,10,48,773
20ee47016e3cf7d650f34653762c72fcede2da98,Writable mount,write+flush,100,26,89,1395
20ee47016e3cf7d650f34653762c72fcede2da98,VM setup,ramfs_load,5,16661,16690,16690
20ee47016e3cf7d650f34653762c72fcede2da98,Read-only mount,protocol,100,358,394,426
20ee47016e3cf7d650f34653762c72fcede2da98,Read-only mount,stat,100,222,332,972
20ee47016e3cf7d650f34653762c72fcede2da98,Read-only mount,open+close,100,210,308,415
20ee47016e3cf7d650f34653762c72fcede2da98,Read-only mount,readdir,100,223,315,415
20ee47016e3cf7d650f34653762c72fcede2da98,Read-only mount,seq_read,100,40,187,5542
6ee2e0f8636fe0512e0e3e2de0ae99950d40413b,VM setup,ramfs_load,10,16656,16707,16707
6ee2e0f8636fe0512e0e3e2de0ae99950d40413b,Writable mount,protocol,100,310,335,348
6ee2e0f8636fe0512e0e3e2de0ae99950d40413b,Writable mount,stat,100,213,293,388
6ee2e0f8636fe0512e0e3e2de0ae99950d40413b,Writable mount,open+close,100,217,333,760
6ee2e0f8636fe0512e0e3e2de0ae99950d40413b,Writable mount,readdir,100,225,345,500
6ee2e0f8636fe0512e0e3e2de0ae99950d40413b,Writable mount,create_scratch,100,39,126,1623
6ee2e0f8636fe0512e0e3e2de0ae99950d40413b,Writable mount,seq_read,100,55,146,5612
6ee2e0f8636fe0512e0e3e2de0ae99950d40413b,Writable mount,create+close+unlink,100,4,45,85
6ee2e0f8636fe0512e0e3e2de0ae99950d40413b,Writable mount,mkdir+rmdir,100,11,57,7468
6ee2e0f8636fe0512e0e3e2de0ae99950d40413b,Writable mount,create+close+rename,100,12,43,81
6ee2e0f8636fe0512e0e3e2de0ae99950d40413b,Writable mount,write+flush,100,27,94,1411
6ee2e0f8636fe0512e0e3e2de0ae99950d40413b,VM setup,ramfs_load,5,16662,16673,16673
6ee2e0f8636fe0512e0e3e2de0ae99950d40413b,Read-only mount,protocol,100,332,360,413
6ee2e0f8636fe0512e0e3e2de0ae99950d40413b,Read-only mount,stat,100,214,305,452
6ee2e0f8636fe0512e0e3e2de0ae99950d40413b,Read-only mount,open+close,100,215,306,466
6ee2e0f8636fe0512e0e3e2de0ae99950d40413b,Read-only mount,readdir,100,233,341,442
6ee2e0f8636fe0512e0e3e2de0ae99950d40413b,Read-only mount,seq_read,100,48,154,5636
3f5ad7c862ade910114977d2438ac5fbd8f9a445,VM setup,ramfs_load,10,16656,16698,16698
3f5ad7c862ade910114977d2438ac5fbd8f9a445,Writable mount,protocol,100,353,383,404
3f5ad7c862ade910114977d2438ac5fbd8f9a445,Writable mount,stat,100,234,341,402
3f5ad7c862ade910114977d2438ac5fbd8f9a445,Writable mount,open+close,100,214,286,410
3f5ad7c862ade910114977d2438ac5fbd8f9a445,Writable mount,readdir,100,218,306,449
3f5ad7c862ade910114977d2438ac5fbd8f9a445,Writable mount,create_scratch,100,42,82,1579
3f5ad7c862ade910114977d2438ac5fbd8f9a445,Writable mount,seq_read,100,43,186,6157
3f5ad7c862ade910114977d2438ac5fbd8f9a445,Writable mount,create+close+unlink,100,9,47,108
3f5ad7c862ade910114977d2438ac5fbd8f9a445,Writable mount,mkdir+rmdir,100,10,1049,8719
3f5ad7c862ade910114977d2438ac5fbd8f9a445,Writable mount,create+close+rename,100,7,61,79
3f5ad7c862ade910114977d2438ac5fbd8f9a445,Writable mount,write+flush,100,25,74,1624
3f5ad7c862ade910114977d2438ac5fbd8f9a445,VM setup,ramfs_load,5,16663,16688,16688
3f5ad7c862ade910114977d2438ac5fbd8f9a445,Read-only mount,protocol,100,309,379,389
3f5ad7c862ade910114977d2438ac5fbd8f9a445,Read-only mount,stat,100,224,301,402
3f5ad7c862ade910114977d2438ac5fbd8f9a445,Read-only mount,open+close,100,222,319,412
3f5ad7c862ade910114977d2438ac5fbd8f9a445,Read-only mount,readdir,100,239,350,484
3f5ad7c862ade910114977d2438ac5fbd8f9a445,Read-only mount,seq_read,100,48,206,6296
a0ec18f122784793853d8bebe17d93d341c4b178,VM setup,ramfs_load,10,16681,16712,16712
a0ec18f122784793853d8bebe17d93d341c4b178,Writable mount,protocol,100,327,358,374
a0ec18f122784793853d8bebe17d93d341c4b178,Writable mount,stat,100,209,291,374
a0ec18f122784793853d8bebe17d93d341c4b178,Writable mount,open+close,100,212,300,396
a0ec18f122784793853d8bebe17d93d341c4b178,Writable mount,readdir,100,223,309,432
a0ec18f122784793853d8bebe17d93d341c4b178,Writable mount,create_scratch,100,48,90,1472
a0ec18f122784793853d8bebe17d93d341c4b178,Writable mount,seq_read,100,42,143,6100
a0ec18f122784793853d8bebe17d93d341c4b178,Writable mount,create+close+unlink,100,7,59,105
a0ec18f122784793853d8bebe17d93d341c4b178,Writable mount,mkdir+rmdir,100,14,113,5744
a0ec18f122784793853d8bebe17d93d341c4b178,Writable mount,create+close+rename,100,13,47,94
a0ec18f122784793853d8bebe17d93d341c4b178,Writable mount,write+flush,100,30,77,1409
a0ec18f122784793853d8bebe17d93d341c4b178,VM setup,ramfs_load,5,16661,16902,16902
a0ec18f122784793853d8bebe17d93d341c4b178,Read-only mount,protocol,100,372,422,446
a0ec18f122784793853d8bebe17d93d341c4b178,Read-only mount,stat,100,226,321,464
a0ec18f122784793853d8bebe17d93d341c4b178,Read-only mount,open+close,100,226,355,452
a0ec18f122784793853d8bebe17d93d341c4b178,Read-only mount,readdir,100,219,332,464
a0ec18f122784793853d8bebe17d93d341c4b178,Read-only mount,seq_read,100,42,129,6200
ca8f79e853a3a56a09f3c83412e41040f5a4f2ee,VM setup,ramfs_load,10,16658,16707,16707
ca8f79e853a3a56a09f3c83412e41040f5a4f2ee,Writable mount,protocol,100,326,388,545
ca8f79e853a3a56a09f3c83412e41040f5a4f2ee,Writable mount,stat,100,213,324,406
ca8f79e853a3a56a09f3c83412e41040f5a4f2ee,Writable mount,open+close,100,207,296,442
ca8f79e853a3a56a09f3c83412e41040f5a4f2ee,Writable mount,readdir,100,223,336,482
ca8f79e853a3a56a09f3c83412e41040f5a4f2ee,Writable mount,create_scratch,100,42,105,1712
ca8f79e853a3a56a09f3c83412e41040f5a4f2ee,Writable mount,seq_read,100,39,137,5654
ca8f79e853a3a56a09f3c83412e41040f5a4f2ee,Writable mount,create+close+unlink,100,0,54,119
ca8f79e853a3a56a09f3c83412e41040f5a4f2ee,Writable mount,mkdir+rmdir,100,7,63,8284
ca8f79e853a3a56a09f3c83412e41040f5a4f2ee,Writable mount,create+close+rename,100,6,51,112
ca8f79e853a3a56a09f3c83412e41040f5a4f2ee,Writable mount,write+flush,100,27,79,1259
ca8f79e853a3a56a09f3c83412e41040f5a4f2ee,VM setup,ramfs_load,5,16681,16700,16700
ca8f79e853a3a56a09f3c83412e41040f5a4f2ee,Read-only mount,protocol,100,442,463,475
ca8f79e853a3a56a09f3c83412e41040f5a4f2ee,Read-only mount,stat,100,212,308,646
ca8f79e853a3a56a09f3c83412e41040f5a4f2ee,Read-only mount,open+close,100,220,315,472
ca8f79e853a3a56a09f3c83412e41040f5a4f2ee,Read-only mount,readdir,100,217,312,665
ca8f79e853a3a56a09f3c83412e41040f5a4f2ee,Read-only mount,seq_read,100,41,133,6227
aab22e0f204fbf749a0fca9fe37168c017b6701f,VM setup,ramfs_load,10,16663,16786,16786
aab22e0f204fbf749a0fca9fe37168c017b6701f,Writable mount,protocol,100,320,353,373
aab22e0f204fbf749a0fca9fe37168c017b6701f,Writable mount,stat,100,212,307,395
aab22e0f204fbf749a0fca9fe37168c017b6701f,Writable mount,open+close,100,203,325,493
aab22e0f204fbf749a0fca9fe37168c017b6701f,Writable mount,readdir,100,242,338,440
aab22e0f204fbf749a0fca9fe37168c017b6701f,Writable mount,create_scratch,100,44,85,1638
aab22e0f204fbf749a0fca9fe37168c017b6701f,Writable mount,seq_read,100,43,155,6082
aab22e0f204fbf749a0fca9fe37168c017b6701f,Writable mount,create+close+unlink,100,7,41,77
aab22e0f204fbf749a0fca9fe37168c017b6701f,Writable mount,mkdir+rmdir,100,12,59,5293
aab22e0f204fbf749a0fca9fe37168c017b6701f,Writable mount,create+close+rename,100,12,67,300
aab22e0f204fbf749a0fca9fe37168c017b6701f,Writable mount,write+flush,100,24,58,1410
aab22e0f204fbf749a0fca9fe37168c017b6701f,VM setup,ramfs_load,5,16678,16684,16684
aab22e0f204fbf749a0fca9fe37168c017b6701f,Read-only mount,protocol,100,329,370,388
aab22e0f204fbf749a0fca9fe37168c017b6701f,Read-only mount,stat,100,210,377,492
aab22e0f204fbf749a0fca9fe37168c017b6701f,Read-only mount,open+close,100,209,311,440
aab22e0f204fbf749a0fca9fe37168c017b6701f,Read-only mount,readdir,100,220,306,428
aab22e0f204fbf749a0fca9fe37168c017b6701f,Read-only mount,seq_read,100,47,145,6132
2d38ead92b834c121dee35f1bc67e3cca42dafe4,VM setup,ramfs_load,10,16678,16813,16813
2d38ead92b834c121dee35f1bc67e3cca42dafe4,Writable mount,protocol,100,340,369,384
2d38ead92b834c121dee35f1bc67e3cca42dafe4,Writable mount,stat,100,211,322,397
2d38ead92b834c121dee35f1bc67e3cca42dafe4,Writable mount,open+close,100,212,314,445
2d38ead92b834c121dee35f1bc67e3cca42dafe4,Writable mount,readdir,100,234,340,408
2d38ead92b834c121dee35f1bc67e3cca42dafe4,Writable mount,create_scratch,100,47,101,1540
2d38ead92b834c121dee35f1bc67e3cca42dafe4,Writable mount,seq_read,100,40,181,6112
2d38ead92b834c121dee35f1bc67e3cca42dafe4,Writable mount,create+close+unlink,100,7,58,83
2d38ead92b834c121dee35f1bc67e3cca42dafe4,Writable mount,mkdir+rmdir,100,10,46,86
2d38ead92b834c121dee35f1bc67e3cca42dafe4,Writable mount,create+close+rename,100,6,54,770
2d38ead92b834c121dee35f1bc67e3cca42dafe4,Writable mount,write+flush,100,27,71,1465
2d38ead92b834c121dee35f1bc67e3cca42dafe4,VM setup,ramfs_load,5,16703,16707,16707
2d38ead92b834c121dee35f1bc67e3cca42dafe4,Read-only mount,protocol,100,338,405,413
2d38ead92b834c121dee35f1bc67e3cca42dafe4,Read-only mount,stat,100,215,341,407
2d38ead92b834c121dee35f1bc67e3cca42dafe4,Read-only mount,open+close,100,211,315,469
2d38ead92b834c121dee35f1bc67e3cca42dafe4,Read-only mount,readdir,100,222,312,454
2d38ead92b834c121dee35f1bc67e3cca42dafe4,Read-only mount,seq_read,100,47,151,6809
5663375dba9b55cae6197fd78a1483e56060c51f,VM setup,ramfs_load,10,16671,16726,16726
5663375dba9b55cae6197fd78a1483e56060c51f,Writable mount,protocol,100,338,372,384
5663375dba9b55cae6197fd78a1483e56060c51f,Writable mount,stat,100,207,329,460
5663375dba9b55cae6197fd78a1483e56060c51f,Writable mount,open+close,100,215,302,478
5663375dba9b55cae6197fd78a1483e56060c51f,Writable mount,readdir,100,250,336,592
5663375dba9b55cae6197fd78a1483e56060c51f,Writable mount,create_scratch,100,45,110,1683
5663375dba9b55cae6197fd78a1483e56060c51f,Writable mount,seq_read,100,53,167,6275
5663375dba9b55cae6197fd78a1483e56060c51f,Writable mount,create+close+unlink,100,6,63,93
5663375dba9b55cae6197fd78a1483e56060c51f,Writable mount,mkdir+rmdir,100,14,158,16635
5663375dba9b55cae6197fd78a1483e56060c51f,Writable mount,create+close+rename,100,9,67,103
5663375dba9b55cae6197fd78a1483e56060c51f,Writable mount,write+flush,100,26,72,1582
5663375dba9b55cae6197fd78a1483e56060c51f,VM setup,ramfs_load,5,16673,16770,16770
5663375dba9b55cae6197fd78a1483e56060c51f,Read-only mount,protocol,100,311,352,365
5663375dba9b55cae6197fd78a1483e56060c51f,Read-only mount,stat,100,216,317,390
5663375dba9b55cae6197fd78a1483e56060c51f,Read-only mount,open+close,100,212,308,474
5663375dba9b55cae6197fd78a1483e56060c51f,Read-only mount,readdir,100,222,304,411
5663375dba9b55cae6197fd78a1483e56060c51f,Read-only mount,seq_read,100,58,153,5544
9be2a776d7b92f71eb0821257467d72f17d2e48a,VM setup,ramfs_load,10,16669,16719,16719
9be2a776d7b92f71eb0821257467d72f17d2e48a,Writable mount,protocol,100,321,355,358
9be2a776d7b92f71eb0821257467d72f17d2e48a,Writable mount,stat,100,210,325,479
9be2a776d7b92f71eb0821257467d72f17d2e48a,Writable mount,open+close,100,203,295,418
9be2a776d7b92f71eb0821257467d72f17d2e48a,Writable mount,readdir,100,219,312,368
9be2a776d7b92f71eb0821257467d72f17d2e48a,Writable mount,create_scratch,100,46,102,1484
9be2a776d7b92f71eb0821257467d72f17d2e48a,Writable mount,seq_read,100,43,154,6292
9be2a776d7b92f71eb0821257467d72f17d2e48a,Writable mount,create+close+unlink,100,9,53,75
9be2a776d7b92f71eb0821257467d72f17d2e48a,Writable mount,mkdir+rmdir,100,13,2040,9627
9be2a776d7b92f71eb0821257467d72f17d2e48a,Writable mount,create+close+rename,100,17,64,102
9be2a776d7b92f71eb0821257467d72f17d2e48a,Writable mount,write+flush,100,26,72,1356
9be2a776d7b92f71eb0821257467d72f17d2e48a,VM setup,ramfs_load,5,16656,16682,16682
9be2a776d7b92f71eb0821257467d72f17d2e48a,Read-only mount,protocol,100,328,374,389
9be2a776d7b92f71eb0821257467d72f17d2e48a,Read-only mount,stat,100,215,364,516
9be2a776d7b92f71eb0821257467d72f17d2e48a,Read-only mount,open+close,100,223,297,449
9be2a776d7b92f71eb0821257467d72f17d2e48a,Read-only mount,readdir,100,225,319,382
9be2a776d7b92f71eb0821257467d72f17d2e48a,Read-only mount,seq_read,100,36,178,5824
01151ef0a51c9d3cbce9da83f85f91af95060cec,VM setup,ramfs_load,10,16670,16720,16720
01151ef0a51c9d3cbce9da83f85f91af95060cec,Writable mount,protocol,100,334,373,398
01151ef0a51c9d3cbce9da83f85f91af95060cec,Writable mount,stat,100,206,309,355
01151ef0a51c9d3cbce9da83f85f91af95060cec,Writable mount,open+close,100,222,339,398
01151ef0a51c9d3cbce9da83f85f91af95060cec,Writable mount,readdir,100,238,343,404
01151ef0a51c9d3cbce9da83f85f91af95060cec,Writable mount,create_scratch,100,41,84,1472
01151ef0a51c9d3cbce9da83f85f91af95060cec,Writable mount,seq_read,100,48,177,6163
01151ef0a51c9d3cbce9da83f85f91af95060cec,Writable mount,create+close+unlink,100,11,62,92
01151ef0a51c9d3cbce9da83f85f91af95060cec,Writable mount,mkdir+rmdir,100,12,224,4480
01151ef0a51c9d3cbce9da83f85f91af95060cec,Writable mount,create+close+rename,100,10,67,87
01151ef0a51c9d3cbce9da83f85f91af95060cec,Writable mount,write+flush,100,30,80,1402
01151ef0a51c9d3cbce9da83f85f91af95060cec,VM setup,ramfs_load,5,16667,16726,16726
01151ef0a51c9d3cbce9da83f85f91af95060cec,Read-only mount,protocol,100,342,386,501
01151ef0a51c9d3cbce9da83f85f91af95060cec,Read-only mount,stat,100,220,345,387
01151ef0a51c9d3cbce9da83f85f91af95060cec,Read-only mount,open+close,100,217,314,957
01151ef0a51c9d3cbce9da83f85f91af95060cec,Read-only mount,readdir,100,220,327,400
01151ef0a51c9d3cbce9da83f85f91af95060cec,Read-only mount,seq_read,100,40,240,6186
1cc69149695bfd9f00715eaa43d946a9057abe7f,VM setup,ramfs_load,10,17106,17330,17330
1cc69149695bfd9f00715eaa43d946a9057abe7f,Writable mount,protocol,100,312,343,373
1cc69149695bfd9f00715eaa43d946a9057abe7f,Writable mount,stat,100,211,301,860
1cc69149695bfd9f00715eaa43d946a9057abe7f,Writable mount,open+close,100,221,313,443
1cc69149695bfd9f00715eaa43d946a9057abe7f,Writable mount,readdir,100,218,314,365
1cc69149695bfd9f00715eaa43d946a9057abe7f,Writable mount,create_scratch,100,46,107,1573
1cc69149695bfd9f00715eaa43d946a9057abe7f,Writable mount,seq_read,100,42,138,6046
1cc69149695bfd9f00715eaa43d946a9057abe7f,Writable mount,create+close+unlink,100,8,62,315
1cc69149695bfd9f00715eaa43d946a9057abe7f,Writable mount,mkdir+rmdir,100,10,75,9460
1cc69149695bfd9f00715eaa43d946a9057abe7f,Writable mount,create+close+rename,100,16,59,97
1cc69149695bfd9f00715eaa43d946a9057abe7f,Writable mount,write+flush,100,28,79,1598
1cc69149695bfd9f00715eaa43d946a9057abe7f,VM setup,ramfs_load,5,17108,17144,17144
1cc69149695bfd9f00715eaa43d946a9057abe7f,Read-only mount,protocol,100,338,377,452
1cc69149695bfd9f00715eaa43d946a9057abe7f,Read-only mount,stat,100,216,308,384
1cc69149695bfd9f00715eaa43d946a9057abe7f,Read-only mount,open+close,100,212,300,442
1cc69149695bfd9f00715eaa43d946a9057abe7f,Read-only mount,readdir,100,218,344,398
1cc69149695bfd9f00715eaa43d946a9057abe7f,Read-only mount,seq_read,100,50,157,5590
23fccf6f9b5ec309b8bcdb03ea7ef502d6f8f9fb,VM setup,ramfs_load,10,16693,16747,16747
23fccf6f9b5ec309b8bcdb03ea7ef502d6f8f9fb,Writable mount,protocol,100,364,1069,13673
23fccf6f9b5ec309b8bcdb03ea7ef502d6f8f9fb,Writable mount,stat,100,201,348,490
23fccf6f9b5ec309b8bcdb03ea7ef502d6f8f9fb,Writable mount,open+close,100,220,307,420
23fccf6f9b5ec309b8bcdb03ea7ef502d6f8f9fb,Writable mount,readdir,100,214,302,394
23fccf6f9b5ec309b8bcdb03ea7ef502d6f8f9fb,Writable mount,create_scratch,100,41,100,1631
23fccf6f9b5ec309b8bcdb03ea7ef502d6f8f9fb,Writable mount,seq_read,100,45,129,6162
23fccf6f9b5ec309b8bcdb03ea7ef502d6f8f9fb,Writable mount,create+close+unlink,100,6,52,75
23fccf6f9b5ec309b8bcdb03ea7ef502d6f8f9fb,Writable mount,mkdir+rmdir,100,12,48,1885
23fccf6f9b5ec309b8bcdb03ea7ef502d6f8f9fb,Writable mount,create+close+rename,100,10,54,83
23fccf6f9b5ec309b8bcdb03ea7ef502d6f8f9fb,Writable mount,write+flush,100,24,69,1355
23fccf6f9b5ec309b8bcdb03ea7ef502d6f8f9fb,VM setup,ramfs_load,5,16680,16697,16697
23fccf6f9b5ec309b8bcdb03ea7ef502d6f8f9fb,Read-only mount,protocol,100,375,412,565
23fccf6f9b5ec309b8bcdb03ea7ef502d6f8f9fb,Read-only mount,stat,100,211,320,441
23fccf6f9b5ec309b8bcdb03ea7ef502d6f8f9fb,Read-only mount,open+close,100,219,353,503
23fccf6f9b5ec309b8bcdb03ea7ef502d6f8f9fb,Read-only mount,readdir,100,217,317,430
23fccf6f9b5ec309b8bcdb03ea7ef502d6f8f9fb,Read-only mount,seq_read,100,49,150,6869
427f07df7a0b6286880ff95b833c27168500598c,VM setup,ramfs_load,10,16651,16757,16757
427f07df7a0b6286880ff95b833c27168500598c,Writable mount,protocol,100,340,369,386
427f07df7a0b6286880ff95b833c27168500598c,Writable mount,stat,100,219,333,438
427f07df7a0b6286880ff95b833c27168500598c,Writable mount,open+close,100,221,292,406
427f07df7a0b6286880ff95b833c27168500598c,Writable mount,readdir,100,219,308,461
427f07df7a0b6286880ff95b833c27168500598c,Writable mount,create_scratch,100,43,106,1749
427f07df7a0b6286880ff95b833c27168500598c,Writable mount,seq_read,100,44,163,6113
427f07df7a0b6286880ff95b833c27168500598c,Writable mount,create+close+unlink,100,9,51,67
427f07df7a0b6286880ff95b833c27168500598c,Writable mount,mkdir+rmdir,100,7,54,13620
427f07df7a0b6286880ff95b833c27168500598c,Writable mount,create+close+rename,100,12,53,67
427f07df7a0b6286880ff95b833c27168500598c,Writable mount,write+flush,100,25,74,1447
427f07df7a0b6286880ff95b833c27168500598c,VM setup,ramfs_load,5,16645,16699,16699
427f07df7a0b6286880ff95b833c27168500598c,Read-only mount,protocol,100,319,358,384
427f07df7a0b6286880ff95b833c27168500598c,Read-only mount,stat,100,210,291,460
427f07df7a0b6286880ff95b833c27168500598c,Read-only mount,open+close,100,223,313,430
427f07df7a0b6286880ff95b833c27168500598c,Read-only mount,readdir,100,220,335,471
427f07df7a0b6286880ff95b833c27168500598c,Read-only mount,seq_read,100,34,146,6135
38712533fec9b1c443405d397f3b362ef90d2842,VM setup,ramfs_load,10,16685,16756,16756
38712533fec9b1c443405d397f3b362ef90d2842,Writable mount,protocol,100,300,337,359
38712533fec9b1c443405d397f3b362ef90d2842,Writable mount,stat,100,212,335,589
38712533fec9b1c443405d397f3b362ef90d2842,Writable mount,open+close,100,219,306,402
38712533fec9b1c443405d397f3b362ef90d2842,Writable mount,readdir,100,215,342,391
38712533fec9b1c443405d397f3b362ef90d2842,Writable mount,create_scratch,100,49,90,1415
38712533fec9b1c443405d397f3b362ef90d2842,Writable mount,seq_read,100,37,177,6254
38712533fec9b1c443405d397f3b362ef90d2842,Writable mount,create+close+unlink,100,6,65,103
38712533fec9b1c443405d397f3b362ef90d2842,Writable mount,mkdir+rmdir,100,16,54,15408
38712533fec9b1c443405d397f3b362ef90d2842,Writable mount,create+close+rename,100,13,77,253
38712533fec9b1c443405d397f3b362ef90d2842,Writable mount,write+flush,100,23,86,1434
38712533fec9b1c443405d397f3b362ef90d2842,VM setup,ramfs_load,5,16681,16699,16699
38712533fec9b1c443405d397f3b362ef90d2842,Read-only mount,protocol,100,320,370,416
38712533fec9b1c443405d397f3b362ef90d2842,Read-only mount,stat,100,212,327,387
38712533fec9b1c443405d397f3b362ef90d2842,Read-only mount,open+close,100,221,313,439
38712533fec9b1c443405d397f3b362ef90d2842,Read-only mount,readdir,100,222,336,393
38712533fec9b1c443405d397f3b362ef90d2842,Read-only mount,seq_read,100,41,162,6349
248de1258cac6de6430f232cf8f0f750659c03f8,VM setup,ramfs_load,10,16623,16674,16674
248de1258cac6de6430f232cf8f0f750659c03f8,Writable mount,protocol,100,323,342,353
248de1258cac6de6430f232cf8f0f750659c03f8,Writable mount,stat,100,214,312,415
248de1258cac6de6430f232cf8f0f750659c03f8,Writable mount,open+close,100,206,323,500
248de1258cac6de6430f232cf8f0f750659c03f8,Writable mount,readdir,100,220,330,438
248de1258cac6de6430f232cf8f0f750659c03f8,Writable mount,create_scratch,100,53,119,1523
248de1258cac6de6430f232cf8f0f750659c03f8,Writable mount,seq_read,100,41,172,6186
248de1258cac6de6430f232cf8f0f750659c03f8,Writable mount,create+close+unlink,100,0,52,66
248de1258cac6de6430f232cf8f0f750659c03f8,Writable mount,mkdir+rmdir,100,8,42,5936
248de1258cac6de6430f232cf8f0f750659c03f8,Writable mount,create+close+rename,100,10,59,74
248de1258cac6de6430f232cf8f0f750659c03f8,Writable mount,write+flush,100,25,93,1556
248de1258cac6de6430f232cf8f0f750659c03f8,VM setup,ramfs_load,5,16608,16630,16630
248de1258cac6de6430f232cf8f0f750659c03f8,Read-only mount,protocol,100,361,398,421
248de1258cac6de6430f232cf8f0f750659c03f8,Read-only mount,stat,100,204,331,495
248de1258cac6de6430f232cf8f0f750659c03f8,Read-only mount,open+close,100,211,300,431
248de1258cac6de6430f232cf8f0f750659c03f8,Read-only mount,readdir,100,213,298,413
248de1258cac6de6430f232cf8f0f750659c03f8,Read-only mount,seq_read,100,46,156,5486
976fdf549395b627f76d3b983ae671fdff644680,VM setup,ramfs_load,10,16646,16876,16876
976fdf549395b627f76d3b983ae671fdff644680,Writable mount,protocol,100,322,351,365
976fdf549395b627f76d3b983ae671fdff644680,Writable mount,stat,100,206,303,410
976fdf549395b627f76d3b983ae671fdff644680,Writable mount,open+close,100,210,319,420
976fdf549395b627f76d3b983ae671fdff644680,Writable mount,readdir,100,215,304,430
976fdf549395b627f76d3b983ae671fdff644680,Writable mount,create_scratch,100,38,104,1639
976fdf549395b627f76d3b983ae671fdff644680,Writable mount,seq_read,100,44,161,5664
976fdf549395b627f76d3b983ae671fdff644680,Writable mount,create+close+unlink,100,6,57,123
976fdf549395b627f76d3b983ae671fdff644680,Writable mount,mkdir+rmdir,100,13,214,21116
976fdf549395b627f76d3b983ae671fdff644680,Writable mount,create+close+rename,100,8,62,92
976fdf549395b627f76d3b983ae671fdff644680,Writable mount,write+flush,100,22,61,1379
976fdf549395b627f76d3b983ae671fdff644680,VM setup,ramfs_load,5,16654,16675,16675
976fdf549395b627f76d3b983ae671fdff644680,Read-only mount,protocol,100,326,381,407
976fdf549395b627f76d3b983ae671fdff644680,Read-only mount,stat,100,209,349,903
976fdf549395b627f76d3b983ae671fdff644680,Read-only mount,open+close,100,214,285,373
976fdf549395b627f76d3b983ae671fdff644680,Read-only mount,readdir,100,232,324,1017
976fdf549395b627f76d3b983ae671fdff644680,Read-only mount,seq_read,100,46,183,5664
5179f753c5ce94361b1f903bf74a3fb479148c7d,VM setup,ramfs_load,10,16661,16995,16995
5179f753c5ce94361b1f903bf74a3fb479148c7d,Writable mount,protocol,100,361,389,400
5179f753c5ce94361b1f903bf74a3fb479148c7d,Writable mount,stat,100,209,323,422
5179f753c5ce94361b1f903bf74a3fb479148c7d,Writable mount,open+close,100,228,307,486
5179f753c5ce94361b1f903bf74a3fb479148c7d,Writable mount,readdir,100,215,339,472
5179f753c5ce94361b1f903bf74a3fb479148c7d,Writable mount,create_scratch,100,44,95,1489
5179f753c5ce94361b1f903bf74a3fb479148c7d,Writable mount,seq_read,100,34,118,6123
5179f753c5ce94361b1f903bf74a3fb479148c7d,Writable mount,create+close+unlink,100,12,61,80
5179f753c5ce94361b1f903bf74a3fb479148c7d,Writable mount,mkdir+rmdir,100,13,55,21848
5179f753c5ce94361b1f903bf74a3fb479148c7d,Writable mount,create+close+rename,100,12,51,85
5179f753c5ce94361b1f903bf74a3fb479148c7d,Writable mount,write+flush,100,27,78,1364
5179f753c5ce94361b1f903bf74a3fb479148c7d,VM setup,ramfs_load,5,16642,16653,16653
5179f753c5ce94361b1f903bf74a3fb479148c7d,Read-only mount,protocol,100,317,379,436
5179f753c5ce94361b1f903bf74a3fb479148c7d,Read-only mount,stat,100,212,311,372
5179f753c5ce94361b1f903bf74a3fb479148c7d,Read-only mount,open+close,100,213,311,412
5179f753c5ce94361b1f903bf74a3fb479148c7d,Read-only mount,readdir,100,216,311,406
5179f753c5ce94361b1f903bf74a3fb479148c7d,Read-only mount,seq_read,100,38,141,6215
242c1e5e7d9f88f2c0e06a9fb03980bcf0c804fc,VM setup,ramfs_load,10,16654,17023,17023
242c1e5e7d9f88f2c0e06a9fb03980bcf0c804fc,Writable mount,protocol,100,362,401,413
242c1e5e7d9f88f2c0e06a9fb03980bcf0c804fc,Writable mount,stat,100,221,329,437
242c1e5e7d9f88f2c0e06a9fb03980bcf0c804fc,Writable mount,open+close,100,222,297,434
242c1e5e7d9f88f2c0e06a9fb03980bcf0c804fc,Writable mount,readdir,100,232,333,407
242c1e5e7d9f88f2c0e06a9fb03980bcf0c804fc,Writable mount,create_scratch,100,45,95,1655
242c1e5e7d9f88f2c0e06a9fb03980bcf0c804fc,Writable mount,seq_read,100,45,169,6202
242c1e5e7d9f88f2c0e06a9fb03980bcf0c804fc,Writable mount,create+close+unlink,100,11,47,83
242c1e5e7d9f88f2c0e06a9fb03980bcf0c804fc,Writable mount,mkdir+rmdir,100,9,64,20792
242c1e5e7d9f88f2c0e06a9fb03980bcf0c804fc,Writable mount,create+close+rename,100,13,56,104
242c1e5e7d9f88f2c0e06a9fb03980bcf0c804fc,Writable mount,write+flush,100,23,81,1334
242c1e5e7d9f88f2c0e06a9fb03980bcf0c804fc,VM setup,ramfs_load,5,16632,17028,17028
242c1e5e7d9f88f2c0e06a9fb03980bcf0c804fc,Read-only mount,protocol,100,351,448,454
242c1e5e7d9f88f2c0e06a9fb03980bcf0c804fc,Read-only mount,stat,100,210,322,443
242c1e5e7d9f88f2c0e06a9fb03980bcf0c804fc,Read-only mount,open+close,100,214,308,350
242c1e5e7d9f88f2c0e06a9fb03980bcf0c804fc,Read-only mount,readdir,100,216,315,554
242c1e5e7d9f88f2c0e06a9fb03980bcf0c804fc,Read-only mount,seq_read,100,47,130,6395
bbc2dc96d48ebdbd2b81298658400d6b44f964d3,VM setup,ramfs_load,10,16640,16701,16701
bbc2dc96d48ebdbd2b81298658400d6b44f964d3,Writable mount,protocol,100,321,364,385
bbc2dc96d48ebdbd2b81298658400d6b44f964d3,Writable mount,stat,100,208,329,451
bbc2dc96d48ebdbd2b81298658400d6b44f964d3,Writable mount,open+close,100,219,322,439
bbc2dc96d48ebdbd2b81298658400d6b44f964d3,Writable mount,readdir,100,206,292,367
bbc2dc96d48ebdbd2b81298658400d6b44f964d3,Writable mount,create_scratch,100,43,109,1427
bbc2dc96d48ebdbd2b81298658400d6b44f964d3,Writable mount,seq_read,100,52,156,5504
bbc2dc96d48ebdbd2b81298658400d6b44f964d3,Writable mount,create+close+unlink,100,9,73,108
bbc2dc96d48ebdbd2b81298658400d6b44f964d3,Writable mount,mkdir+rmdir,100,11,76,6299
bbc2dc96d48ebdbd2b81298658400d6b44f964d3,Writable mount,create+close+rename,100,19,74,112
bbc2dc96d48ebdbd2b81298658400d6b44f964d3,Writable mount,write+flush,100,21,78,1514
bbc2dc96d48ebdbd2b81298658400d6b44f964d3,VM setup,ramfs_load,5,16652,16662,16662
bbc2dc96d48ebdbd2b81298658400d6b44f964d3,Read-only mount,protocol,100,348,390,414
bbc2dc96d48ebdbd2b81298658400d6b44f964d3,Read-only mount,stat,100,198,297,461
bbc2dc96d48ebdbd2b81298658400d6b44f964d3,Read-only mount,open+close,100,205,283,372
bbc2dc96d48ebdbd2b81298658400d6b44f964d3,Read-only mount,readdir,100,222,350,373
bbc2dc96d48ebdbd2b81298658400d6b44f964d3,Read-only mount,seq_read,100,48,141,5453
b4e00cccaa76290a9e0b47f8bd2550690117e7c4,VM setup,ramfs_load,10,17041,17101,17101
b4e00cccaa76290a9e0b47f8bd2550690117e7c4,Writable mount,protocol,100,336,374,399
b4e00cccaa76290a9e0b47f8bd2550690117e7c4,Writable mount,stat,100,222,364,4647
b4e00cccaa76290a9e0b47f8bd2550690117e7c4,Writable mount,open+close,100,223,311,491
b4e00cccaa76290a9e0b47f8bd2550690117e7c4,Writable mount,readdir,100,221,314,378
b4e00cccaa76290a9e0b47f8bd2550690117e7c4,Writable mount,create_scratch,100,41,76,1455
b4e00cccaa76290a9e0b47f8bd2550690117e7c4,Writable mount,seq_read,100,38,141,6123
b4e00cccaa76290a9e0b47f8bd2550690117e7c4,Writable mount,create+close+unlink,100,5,52,77
b4e00cccaa76290a9e0b47f8bd2550690117e7c4,Writable mount,mkdir+rmdir,100,12,76,20460
b4e00cccaa76290a9e0b47f8bd2550690117e7c4,Writable mount,create+close+rename,100,13,62,98
b4e00cccaa76290a9e0b47f8bd2550690117e7c4,Writable mount,write+flush,100,25,78,1485
b4e00cccaa76290a9e0b47f8bd2550690117e7c4,VM setup,ramfs_load,5,17039,17056,17056
b4e00cccaa76290a9e0b47f8bd2550690117e7c4,Read-only mount,protocol,100,330,414,481
b4e00cccaa76290a9e0b47f8bd2550690117e7c4,Read-only mount,stat,100,211,304,884
b4e00cccaa76290a9e0b47f8bd2550690117e7c4,Read-only mount,open+close,100,198,274,411
b4e00cccaa76290a9e0b47f8bd2550690117e7c4,Read-only mount,readdir,100,212,318,463
b4e00cccaa76290a9e0b47f8bd2550690117e7c4,Read-only mount,seq_read,100,40,177,6112
74a22c34a9eff75856782126adc7c6d8514fd927,VM setup,ramfs_load,10,16678,16740,16740
74a22c34a9eff75856782126adc7c6d8514fd927,Writable mount,protocol,100,310,343,360
74a22c34a9eff75856782126adc7c6d8514fd927,Writable mount,stat,100,215,317,417
74a22c34a9eff75856782126adc7c6d8514fd927,Writable mount,open+close,100,208,289,445
74a22c34a9eff75856782126adc7c6d8514fd927,Writable mount,readdir,100,213,276,335
74a22c34a9eff75856782126adc7c6d8514fd927,Writable mount,create_scratch,100,43,94,1535
74a22c34a9eff75856782126adc7c6d8514fd927,Writable mount,seq_read,100,60,135,6116
74a22c34a9eff75856782126adc7c6d8514fd927,Writable mount,create+close+unlink,100,11,62,99
74a22c34a9eff75856782126adc7c6d8514fd927,Writable mount,mkdir+rmdir,100,14,76,6670
74a22c34a9eff75856782126adc7c6d8514fd927,Writable mount,create+close+rename,100,12,62,84
74a22c34a9eff75856782126adc7c6d8514fd927,Writable mount,write+flush,100,24,65,1820
74a22c34a9eff75856782126adc7c6d8514fd927,VM setup,ramfs_load,5,16668,16687,16687
74a22c34a9eff75856782126adc7c6d8514fd927,Read-only mount,protocol,100,321,373,404
74a22c34a9eff75856782126adc7c6d8514fd927,Read-only mount,stat,100,209,319,452
74a22c34a9eff75856782126adc7c6d8514fd927,Read-only mount,open+close,100,209,290,421
74a22c34a9eff75856782126adc7c6d8514fd927,Read-only mount,readdir,100,215,331,407
74a22c34a9eff75856782126adc7c6d8514fd927,Read-only mount,seq_read,100,41,173,5600
6171adfdefc73b94605f576000f4fcf338dc42c1,VM setup,ramfs_load,10,16642,16676,16676
6171adfdefc73b94605f576000f4fcf338dc42c1,Writable mount,protocol,100,321,354,362
6171adfdefc73b94605f576000f4fcf338dc42c1,Writable mount,stat,100,217,312,373
6171adfdefc73b94605f576000f4fcf338dc42c1,Writable mount,open+close,100,579,704,852
6171adfdefc73b94605f576000f4fcf338dc42c1,Writable mount,readdir,100,211,341,365
6171adfdefc73b94605f576000f4fcf338dc42c1,Writable mount,create_scratch,100,47,94,1662
6171adfdefc73b94605f576000f4fcf338dc42c1,Writable mount,seq_read,100,43,374,5718
6171adfdefc73b94605f576000f4fcf338dc42c1,Writable mount,create+close+unlink,100,6,75,16512
6171adfdefc73b94605f576000f4fcf338dc42c1,Writable mount,mkdir+rmdir,100,11,59,80
6171adfdefc73b94605f576000f4fcf338dc42c1,Writable mount,create+close+rename,100,12,55,74
6171adfdefc73b94605f576000f4fcf338dc42c1,Writable mount,write+flush,100,23,71,1529
6171adfdefc73b94605f576000f4fcf338dc42c1,VM setup,ramfs_load,5,16625,16670,16670
6171adfdefc73b94605f576000f4fcf338dc42c1,Read-only mount,protocol,100,365,414,459
6171adfdefc73b94605f576000f4fcf338dc42c1,Read-only mount,stat,100,214,318,558
6171adfdefc73b94605f576000f4fcf338dc42c1,Read-only mount,open+close,100,573,692,812
6171adfdefc73b94605f576000f4fcf338dc42c1,Read-only mount,readdir,100,219,330,545
6171adfdefc73b94605f576000f4fcf338dc42c1,Read-only mount,seq_read,100,49,369,5299
9a4376b96413060c8fd0441bbd121d1ad73e07b6,VM setup,ramfs_load,10,16649,16685,16685
9a4376b96413060c8fd0441bbd121d1ad73e07b6,Writable mount,protocol,100,326,359,911
9a4376b96413060c8fd0441bbd121d1ad73e07b6,Writable mount,stat,100,215,333,455
9a4376b96413060c8fd0441bbd121d1ad73e07b6,Writable mount,open+close,100,570,683,759
9a4376b96413060c8fd0441bbd121d1ad73e07b6,Writable mount,readdir,100,219,301,416
9a4376b96413060c8fd0441bbd121d1ad73e07b6,Writable mount,create_scratch,100,43,96,1389
9a4376b96413060c8fd0441bbd121d1ad73e07b6,Writable mount,seq_read,100,49,373,6085
9a4376b96413060c8fd0441bbd121d1ad73e07b6,Writable mount,create+close+unlink,100,8,46,31141
9a4376b96413060c8fd0441bbd121d1ad73e07b6,Writable mount,mkdir+rmdir,100,13,68,123
9a4376b96413060c8fd0441bbd121d1ad73e07b6,Writable mount,create+close+rename,100,17,74,932
9a4376b96413060c8fd0441bbd121d1ad73e07b6,Writable mount,write+flush,100,32,77,1405
9a4376b96413060c8fd0441bbd121d1ad73e07b6,VM setup,ramfs_load,5,16647,16677,16677
9a4376b96413060c8fd0441bbd121d1ad73e07b6,Read-only mount,protocol,100,326,389,490
9a4376b96413060c8fd0441bbd121d1ad73e07b6,Read-only mount,stat,100,223,340,456
9a4376b96413060c8fd0441bbd121d1ad73e07b6,Read-only mount,open+close,100,577,662,775
9a4376b96413060c8fd0441bbd121d1ad73e07b6,Read-only mount,readdir,100,213,339,562
9a4376b96413060c8fd0441bbd121d1ad73e07b6,Read-only mount,seq_read,100,44,388,6253
95aba6616d5cd5d3d8a371dad1787699ccc7d78a,VM setup,ramfs_load,10,16662,16810,16810
95aba6616d5cd5d3d8a371dad1787699ccc7d78a,Writable mount,protocol,100,351,403,441
95aba6616d5cd5d3d8a371dad1787699ccc7d78a,Writable mount,stat,100,220,334,425
95aba6616d5cd5d3d8a371dad1787699ccc7d78a,Writable mount,open+close,100,582,695,828
95aba6616d5cd5d3d8a371dad1787699ccc7d78a,Writable mount,readdir,100,221,312,402
95aba6616d5cd5d3d8a371dad1787699ccc7d78a,Writable mount,create_scratch,100,49,104,1423
95aba6616d5cd5d3d8a371dad1787699ccc7d78a,Writable mount,seq_read,100,48,441,6194
95aba6616d5cd5d3d8a371dad1787699ccc7d78a,Writable mount,create+close+unlink,100,12,65,27599
95aba6616d5cd5d3d8a371dad1787699ccc7d78a,Writable mount,mkdir+rmdir,100,12,56,70
95aba6616d5cd5d3d8a371dad1787699ccc7d78a,Writable mount,create+close+rename,100,11,59,81
95aba6616d5cd5d3d8a371dad1787699ccc7d78a,Writable mount,write+flush,100,23,64,1406
95aba6616d5cd5d3d8a371dad1787699ccc7d78a,VM setup,ramfs_load,5,16661,16702,16702
95aba6616d5cd5d3d8a371dad1787699ccc7d78a,Read-only mount,protocol,100,359,424,447
95aba6616d5cd5d3d8a371dad1787699ccc7d78a,Read-only mount,stat,100,209,327,3945
95aba6616d5cd5d3d8a371dad1787699ccc7d78a,Read-only mount,open+close,100,579,673,781
95aba6616d5cd5d3d8a371dad1787699ccc7d78a,Read-only mount,readdir,100,228,324,441
95aba6616d5cd5d3d8a371dad1787699ccc7d78a,Read-only mount,seq_read,100,65,365,6136
aa0dcf46dcfd0835137c073cd96bcc648e66b724,VM setup,ramfs_load,10,16654,16693,16693
aa0dcf46dcfd0835137c073cd96bcc648e66b724,Writable mount,protocol,100,348,387,405
aa0dcf46dcfd0835137c073cd96bcc648e66b724,Writable mount,stat,100,219,319,427
aa0dcf46dcfd0835137c073cd96bcc648e66b724,Writable mount,open+close,100,574,669,789
aa0dcf46dcfd0835137c073cd96bcc648e66b724,Writable mount,readdir,100,221,331,430
aa0dcf46dcfd0835137c073cd96bcc648e66b724,Writable mount,create_scratch,100,45,97,1428
aa0dcf46dcfd0835137c073cd96bcc648e66b724,Writable mount,seq_read,100,55,404,5798
aa0dcf46dcfd0835137c073cd96bcc648e66b724,Writable mount,create+close+unlink,100,3,68,9411
aa0dcf46dcfd0835137c073cd96bcc648e66b724,Writable mount,mkdir+rmdir,100,17,64,108
aa0dcf46dcfd0835137c073cd96bcc648e66b724,Writable mount,create+close+rename,100,13,60,79
aa0dcf46dcfd0835137c073cd96bcc648e66b724,Writable mount,write+flush,100,22,62,1590
aa0dcf46dcfd0835137c073cd96bcc648e66b724,VM setup,ramfs_load,5,16646,16663,16663
aa0dcf46dcfd0835137c073cd96bcc648e66b724,Read-only mount,protocol,100,335,383,405
aa0dcf46dcfd0835137c073cd96bcc648e66b724,Read-only mount,stat,100,209,326,398
aa0dcf46dcfd0835137c073cd96bcc648e66b724,Read-only mount,open+close,100,561,683,784
aa0dcf46dcfd0835137c073cd96bcc648e66b724,Read-only mount,readdir,100,216,359,2345
aa0dcf46dcfd0835137c073cd96bcc648e66b724,Read-only mount,seq_read,100,31,361,5772
6ee8a8dc730e3855d0082a2b01740c0370ae0d76,VM setup,ramfs_load,10,16649,16670,16670
6ee8a8dc730e3855d0082a2b01740c0370ae0d76,Writable mount,protocol,100,332,364,368
6ee8a8dc730e3855d0082a2b01740c0370ae0d76,Writable mount,stat,100,216,357,430
6ee8a8dc730e3855d0082a2b01740c0370ae0d76,Writable mount,open+close,100,580,710,837
6ee8a8dc730e3855d0082a2b01740c0370ae0d76,Writable mount,readdir,100,221,298,420
6ee8a8dc730e3855d0082a2b01740c0370ae0d76,Writable mount,create_scratch,100,45,121,1688
6ee8a8dc730e3855d0082a2b01740c0370ae0d76,Writable mount,seq_read,100,47,386,5128
6ee8a8dc730e3855d0082a2b01740c0370ae0d76,Writable mount,create+close+unlink,100,1,47,86
6ee8a8dc730e3855d0082a2b01740c0370ae0d76,Writable mount,mkdir+rmdir,100,11,66,86
6ee8a8dc730e3855d0082a2b01740c0370ae0d76,Writable mount,create+close+rename,100,10,52,74
6ee8a8dc730e3855d0082a2b01740c0370ae0d76,Writable mount,write+flush,100,30,74,1431
6ee8a8dc730e3855d0082a2b01740c0370ae0d76,VM setup,ramfs_load,5,16652,16658,16658
6ee8a8dc730e3855d0082a2b01740c0370ae0d76,Read-only mount,protocol,100,325,370,382
6ee8a8dc730e3855d0082a2b01740c0370ae0d76,Read-only mount,stat,100,216,313,409
6ee8a8dc730e3855d0082a2b01740c0370ae0d76,Read-only mount,open+close,100,567,674,930
6ee8a8dc730e3855d0082a2b01740c0370ae0d76,Read-only mount,readdir,100,210,330,420
6ee8a8dc730e3855d0082a2b01740c0370ae0d76,Read-only mount,seq_read,100,50,359,6500
682e891ef102b62e7bb856883bbe5fb3ac490731,VM setup,ramfs_load,10,16756,16795,16795
682e891ef102b62e7bb856883bbe5fb3ac490731,Writable mount,protocol,100,324,359,365
682e891ef102b62e7bb856883bbe5fb3ac490731,Writable mount,stat,100,214,329,440
682e891ef102b62e7bb856883bbe5fb3ac490731,Writable mount,open+close,100,574,711,825
682e891ef102b62e7bb856883bbe5fb3ac490731,Writable mount,readdir,100,240,323,413
682e891ef102b62e7bb856883bbe5fb3ac490731,Writable mount,create_scratch,100,44,96,1614
682e891ef102b62e7bb856883bbe5fb3ac490731,Writable mount,seq_read,100,44,367,5296
682e891ef102b62e7bb856883bbe5fb3ac490731,Writable mount,create+close+unlink,100,8,90,4913
682e891ef102b62e7bb856883bbe5fb3ac490731,Writable mount,mkdir+rmdir,100,12,65,1972
682e891ef102b62e7bb856883bbe5fb3ac490731,Writable mount,create+close+rename,100,14,57,103
682e891ef102b62e7bb856883bbe5fb3ac490731,Writable mount,write+flush,100,26,77,1358
682e891ef102b62e7bb856883bbe5fb3ac490731,VM setup,ramfs_load,5,16757,17168,17168
682e891ef102b62e7bb856883bbe5fb3ac490731,Read-only mount,protocol,100,341,394,413
682e891ef102b62e7bb856883bbe5fb3ac490731,Read-only mount,stat,100,221,383,409
682e891ef102b62e7bb856883bbe5fb3ac490731,Read-only mount,open+close,100,565,671,751
682e891ef102b62e7bb856883bbe5fb3ac490731,Read-only mount,readdir,100,220,336,2113
682e891ef102b62e7bb856883bbe5fb3ac490731,Read-only mount,seq_read,100,49,411,6184
43ca1e458a0d0d92d1d68ef2fea1fef1d102cd35,VM setup,ramfs_load,10,16669,16729,16729
43ca1e458a0d0d92d1d68ef2fea1fef1d102cd35,Writable mount,protocol,100,342,374,468
43ca1e458a0d0d92d1d68ef2fea1fef1d102cd35,Writable mount,stat,100,218,336,480
43ca1e458a0d0d92d1d68ef2fea1fef1d102cd35,Writable mount,open+close,100,584,703,833
43ca1e458a0d0d92d1d68ef2fea1fef1d102cd35,Writable mount,readdir,100,220,303,425
43ca1e458a0d0d92d1d68ef2fea1fef1d102cd35,Writable mount,create_scratch,100,44,100,1681
43ca1e458a0d0d92d1d68ef2fea1fef1d102cd35,Writable mount,seq_read,100,54,359,5920
43ca1e458a0d0d92d1d68ef2fea1fef1d102cd35,Writable mount,create+close+unlink,100,9,57,1748
43ca1e458a0d0d92d1d68ef2fea1fef1d102cd35,Writable mount,mkdir+rmdir,100,9,50,74
43ca1e458a0d0d92d1d68ef2fea1fef1d102cd35,Writable mount,create+close+rename,100,10,54,83
43ca1e458a0d0d92d1d68ef2fea1fef1d102cd35,Writable mount,write+flush,100,25,74,1658
43ca1e458a0d0d92d1d68ef2fea1fef1d102cd35,VM setup,ramfs_load,5,16674,16698,16698
43ca1e458a0d0d92d1d68ef2fea1fef1d102cd35,Read-only mount,protocol,100,321,367,405
43ca1e458a0d0d92d1d68ef2fea1fef1d102cd35,Read-only mount,stat,100,220,319,421
43ca1e458a0d0d92d1d68ef2fea1fef1d102cd35,Read-only mount,open+close,100,556,670,812
43ca1e458a0d0d92d1d68ef2fea1fef1d102cd35,Read-only mount,readdir,100,215,332,700
43ca1e458a0d0d92d1d68ef2fea1fef1d102cd35,Read-only mount,seq_read,100,40,354,5750
ae05b8d6009595d84f5a1e41272e3ab52ac24c25,VM setup,ramfs_load,10,16672,16686,16686
ae05b8d6009595d84f5a1e41272e3ab52ac24c25,Writable mount,protocol,100,318,343,354
ae05b8d6009595d84f5a1e41272e3ab52ac24c25,Writable mount,stat,100,223,365,515
ae05b8d6009595d84f5a1e41272e3ab52ac24c25,Writable mount,open+close,100,586,704,795
ae05b8d6009595d84f5a1e41272e3ab52ac24c25,Writable mount,readdir,100,223,323,380
ae05b8d6009595d84f5a1e41272e3ab52ac24c25,Writable mount,create_scratch,100,42,119,1639
ae05b8d6009595d84f5a1e41272e3ab52ac24c25,Writable mount,seq_read,100,36,359,5661
ae05b8d6009595d84f5a1e41272e3ab52ac24c25,Writable mount,create+close+unlink,100,12,71,11659
ae05b8d6009595d84f5a1e41272e3ab52ac24c25,Writable mount,mkdir+rmdir,100,9,46,85
ae05b8d6009595d84f5a1e41272e3ab52ac24c25,Writable mount,create+close+rename,100,14,50,2372
ae05b8d6009595d84f5a1e41272e3ab52ac24c25,Writable mount,write+flush,100,23,64,1422
ae05b8d6009595d84f5a1e41272e3ab52ac24c25,VM setup,ramfs_load,5,16654,16668,16668
ae05b8d6009595d84f5a1e41272e3ab52ac24c25,Read-only mount,protocol,100,348,382,590
ae05b8d6009595d84f5a1e41272e3ab52ac24c25,Read-only mount,stat,100,210,296,466
ae05b8d6009595d84f5a1e41272e3ab52ac24c25,Read-only mount,open+close,100,571,672,799
ae05b8d6009595d84f5a1e41272e3ab52ac24c25,Read-only mount,readdir,100,214,339,528
ae05b8d6009595d84f5a1e41272e3ab52ac24c25,Read-only mount,seq_read,100,43,385,5298
a5c69b899200c8dd7957e840866c94685bc103ad,VM setup,ramfs_load,10,16669,16715,16715
a5c69b899200c8dd7957e840866c94685bc103ad,Writable mount,protocol,100,296,312,326
a5c69b899200c8dd7957e840866c94685bc103ad,Writable mount,stat,100,224,331,426
a5c69b899200c8dd7957e840866c94685bc103ad,Writable mount,open+close,100,571,663,825
a5c69b899200c8dd7957e840866c94685bc103ad,Writable mount,readdir,100,211,320,466
a5c69b899200c8dd7957e840866c94685bc103ad,Writable mount,create_scratch,100,43,110,1687
a5c69b899200c8dd7957e840866c94685bc103ad,Writable mount,seq_read,100,50,332,5920
a5c69b899200c8dd7957e840866c94685bc103ad,Writable mount,create+close+unlink,100,10,70,2057
a5c69b899200c8dd7957e840866c94685bc103ad,Writable mount,mkdir+rmdir,100,10,62,70
a5c69b899200c8dd7957e840866c94685bc103ad,Writable mount,create+close+rename,100,14,88,265
a5c69b899200c8dd7957e840866c94685bc103ad,Writable mount,write+flush,100,19,83,1406
a5c69b899200c8dd7957e840866c94685bc103ad,VM setup,ramfs_load,5,16680,16756,16756
a5c69b899200c8dd7957e840866c94685bc103ad,Read-only mount,protocol,100,304,362,731
a5c69b899200c8dd7957e840866c94685bc103ad,Read-only mount,stat,100,221,341,552
a5c69b899200c8dd7957e840866c94685bc103ad,Read-only mount,open+close,100,583,689,812
a5c69b899200c8dd7957e840866c94685bc103ad,Read-only mount,readdir,100,225,382,1212
a5c69b899200c8dd7957e840866c94685bc103ad,Read-only mount,seq_read,100,49,317,5699
