Timestamp: 2026-06-15_18-23-20
Mode: cargo
Crate: sys
Directory: N/A
Module: mm::address
Exit code: 101
0 verified
0 errors

Cheating patterns:
  assume=0
  external_body=0
  admit=0
  trusted=0
  no_decreases=0
  cfg_gate=0

--- Full output ---
   Compiling vstd v0.0.0-2026-06-14-0213 (/tmp/verus-crates/vstd)
    Checking verus_builtin v0.0.0-2026-05-17-0151 (/tmp/verus-crates/builtin)
   Compiling verus_state_machines_macros v0.0.0-2026-06-14-0213 (/tmp/verus-crates/state_machines_macros)
   Compiling verus_builtin_macros v0.0.0-2026-06-14-0213 (/tmp/verus-crates/builtin_macros)
warning: unexpected `cfg` condition name: `verus_verify_core`
 --> /tmp/verus-crates/builtin/src/lib.rs:1:17
  |
1 | #![cfg_attr(not(verus_verify_core), no_std)]
  |                 ^^^^^^^^^^^^^^^^^
  |
  = help: expected names are: `docsrs`, `feature`, and `test` and 31 more
  = help: consider using a Cargo feature instead
  = help: or consider adding in `Cargo.toml` the `check-cfg` lint config for the lint:
           [lints.rust]
           unexpected_cfgs = { level = "warn", check-cfg = ['cfg(verus_verify_core)'] }
  = help: or consider adding `println!("cargo::rustc-check-cfg=cfg(verus_verify_core)");` to the top of the `build.rs`
  = note: see <https://doc.rust-lang.org/nightly/rustc/check-cfg/cargo-specifics.html> for more information about checking conditional configuration
  = note: `#[warn(unexpected_cfgs)]` on by default

warning: unexpected `cfg` condition name: `verus_keep_ghost`
 --> /tmp/verus-crates/builtin/src/lib.rs:4:5
  |
4 |     verus_keep_ghost,
  |     ^^^^^^^^^^^^^^^^
  |
  = help: consider using a Cargo feature instead
  = help: or consider adding in `Cargo.toml` the `check-cfg` lint config for the lint:
           [lints.rust]
           unexpected_cfgs = { level = "warn", check-cfg = ['cfg(verus_keep_ghost)'] }
  = help: or consider adding `println!("cargo::rustc-check-cfg=cfg(verus_keep_ghost)");` to the top of the `build.rs`
  = note: see <https://doc.rust-lang.org/nightly/rustc/check-cfg/cargo-specifics.html> for more information about checking conditional configuration

warning: unexpected `cfg` condition name: `verus_keep_ghost`
  --> /tmp/verus-crates/builtin/src/lib.rs:15:7
   |
15 | #[cfg(verus_keep_ghost)]
   |       ^^^^^^^^^^^^^^^^
   |
   = help: consider using a Cargo feature instead
   = help: or consider adding in `Cargo.toml` the `check-cfg` lint config for the lint:
            [lints.rust]
            unexpected_cfgs = { level = "warn", check-cfg = ['cfg(verus_keep_ghost)'] }
   = help: or consider adding `println!("cargo::rustc-check-cfg=cfg(verus_keep_ghost)");` to the top of the `build.rs`
   = note: see <https://doc.rust-lang.org/nightly/rustc/check-cfg/cargo-specifics.html> for more information about checking conditional configuration

warning: unexpected `cfg` condition name: `verus_keep_ghost`
  --> /tmp/verus-crates/builtin/src/lib.rs:19:7
   |
19 | #[cfg(verus_keep_ghost)]
   |       ^^^^^^^^^^^^^^^^
   |
   = help: consider using a Cargo feature instead
   = help: or consider adding in `Cargo.toml` the `check-cfg` lint config for the lint:
            [lints.rust]
            unexpected_cfgs = { level = "warn", check-cfg = ['cfg(verus_keep_ghost)'] }
   = help: or consider adding `println!("cargo::rustc-check-cfg=cfg(verus_keep_ghost)");` to the top of the `build.rs`
   = note: see <https://doc.rust-lang.org/nightly/rustc/check-cfg/cargo-specifics.html> for more information about checking conditional configuration

warning: unexpected `cfg` condition name: `verus_keep_ghost`
  --> /tmp/verus-crates/builtin/src/lib.rs:27:7
   |
27 | #[cfg(verus_keep_ghost)]
   |       ^^^^^^^^^^^^^^^^
   |
   = help: consider using a Cargo feature instead
   = help: or consider adding in `Cargo.toml` the `check-cfg` lint config for the lint:
            [lints.rust]
            unexpected_cfgs = { level = "warn", check-cfg = ['cfg(verus_keep_ghost)'] }
   = help: or consider adding `println!("cargo::rustc-check-cfg=cfg(verus_keep_ghost)");` to the top of the `build.rs`
   = note: see <https://doc.rust-lang.org/nightly/rustc/check-cfg/cargo-specifics.html> for more information about checking conditional configuration

warning: unexpected `cfg` condition name: `verus_keep_ghost`
  --> /tmp/verus-crates/builtin/src/lib.rs:35:7
   |
35 | #[cfg(verus_keep_ghost)]
   |       ^^^^^^^^^^^^^^^^
   |
   = help: consider using a Cargo feature instead
   = help: or consider adding in `Cargo.toml` the `check-cfg` lint config for the lint:
            [lints.rust]
            unexpected_cfgs = { level = "warn", check-cfg = ['cfg(verus_keep_ghost)'] }
   = help: or consider adding `println!("cargo::rustc-check-cfg=cfg(verus_keep_ghost)");` to the top of the `build.rs`
   = note: see <https://doc.rust-lang.org/nightly/rustc/check-cfg/cargo-specifics.html> for more information about checking conditional configuration

warning: unexpected `cfg` condition name: `verus_keep_ghost`
  --> /tmp/verus-crates/builtin/src/lib.rs:43:7
   |
43 | #[cfg(verus_keep_ghost)]
   |       ^^^^^^^^^^^^^^^^
   |
   = help: consider using a Cargo feature instead
   = help: or consider adding in `Cargo.toml` the `check-cfg` lint config for the lint:
            [lints.rust]
            unexpected_cfgs = { level = "warn", check-cfg = ['cfg(verus_keep_ghost)'] }
   = help: or consider adding `println!("cargo::rustc-check-cfg=cfg(verus_keep_ghost)");` to the top of the `build.rs`
   = note: see <https://doc.rust-lang.org/nightly/rustc/check-cfg/cargo-specifics.html> for more information about checking conditional configuration

warning: unexpected `cfg` condition name: `verus_keep_ghost`
  --> /tmp/verus-crates/builtin/src/lib.rs:51:7
   |
51 | #[cfg(verus_keep_ghost)]
   |       ^^^^^^^^^^^^^^^^
   |
   = help: consider using a Cargo feature instead
   = help: or consider adding in `Cargo.toml` the `check-cfg` lint config for the lint:
            [lints.rust]
            unexpected_cfgs = { level = "warn", check-cfg = ['cfg(verus_keep_ghost)'] }
   = help: or consider adding `println!("cargo::rustc-check-cfg=cfg(verus_keep_ghost)");` to the top of the `build.rs`
   = note: see <https://doc.rust-lang.org/nightly/rustc/check-cfg/cargo-specifics.html> for more information about checking conditional configuration

warning: unexpected `cfg` condition name: `verus_keep_ghost`
  --> /tmp/verus-crates/builtin/src/lib.rs:59:7
   |
59 | #[cfg(verus_keep_ghost)]
   |       ^^^^^^^^^^^^^^^^
   |
   = help: consider using a Cargo feature instead
   = help: or consider adding in `Cargo.toml` the `check-cfg` lint config for the lint:
            [lints.rust]
            unexpected_cfgs = { level = "warn", check-cfg = ['cfg(verus_keep_ghost)'] }
   = help: or consider adding `println!("cargo::rustc-check-cfg=cfg(verus_keep_ghost)");` to the top of the `build.rs`
   = note: see <https://doc.rust-lang.org/nightly/rustc/check-cfg/cargo-specifics.html> for more information about checking conditional configuration

warning: unexpected `cfg` condition name: `verus_keep_ghost`
  --> /tmp/verus-crates/builtin/src/lib.rs:67:7
   |
67 | #[cfg(verus_keep_ghost)]
   |       ^^^^^^^^^^^^^^^^
   |
   = help: consider using a Cargo feature instead
   = help: or consider adding in `Cargo.toml` the `check-cfg` lint config for the lint:
            [lints.rust]
            unexpected_cfgs = { level = "warn", check-cfg = ['cfg(verus_keep_ghost)'] }
   = help: or consider adding `println!("cargo::rustc-check-cfg=cfg(verus_keep_ghost)");` to the top of the `build.rs`
   = note: see <https://doc.rust-lang.org/nightly/rustc/check-cfg/cargo-specifics.html> for more information about checking conditional configuration

warning: unexpected `cfg` condition name: `verus_keep_ghost`
  --> /tmp/verus-crates/builtin/src/lib.rs:75:7
   |
75 | #[cfg(verus_keep_ghost)]
   |       ^^^^^^^^^^^^^^^^
   |
   = help: consider using a Cargo feature instead
   = help: or consider adding in `Cargo.toml` the `check-cfg` lint config for the lint:
            [lints.rust]
            unexpected_cfgs = { level = "warn", check-cfg = ['cfg(verus_keep_ghost)'] }
   = help: or consider adding `println!("cargo::rustc-check-cfg=cfg(verus_keep_ghost)");` to the top of the `build.rs`
   = note: see <https://doc.rust-lang.org/nightly/rustc/check-cfg/cargo-specifics.html> for more information about checking conditional configuration

warning: unexpected `cfg` condition name: `verus_keep_ghost`
  --> /tmp/verus-crates/builtin/src/lib.rs:83:7
   |
83 | #[cfg(verus_keep_ghost)]
   |       ^^^^^^^^^^^^^^^^
   |
   = help: consider using a Cargo feature instead
   = help: or consider adding in `Cargo.toml` the `check-cfg` lint config for the lint:
            [lints.rust]
            unexpected_cfgs = { level = "warn", check-cfg = ['cfg(verus_keep_ghost)'] }
   = help: or consider adding `println!("cargo::rustc-check-cfg=cfg(verus_keep_ghost)");` to the top of the `build.rs`
   = note: see <https://doc.rust-lang.org/nightly/rustc/check-cfg/cargo-specifics.html> for more information about checking conditional configuration

warning: unexpected `cfg` condition name: `verus_keep_ghost`
  --> /tmp/verus-crates/builtin/src/lib.rs:92:7
   |
92 | #[cfg(verus_keep_ghost)]
   |       ^^^^^^^^^^^^^^^^
   |
   = help: consider using a Cargo feature instead
   = help: or consider adding in `Cargo.toml` the `check-cfg` lint config for the lint:
            [lints.rust]
            unexpected_cfgs = { level = "warn", check-cfg = ['cfg(verus_keep_ghost)'] }
   = help: or consider adding `println!("cargo::rustc-check-cfg=cfg(verus_keep_ghost)");` to the top of the `build.rs`
   = note: see <https://doc.rust-lang.org/nightly/rustc/check-cfg/cargo-specifics.html> for more information about checking conditional configuration

warning: unexpected `cfg` condition name: `verus_keep_ghost`
   --> /tmp/verus-crates/builtin/src/lib.rs:100:7
    |
100 | #[cfg(verus_keep_ghost)]
    |       ^^^^^^^^^^^^^^^^
    |
    = help: consider using a Cargo feature instead
    = help: or consider adding in `Cargo.toml` the `check-cfg` lint config for the lint:
             [lints.rust]
             unexpected_cfgs = { level = "warn", check-cfg = ['cfg(verus_keep_ghost)'] }
    = help: or consider adding `println!("cargo::rustc-check-cfg=cfg(verus_keep_ghost)");` to the top of the `build.rs`
    = note: see <https://doc.rust-lang.org/nightly/rustc/check-cfg/cargo-specifics.html> for more information about checking conditional configuration

warning: unexpected `cfg` condition name: `verus_keep_ghost`
   --> /tmp/verus-crates/builtin/src/lib.rs:108:7
    |
108 | #[cfg(verus_keep_ghost)]
    |       ^^^^^^^^^^^^^^^^
    |
    = help: consider using a Cargo feature instead
    = help: or consider adding in `Cargo.toml` the `check-cfg` lint config for the lint:
             [lints.rust]
             unexpected_cfgs = { level = "warn", check-cfg = ['cfg(verus_keep_ghost)'] }
    = help: or consider adding `println!("cargo::rustc-check-cfg=cfg(verus_keep_ghost)");` to the top of the `build.rs`
    = note: see <https://doc.rust-lang.org/nightly/rustc/check-cfg/cargo-specifics.html> for more information about checking conditional configuration

warning: unexpected `cfg` condition name: `verus_keep_ghost`
   --> /tmp/verus-crates/builtin/src/lib.rs:116:7
    |
116 | #[cfg(verus_keep_ghost)]
    |       ^^^^^^^^^^^^^^^^
    |
    = help: consider using a Cargo feature instead
    = help: or consider adding in `Cargo.toml` the `check-cfg` lint config for the lint:
             [lints.rust]
             unexpected_cfgs = { level = "warn", check-cfg = ['cfg(verus_keep_ghost)'] }
    = help: or consider adding `println!("cargo::rustc-check-cfg=cfg(verus_keep_ghost)");` to the top of the `build.rs`
    = note: see <https://doc.rust-lang.org/nightly/rustc/check-cfg/cargo-specifics.html> for more information about checking conditional configuration

warning: unexpected `cfg` condition name: `verus_keep_ghost`
   --> /tmp/verus-crates/builtin/src/lib.rs:124:7
    |
124 | #[cfg(verus_keep_ghost)]
    |       ^^^^^^^^^^^^^^^^
    |
    = help: consider using a Cargo feature instead
    = help: or consider adding in `Cargo.toml` the `check-cfg` lint config for the lint:
             [lints.rust]
             unexpected_cfgs = { level = "warn", check-cfg = ['cfg(verus_keep_ghost)'] }
    = help: or consider adding `println!("cargo::rustc-check-cfg=cfg(verus_keep_ghost)");` to the top of the `build.rs`
    = note: see <https://doc.rust-lang.org/nightly/rustc/check-cfg/cargo-specifics.html> for more information about checking conditional configuration

warning: unexpected `cfg` condition name: `verus_keep_ghost`
   --> /tmp/verus-crates/builtin/src/lib.rs:132:7
    |
132 | #[cfg(verus_keep_ghost)]
    |       ^^^^^^^^^^^^^^^^
    |
    = help: consider using a Cargo feature instead
    = help: or consider adding in `Cargo.toml` the `check-cfg` lint config for the lint:
             [lints.rust]
             unexpected_cfgs = { level = "warn", check-cfg = ['cfg(verus_keep_ghost)'] }
    = help: or consider adding `println!("cargo::rustc-check-cfg=cfg(verus_keep_ghost)");` to the top of the `build.rs`
    = note: see <https://doc.rust-lang.org/nightly/rustc/check-cfg/cargo-specifics.html> for more information about checking conditional configuration

warning: unexpected `cfg` condition name: `verus_keep_ghost`
   --> /tmp/verus-crates/builtin/src/lib.rs:140:7
    |
140 | #[cfg(verus_keep_ghost)]
    |       ^^^^^^^^^^^^^^^^
    |
    = help: consider using a Cargo feature instead
    = help: or consider adding in `Cargo.toml` the `check-cfg` lint config for the lint:
             [lints.rust]
             unexpected_cfgs = { level = "warn", check-cfg = ['cfg(verus_keep_ghost)'] }
    = help: or consider adding `println!("cargo::rustc-check-cfg=cfg(verus_keep_ghost)");` to the top of the `build.rs`
    = note: see <https://doc.rust-lang.org/nightly/rustc/check-cfg/cargo-specifics.html> for more information about checking conditional configuration

warning: unexpected `cfg` condition name: `verus_keep_ghost`
   --> /tmp/verus-crates/builtin/src/lib.rs:148:7
    |
148 | #[cfg(verus_keep_ghost)]
    |       ^^^^^^^^^^^^^^^^
    |
    = help: consider using a Cargo feature instead
    = help: or consider adding in `Cargo.toml` the `check-cfg` lint config for the lint:
             [lints.rust]
             unexpected_cfgs = { level = "warn", check-cfg = ['cfg(verus_keep_ghost)'] }
    = help: or consider adding `println!("cargo::rustc-check-cfg=cfg(verus_keep_ghost)");` to the top of the `build.rs`
    = note: see <https://doc.rust-lang.org/nightly/rustc/check-cfg/cargo-specifics.html> for more information about checking conditional configuration

warning: unexpected `cfg` condition name: `verus_keep_ghost`
   --> /tmp/verus-crates/builtin/src/lib.rs:156:7
    |
156 | #[cfg(verus_keep_ghost)]
    |       ^^^^^^^^^^^^^^^^
    |
    = help: consider using a Cargo feature instead
    = help: or consider adding in `Cargo.toml` the `check-cfg` lint config for the lint:
             [lints.rust]
             unexpected_cfgs = { level = "warn", check-cfg = ['cfg(verus_keep_ghost)'] }
    = help: or consider adding `println!("cargo::rustc-check-cfg=cfg(verus_keep_ghost)");` to the top of the `build.rs`
    = note: see <https://doc.rust-lang.org/nightly/rustc/check-cfg/cargo-specifics.html> for more information about checking conditional configuration

warning: unexpected `cfg` condition name: `verus_keep_ghost`
   --> /tmp/verus-crates/builtin/src/lib.rs:163:7
    |
163 | #[cfg(verus_keep_ghost)]
    |       ^^^^^^^^^^^^^^^^
    |
    = help: consider using a Cargo feature instead
    = help: or consider adding in `Cargo.toml` the `check-cfg` lint config for the lint:
             [lints.rust]
             unexpected_cfgs = { level = "warn", check-cfg = ['cfg(verus_keep_ghost)'] }
    = help: or consider adding `println!("cargo::rustc-check-cfg=cfg(verus_keep_ghost)");` to the top of the `build.rs`
    = note: see <https://doc.rust-lang.org/nightly/rustc/check-cfg/cargo-specifics.html> for more information about checking conditional configuration

warning: unexpected `cfg` condition name: `verus_keep_ghost`
   --> /tmp/verus-crates/builtin/src/lib.rs:170:7
    |
170 | #[cfg(verus_keep_ghost)]
    |       ^^^^^^^^^^^^^^^^
    |
    = help: consider using a Cargo feature instead
    = help: or consider adding in `Cargo.toml` the `check-cfg` lint config for the lint:
             [lints.rust]
             unexpected_cfgs = { level = "warn", check-cfg = ['cfg(verus_keep_ghost)'] }
    = help: or consider adding `println!("cargo::rustc-check-cfg=cfg(verus_keep_ghost)");` to the top of the `build.rs`
    = note: see <https://doc.rust-lang.org/nightly/rustc/check-cfg/cargo-specifics.html> for more information about checking conditional configuration

warning: unexpected `cfg` condition name: `verus_keep_ghost`
   --> /tmp/verus-crates/builtin/src/lib.rs:177:7
    |
177 | #[cfg(verus_keep_ghost)]
    |       ^^^^^^^^^^^^^^^^
    |
    = help: consider using a Cargo feature instead
    = help: or consider adding in `Cargo.toml` the `check-cfg` lint config for the lint:
             [lints.rust]
             unexpected_cfgs = { level = "warn", check-cfg = ['cfg(verus_keep_ghost)'] }
    = help: or consider adding `println!("cargo::rustc-check-cfg=cfg(verus_keep_ghost)");` to the top of the `build.rs`
    = note: see <https://doc.rust-lang.org/nightly/rustc/check-cfg/cargo-specifics.html> for more information about checking conditional configuration

warning: unexpected `cfg` condition name: `verus_keep_ghost`
   --> /tmp/verus-crates/builtin/src/lib.rs:182:7
    |
182 | #[cfg(verus_keep_ghost)]
    |       ^^^^^^^^^^^^^^^^
    |
    = help: consider using a Cargo feature instead
    = help: or consider adding in `Cargo.toml` the `check-cfg` lint config for the lint:
             [lints.rust]
             unexpected_cfgs = { level = "warn", check-cfg = ['cfg(verus_keep_ghost)'] }
    = help: or consider adding `println!("cargo::rustc-check-cfg=cfg(verus_keep_ghost)");` to the top of the `build.rs`
    = note: see <https://doc.rust-lang.org/nightly/rustc/check-cfg/cargo-specifics.html> for more information about checking conditional configuration

warning: unexpected `cfg` condition name: `verus_keep_ghost`
   --> /tmp/verus-crates/builtin/src/lib.rs:190:7
    |
190 | #[cfg(verus_keep_ghost)]
    |       ^^^^^^^^^^^^^^^^
    |
    = help: consider using a Cargo feature instead
    = help: or consider adding in `Cargo.toml` the `check-cfg` lint config for the lint:
             [lints.rust]
             unexpected_cfgs = { level = "warn", check-cfg = ['cfg(verus_keep_ghost)'] }
    = help: or consider adding `println!("cargo::rustc-check-cfg=cfg(verus_keep_ghost)");` to the top of the `build.rs`
    = note: see <https://doc.rust-lang.org/nightly/rustc/check-cfg/cargo-specifics.html> for more information about checking conditional configuration

warning: unexpected `cfg` condition name: `verus_keep_ghost`
   --> /tmp/verus-crates/builtin/src/lib.rs:197:7
    |
197 | #[cfg(verus_keep_ghost)]
    |       ^^^^^^^^^^^^^^^^
    |
    = help: consider using a Cargo feature instead
    = help: or consider adding in `Cargo.toml` the `check-cfg` lint config for the lint:
             [lints.rust]
             unexpected_cfgs = { level = "warn", check-cfg = ['cfg(verus_keep_ghost)'] }
    = help: or consider adding `println!("cargo::rustc-check-cfg=cfg(verus_keep_ghost)");` to the top of the `build.rs`
    = note: see <https://doc.rust-lang.org/nightly/rustc/check-cfg/cargo-specifics.html> for more information about checking conditional configuration

warning: unexpected `cfg` condition name: `verus_keep_ghost`
   --> /tmp/verus-crates/builtin/src/lib.rs:204:7
    |
204 | #[cfg(verus_keep_ghost)]
    |       ^^^^^^^^^^^^^^^^
    |
    = help: consider using a Cargo feature instead
    = help: or consider adding in `Cargo.toml` the `check-cfg` lint config for the lint:
             [lints.rust]
             unexpected_cfgs = { level = "warn", check-cfg = ['cfg(verus_keep_ghost)'] }
    = help: or consider adding `println!("cargo::rustc-check-cfg=cfg(verus_keep_ghost)");` to the top of the `build.rs`
    = note: see <https://doc.rust-lang.org/nightly/rustc/check-cfg/cargo-specifics.html> for more information about checking conditional configuration

warning: unexpected `cfg` condition name: `verus_keep_ghost`
   --> /tmp/verus-crates/builtin/src/lib.rs:211:7
    |
211 | #[cfg(verus_keep_ghost)]
    |       ^^^^^^^^^^^^^^^^
    |
    = help: consider using a Cargo feature instead
    = help: or consider adding in `Cargo.toml` the `check-cfg` lint config for the lint:
             [lints.rust]
             unexpected_cfgs = { level = "warn", check-cfg = ['cfg(verus_keep_ghost)'] }
    = help: or consider adding `println!("cargo::rustc-check-cfg=cfg(verus_keep_ghost)");` to the top of the `build.rs`
    = note: see <https://doc.rust-lang.org/nightly/rustc/check-cfg/cargo-specifics.html> for more information about checking conditional configuration

warning: unexpected `cfg` condition name: `verus_keep_ghost`
   --> /tmp/verus-crates/builtin/src/lib.rs:219:7
    |
219 | #[cfg(verus_keep_ghost)]
    |       ^^^^^^^^^^^^^^^^
    |
    = help: consider using a Cargo feature instead
    = help: or consider adding in `Cargo.toml` the `check-cfg` lint config for the lint:
             [lints.rust]
             unexpected_cfgs = { level = "warn", check-cfg = ['cfg(verus_keep_ghost)'] }
    = help: or consider adding `println!("cargo::rustc-check-cfg=cfg(verus_keep_ghost)");` to the top of the `build.rs`
    = note: see <https://doc.rust-lang.org/nightly/rustc/check-cfg/cargo-specifics.html> for more information about checking conditional configuration

warning: unexpected `cfg` condition name: `verus_keep_ghost`
   --> /tmp/verus-crates/builtin/src/lib.rs:227:7
    |
227 | #[cfg(verus_keep_ghost)]
    |       ^^^^^^^^^^^^^^^^
    |
    = help: consider using a Cargo feature instead
    = help: or consider adding in `Cargo.toml` the `check-cfg` lint config for the lint:
             [lints.rust]
             unexpected_cfgs = { level = "warn", check-cfg = ['cfg(verus_keep_ghost)'] }
    = help: or consider adding `println!("cargo::rustc-check-cfg=cfg(verus_keep_ghost)");` to the top of the `build.rs`
    = note: see <https://doc.rust-lang.org/nightly/rustc/check-cfg/cargo-specifics.html> for more information about checking conditional configuration

warning: unexpected `cfg` condition name: `verus_keep_ghost`
   --> /tmp/verus-crates/builtin/src/lib.rs:237:7
    |
237 | #[cfg(verus_keep_ghost)]
    |       ^^^^^^^^^^^^^^^^
    |
    = help: consider using a Cargo feature instead
    = help: or consider adding in `Cargo.toml` the `check-cfg` lint config for the lint:
             [lints.rust]
             unexpected_cfgs = { level = "warn", check-cfg = ['cfg(verus_keep_ghost)'] }
    = help: or consider adding `println!("cargo::rustc-check-cfg=cfg(verus_keep_ghost)");` to the top of the `build.rs`
    = note: see <https://doc.rust-lang.org/nightly/rustc/check-cfg/cargo-specifics.html> for more information about checking conditional configuration

warning: unexpected `cfg` condition name: `verus_keep_ghost`
   --> /tmp/verus-crates/builtin/src/lib.rs:244:7
    |
244 | #[cfg(verus_keep_ghost)]
    |       ^^^^^^^^^^^^^^^^
    |
    = help: consider using a Cargo feature instead
    = help: or consider adding in `Cargo.toml` the `check-cfg` lint config for the lint:
             [lints.rust]
             unexpected_cfgs = { level = "warn", check-cfg = ['cfg(verus_keep_ghost)'] }
    = help: or consider adding `println!("cargo::rustc-check-cfg=cfg(verus_keep_ghost)");` to the top of the `build.rs`
    = note: see <https://doc.rust-lang.org/nightly/rustc/check-cfg/cargo-specifics.html> for more information about checking conditional configuration

warning: unexpected `cfg` condition name: `verus_keep_ghost`
   --> /tmp/verus-crates/builtin/src/lib.rs:251:7
    |
251 | #[cfg(verus_keep_ghost)]
    |       ^^^^^^^^^^^^^^^^
    |
    = help: consider using a Cargo feature instead
    = help: or consider adding in `Cargo.toml` the `check-cfg` lint config for the lint:
             [lints.rust]
             unexpected_cfgs = { level = "warn", check-cfg = ['cfg(verus_keep_ghost)'] }
    = help: or consider adding `println!("cargo::rustc-check-cfg=cfg(verus_keep_ghost)");` to the top of the `build.rs`
    = note: see <https://doc.rust-lang.org/nightly/rustc/check-cfg/cargo-specifics.html> for more information about checking conditional configuration

warning: unexpected `cfg` condition name: `verus_keep_ghost`
   --> /tmp/verus-crates/builtin/src/lib.rs:269:7
    |
269 | #[cfg(verus_keep_ghost)]
    |       ^^^^^^^^^^^^^^^^
    |
    = help: consider using a Cargo feature instead
    = help: or consider adding in `Cargo.toml` the `check-cfg` lint config for the lint:
             [lints.rust]
             unexpected_cfgs = { level = "warn", check-cfg = ['cfg(verus_keep_ghost)'] }
    = help: or consider adding `println!("cargo::rustc-check-cfg=cfg(verus_keep_ghost)");` to the top of the `build.rs`
    = note: see <https://doc.rust-lang.org/nightly/rustc/check-cfg/cargo-specifics.html> for more information about checking conditional configuration

warning: unexpected `cfg` condition name: `verus_keep_ghost`
   --> /tmp/verus-crates/builtin/src/lib.rs:276:7
    |
276 | #[cfg(verus_keep_ghost)]
    |       ^^^^^^^^^^^^^^^^
    |
    = help: consider using a Cargo feature instead
    = help: or consider adding in `Cargo.toml` the `check-cfg` lint config for the lint:
             [lints.rust]
             unexpected_cfgs = { level = "warn", check-cfg = ['cfg(verus_keep_ghost)'] }
    = help: or consider adding `println!("cargo::rustc-check-cfg=cfg(verus_keep_ghost)");` to the top of the `build.rs`
    = note: see <https://doc.rust-lang.org/nightly/rustc/check-cfg/cargo-specifics.html> for more information about checking conditional configuration

warning: unexpected `cfg` condition name: `verus_keep_ghost`
   --> /tmp/verus-crates/builtin/src/lib.rs:283:7
    |
283 | #[cfg(verus_keep_ghost)]
    |       ^^^^^^^^^^^^^^^^
    |
    = help: consider using a Cargo feature instead
    = help: or consider adding in `Cargo.toml` the `check-cfg` lint config for the lint:
             [lints.rust]
             unexpected_cfgs = { level = "warn", check-cfg = ['cfg(verus_keep_ghost)'] }
    = help: or consider adding `println!("cargo::rustc-check-cfg=cfg(verus_keep_ghost)");` to the top of the `build.rs`
    = note: see <https://doc.rust-lang.org/nightly/rustc/check-cfg/cargo-specifics.html> for more information about checking conditional configuration

warning: unexpected `cfg` condition name: `verus_keep_ghost`
   --> /tmp/verus-crates/builtin/src/lib.rs:290:7
    |
290 | #[cfg(verus_keep_ghost)]
    |       ^^^^^^^^^^^^^^^^
    |
    = help: consider using a Cargo feature instead
    = help: or consider adding in `Cargo.toml` the `check-cfg` lint config for the lint:
             [lints.rust]
             unexpected_cfgs = { level = "warn", check-cfg = ['cfg(verus_keep_ghost)'] }
    = help: or consider adding `println!("cargo::rustc-check-cfg=cfg(verus_keep_ghost)");` to the top of the `build.rs`
    = note: see <https://doc.rust-lang.org/nightly/rustc/check-cfg/cargo-specifics.html> for more information about checking conditional configuration

warning: unexpected `cfg` condition name: `verus_keep_ghost`
   --> /tmp/verus-crates/builtin/src/lib.rs:297:7
    |
297 | #[cfg(verus_keep_ghost)]
    |       ^^^^^^^^^^^^^^^^
    |
    = help: consider using a Cargo feature instead
    = help: or consider adding in `Cargo.toml` the `check-cfg` lint config for the lint:
             [lints.rust]
             unexpected_cfgs = { level = "warn", check-cfg = ['cfg(verus_keep_ghost)'] }
    = help: or consider adding `println!("cargo::rustc-check-cfg=cfg(verus_keep_ghost)");` to the top of the `build.rs`
    = note: see <https://doc.rust-lang.org/nightly/rustc/check-cfg/cargo-specifics.html> for more information about checking conditional configuration

warning: unexpected `cfg` condition name: `verus_keep_ghost`
   --> /tmp/verus-crates/builtin/src/lib.rs:304:7
    |
304 | #[cfg(verus_keep_ghost)]
    |       ^^^^^^^^^^^^^^^^
    |
    = help: consider using a Cargo feature instead
    = help: or consider adding in `Cargo.toml` the `check-cfg` lint config for the lint:
             [lints.rust]
             unexpected_cfgs = { level = "warn", check-cfg = ['cfg(verus_keep_ghost)'] }
    = help: or consider adding `println!("cargo::rustc-check-cfg=cfg(verus_keep_ghost)");` to the top of the `build.rs`
    = note: see <https://doc.rust-lang.org/nightly/rustc/check-cfg/cargo-specifics.html> for more information about checking conditional configuration

warning: unexpected `cfg` condition name: `verus_keep_ghost`
   --> /tmp/verus-crates/builtin/src/lib.rs:311:7
    |
311 | #[cfg(verus_keep_ghost)]
    |       ^^^^^^^^^^^^^^^^
    |
    = help: consider using a Cargo feature instead
    = help: or consider adding in `Cargo.toml` the `check-cfg` lint config for the lint:
             [lints.rust]
             unexpected_cfgs = { level = "warn", check-cfg = ['cfg(verus_keep_ghost)'] }
    = help: or consider adding `println!("cargo::rustc-check-cfg=cfg(verus_keep_ghost)");` to the top of the `build.rs`
    = note: see <https://doc.rust-lang.org/nightly/rustc/check-cfg/cargo-specifics.html> for more information about checking conditional configuration

warning: unexpected `cfg` condition name: `verus_keep_ghost`
   --> /tmp/verus-crates/builtin/src/lib.rs:318:7
    |
318 | #[cfg(verus_keep_ghost)]
    |       ^^^^^^^^^^^^^^^^
    |
    = help: consider using a Cargo feature instead
    = help: or consider adding in `Cargo.toml` the `check-cfg` lint config for the lint:
             [lints.rust]
             unexpected_cfgs = { level = "warn", check-cfg = ['cfg(verus_keep_ghost)'] }
    = help: or consider adding `println!("cargo::rustc-check-cfg=cfg(verus_keep_ghost)");` to the top of the `build.rs`
    = note: see <https://doc.rust-lang.org/nightly/rustc/check-cfg/cargo-specifics.html> for more information about checking conditional configuration

warning: unexpected `cfg` condition name: `verus_keep_ghost`
   --> /tmp/verus-crates/builtin/src/lib.rs:325:7
    |
325 | #[cfg(verus_keep_ghost)]
    |       ^^^^^^^^^^^^^^^^
    |
    = help: consider using a Cargo feature instead
    = help: or consider adding in `Cargo.toml` the `check-cfg` lint config for the lint:
             [lints.rust]
             unexpected_cfgs = { level = "warn", check-cfg = ['cfg(verus_keep_ghost)'] }
    = help: or consider adding `println!("cargo::rustc-check-cfg=cfg(verus_keep_ghost)");` to the top of the `build.rs`
    = note: see <https://doc.rust-lang.org/nightly/rustc/check-cfg/cargo-specifics.html> for more information about checking conditional configuration

warning: unexpected `cfg` condition name: `verus_keep_ghost`
   --> /tmp/verus-crates/builtin/src/lib.rs:332:7
    |
332 | #[cfg(verus_keep_ghost)]
    |       ^^^^^^^^^^^^^^^^
    |
    = help: consider using a Cargo feature instead
    = help: or consider adding in `Cargo.toml` the `check-cfg` lint config for the lint:
             [lints.rust]
             unexpected_cfgs = { level = "warn", check-cfg = ['cfg(verus_keep_ghost)'] }
    = help: or consider adding `println!("cargo::rustc-check-cfg=cfg(verus_keep_ghost)");` to the top of the `build.rs`
    = note: see <https://doc.rust-lang.org/nightly/rustc/check-cfg/cargo-specifics.html> for more information about checking conditional configuration

warning: unexpected `cfg` condition name: `verus_keep_ghost`
   --> /tmp/verus-crates/builtin/src/lib.rs:339:7
    |
339 | #[cfg(verus_keep_ghost)]
    |       ^^^^^^^^^^^^^^^^
    |
    = help: consider using a Cargo feature instead
    = help: or consider adding in `Cargo.toml` the `check-cfg` lint config for the lint:
             [lints.rust]
             unexpected_cfgs = { level = "warn", check-cfg = ['cfg(verus_keep_ghost)'] }
    = help: or consider adding `println!("cargo::rustc-check-cfg=cfg(verus_keep_ghost)");` to the top of the `build.rs`
    = note: see <https://doc.rust-lang.org/nightly/rustc/check-cfg/cargo-specifics.html> for more information about checking conditional configuration

warning: unexpected `cfg` condition name: `verus_keep_ghost`
   --> /tmp/verus-crates/builtin/src/lib.rs:346:7
    |
346 | #[cfg(verus_keep_ghost)]
    |       ^^^^^^^^^^^^^^^^
    |
    = help: consider using a Cargo feature instead
    = help: or consider adding in `Cargo.toml` the `check-cfg` lint config for the lint:
             [lints.rust]
             unexpected_cfgs = { level = "warn", check-cfg = ['cfg(verus_keep_ghost)'] }
    = help: or consider adding `println!("cargo::rustc-check-cfg=cfg(verus_keep_ghost)");` to the top of the `build.rs`
    = note: see <https://doc.rust-lang.org/nightly/rustc/check-cfg/cargo-specifics.html> for more information about checking conditional configuration

warning: unexpected `cfg` condition name: `verus_keep_ghost`
   --> /tmp/verus-crates/builtin/src/lib.rs:353:7
    |
353 | #[cfg(verus_keep_ghost)]
    |       ^^^^^^^^^^^^^^^^
    |
    = help: consider using a Cargo feature instead
    = help: or consider adding in `Cargo.toml` the `check-cfg` lint config for the lint:
             [lints.rust]
             unexpected_cfgs = { level = "warn", check-cfg = ['cfg(verus_keep_ghost)'] }
    = help: or consider adding `println!("cargo::rustc-check-cfg=cfg(verus_keep_ghost)");` to the top of the `build.rs`
    = note: see <https://doc.rust-lang.org/nightly/rustc/check-cfg/cargo-specifics.html> for more information about checking conditional configuration

warning: unexpected `cfg` condition name: `verus_keep_ghost`
   --> /tmp/verus-crates/builtin/src/lib.rs:360:7
    |
360 | #[cfg(verus_keep_ghost)]
    |       ^^^^^^^^^^^^^^^^
    |
    = help: consider using a Cargo feature instead
    = help: or consider adding in `Cargo.toml` the `check-cfg` lint config for the lint:
             [lints.rust]
             unexpected_cfgs = { level = "warn", check-cfg = ['cfg(verus_keep_ghost)'] }
    = help: or consider adding `println!("cargo::rustc-check-cfg=cfg(verus_keep_ghost)");` to the top of the `build.rs`
    = note: see <https://doc.rust-lang.org/nightly/rustc/check-cfg/cargo-specifics.html> for more information about checking conditional configuration

warning: unexpected `cfg` condition name: `verus_keep_ghost`
   --> /tmp/verus-crates/builtin/src/lib.rs:367:7
    |
367 | #[cfg(verus_keep_ghost)]
    |       ^^^^^^^^^^^^^^^^
    |
    = help: consider using a Cargo feature instead
    = help: or consider adding in `Cargo.toml` the `check-cfg` lint config for the lint:
             [lints.rust]
             unexpected_cfgs = { level = "warn", check-cfg = ['cfg(verus_keep_ghost)'] }
    = help: or consider adding `println!("cargo::rustc-check-cfg=cfg(verus_keep_ghost)");` to the top of the `build.rs`
    = note: see <https://doc.rust-lang.org/nightly/rustc/check-cfg/cargo-specifics.html> for more information about checking conditional configuration

warning: unexpected `cfg` condition name: `verus_keep_ghost`
   --> /tmp/verus-crates/builtin/src/lib.rs:374:7
    |
374 | #[cfg(verus_keep_ghost)]
    |       ^^^^^^^^^^^^^^^^
    |
    = help: consider using a Cargo feature instead
    = help: or consider adding in `Cargo.toml` the `check-cfg` lint config for the lint:
             [lints.rust]
             unexpected_cfgs = { level = "warn", check-cfg = ['cfg(verus_keep_ghost)'] }
    = help: or consider adding `println!("cargo::rustc-check-cfg=cfg(verus_keep_ghost)");` to the top of the `build.rs`
    = note: see <https://doc.rust-lang.org/nightly/rustc/check-cfg/cargo-specifics.html> for more information about checking conditional configuration

warning: unexpected `cfg` condition name: `verus_keep_ghost`
   --> /tmp/verus-crates/builtin/src/lib.rs:381:7
    |
381 | #[cfg(verus_keep_ghost)]
    |       ^^^^^^^^^^^^^^^^
    |
    = help: consider using a Cargo feature instead
    = help: or consider adding in `Cargo.toml` the `check-cfg` lint config for the lint:
             [lints.rust]
             unexpected_cfgs = { level = "warn", check-cfg = ['cfg(verus_keep_ghost)'] }
    = help: or consider adding `println!("cargo::rustc-check-cfg=cfg(verus_keep_ghost)");` to the top of the `build.rs`
    = note: see <https://doc.rust-lang.org/nightly/rustc/check-cfg/cargo-specifics.html> for more information about checking conditional configuration

warning: unexpected `cfg` condition name: `verus_keep_ghost`
   --> /tmp/verus-crates/builtin/src/lib.rs:392:12
    |
392 | #[cfg_attr(verus_keep_ghost, rustc_diagnostic_item = "verus::verus_builtin::Ghost")]
    |            ^^^^^^^^^^^^^^^^
    |
    = help: consider using a Cargo feature instead
    = help: or consider adding in `Cargo.toml` the `check-cfg` lint config for the lint:
             [lints.rust]
             unexpected_cfgs = { level = "warn", check-cfg = ['cfg(verus_keep_ghost)'] }
    = help: or consider adding `println!("cargo::rustc-check-cfg=cfg(verus_keep_ghost)");` to the top of the `build.rs`
    = note: see <https://doc.rust-lang.org/nightly/rustc/check-cfg/cargo-specifics.html> for more information about checking conditional configuration

warning: unexpected `cfg` condition name: `verus_keep_ghost`
   --> /tmp/verus-crates/builtin/src/lib.rs:393:12
    |
393 | #[cfg_attr(verus_keep_ghost, verifier::external_body)]
    |            ^^^^^^^^^^^^^^^^
    |
    = help: consider using a Cargo feature instead
    = help: or consider adding in `Cargo.toml` the `check-cfg` lint config for the lint:
             [lints.rust]
             unexpected_cfgs = { level = "warn", check-cfg = ['cfg(verus_keep_ghost)'] }
    = help: or consider adding `println!("cargo::rustc-check-cfg=cfg(verus_keep_ghost)");` to the top of the `build.rs`
    = note: see <https://doc.rust-lang.org/nightly/rustc/check-cfg/cargo-specifics.html> for more information about checking conditional configuration

warning: unexpected `cfg` condition name: `verus_keep_ghost`
   --> /tmp/verus-crates/builtin/src/lib.rs:394:12
    |
394 | #[cfg_attr(verus_keep_ghost, verifier::reject_recursive_types_in_ground_variants(A))]
    |            ^^^^^^^^^^^^^^^^
    |
    = help: consider using a Cargo feature instead
    = help: or consider adding in `Cargo.toml` the `check-cfg` lint config for the lint:
             [lints.rust]
             unexpected_cfgs = { level = "warn", check-cfg = ['cfg(verus_keep_ghost)'] }
    = help: or consider adding `println!("cargo::rustc-check-cfg=cfg(verus_keep_ghost)");` to the top of the `build.rs`
    = note: see <https://doc.rust-lang.org/nightly/rustc/check-cfg/cargo-specifics.html> for more information about checking conditional configuration

warning: unexpected `cfg` condition name: `verus_keep_ghost`
   --> /tmp/verus-crates/builtin/src/lib.rs:399:12
    |
399 | #[cfg_attr(verus_keep_ghost, rustc_diagnostic_item = "verus::verus_builtin::Tracked")]
    |            ^^^^^^^^^^^^^^^^
    |
    = help: consider using a Cargo feature instead
    = help: or consider adding in `Cargo.toml` the `check-cfg` lint config for the lint:
             [lints.rust]
             unexpected_cfgs = { level = "warn", check-cfg = ['cfg(verus_keep_ghost)'] }
    = help: or consider adding `println!("cargo::rustc-check-cfg=cfg(verus_keep_ghost)");` to the top of the `build.rs`
    = note: see <https://doc.rust-lang.org/nightly/rustc/check-cfg/cargo-specifics.html> for more information about checking conditional configuration

warning: unexpected `cfg` condition name: `verus_keep_ghost`
   --> /tmp/verus-crates/builtin/src/lib.rs:400:12
    |
400 | #[cfg_attr(verus_keep_ghost, verifier::external_body)]
    |            ^^^^^^^^^^^^^^^^
    |
    = help: consider using a Cargo feature instead
    = help: or consider adding in `Cargo.toml` the `check-cfg` lint config for the lint:
             [lints.rust]
             unexpected_cfgs = { level = "warn", check-cfg = ['cfg(verus_keep_ghost)'] }
    = help: or consider adding `println!("cargo::rustc-check-cfg=cfg(verus_keep_ghost)");` to the top of the `build.rs`
    = note: see <https://doc.rust-lang.org/nightly/rustc/check-cfg/cargo-specifics.html> for more information about checking conditional configuration

warning: unexpected `cfg` condition name: `verus_keep_ghost`
   --> /tmp/verus-crates/builtin/src/lib.rs:401:12
    |
401 | #[cfg_attr(verus_keep_ghost, verifier::reject_recursive_types_in_ground_variants(A))]
    |            ^^^^^^^^^^^^^^^^
    |
    = help: consider using a Cargo feature instead
    = help: or consider adding in `Cargo.toml` the `check-cfg` lint config for the lint:
             [lints.rust]
             unexpected_cfgs = { level = "warn", check-cfg = ['cfg(verus_keep_ghost)'] }
    = help: or consider adding `println!("cargo::rustc-check-cfg=cfg(verus_keep_ghost)");` to the top of the `build.rs`
    = note: see <https://doc.rust-lang.org/nightly/rustc/check-cfg/cargo-specifics.html> for more information about checking conditional configuration

warning: unexpected `cfg` condition name: `verus_keep_ghost`
   --> /tmp/verus-crates/builtin/src/lib.rs:416:7
    |
416 | #[cfg(verus_keep_ghost)]
    |       ^^^^^^^^^^^^^^^^
    |
    = help: consider using a Cargo feature instead
    = help: or consider adding in `Cargo.toml` the `check-cfg` lint config for the lint:
             [lints.rust]
             unexpected_cfgs = { level = "warn", check-cfg = ['cfg(verus_keep_ghost)'] }
    = help: or consider adding `println!("cargo::rustc-check-cfg=cfg(verus_keep_ghost)");` to the top of the `build.rs`
    = note: see <https://doc.rust-lang.org/nightly/rustc/check-cfg/cargo-specifics.html> for more information about checking conditional configuration

warning: unexpected `cfg` condition name: `verus_keep_ghost`
   --> /tmp/verus-crates/builtin/src/lib.rs:429:7
    |
429 | #[cfg(verus_keep_ghost)]
    |       ^^^^^^^^^^^^^^^^
    |
    = help: consider using a Cargo feature instead
    = help: or consider adding in `Cargo.toml` the `check-cfg` lint config for the lint:
             [lints.rust]
             unexpected_cfgs = { level = "warn", check-cfg = ['cfg(verus_keep_ghost)'] }
    = help: or consider adding `println!("cargo::rustc-check-cfg=cfg(verus_keep_ghost)");` to the top of the `build.rs`
    = note: see <https://doc.rust-lang.org/nightly/rustc/check-cfg/cargo-specifics.html> for more information about checking conditional configuration

warning: unexpected `cfg` condition name: `verus_keep_ghost`
   --> /tmp/verus-crates/builtin/src/lib.rs:441:7
    |
441 | #[cfg(verus_keep_ghost)]
    |       ^^^^^^^^^^^^^^^^
    |
    = help: consider using a Cargo feature instead
    = help: or consider adding in `Cargo.toml` the `check-cfg` lint config for the lint:
             [lints.rust]
             unexpected_cfgs = { level = "warn", check-cfg = ['cfg(verus_keep_ghost)'] }
    = help: or consider adding `println!("cargo::rustc-check-cfg=cfg(verus_keep_ghost)");` to the top of the `build.rs`
    = note: see <https://doc.rust-lang.org/nightly/rustc/check-cfg/cargo-specifics.html> for more information about checking conditional configuration

warning: unexpected `cfg` condition name: `verus_keep_ghost`
   --> /tmp/verus-crates/builtin/src/lib.rs:454:7
    |
454 | #[cfg(verus_keep_ghost)]
    |       ^^^^^^^^^^^^^^^^
    |
    = help: consider using a Cargo feature instead
    = help: or consider adding in `Cargo.toml` the `check-cfg` lint config for the lint:
             [lints.rust]
             unexpected_cfgs = { level = "warn", check-cfg = ['cfg(verus_keep_ghost)'] }
    = help: or consider adding `println!("cargo::rustc-check-cfg=cfg(verus_keep_ghost)");` to the top of the `build.rs`
    = note: see <https://doc.rust-lang.org/nightly/rustc/check-cfg/cargo-specifics.html> for more information about checking conditional configuration

warning: unexpected `cfg` condition name: `verus_keep_ghost`
   --> /tmp/verus-crates/builtin/src/lib.rs:482:16
    |
482 |     #[cfg_attr(verus_keep_ghost, verifier::external)]
    |                ^^^^^^^^^^^^^^^^
    |
    = help: consider using a Cargo feature instead
    = help: or consider adding in `Cargo.toml` the `check-cfg` lint config for the lint:
             [lints.rust]
             unexpected_cfgs = { level = "warn", check-cfg = ['cfg(verus_keep_ghost)'] }
    = help: or consider adding `println!("cargo::rustc-check-cfg=cfg(verus_keep_ghost)");` to the top of the `build.rs`
    = note: see <https://doc.rust-lang.org/nightly/rustc/check-cfg/cargo-specifics.html> for more information about checking conditional configuration

warning: unexpected `cfg` condition name: `verus_keep_ghost`
   --> /tmp/verus-crates/builtin/src/lib.rs:492:16
    |
492 |     #[cfg_attr(verus_keep_ghost, verifier::external)]
    |                ^^^^^^^^^^^^^^^^
    |
    = help: consider using a Cargo feature instead
    = help: or consider adding in `Cargo.toml` the `check-cfg` lint config for the lint:
             [lints.rust]
             unexpected_cfgs = { level = "warn", check-cfg = ['cfg(verus_keep_ghost)'] }
    = help: or consider adding `println!("cargo::rustc-check-cfg=cfg(verus_keep_ghost)");` to the top of the `build.rs`
    = note: see <https://doc.rust-lang.org/nightly/rustc/check-cfg/cargo-specifics.html> for more information about checking conditional configuration

warning: unexpected `cfg` condition name: `verus_keep_ghost`
   --> /tmp/verus-crates/builtin/src/lib.rs:543:16
    |
543 |     #[cfg_attr(verus_keep_ghost, verifier::external)]
    |                ^^^^^^^^^^^^^^^^
    |
    = help: consider using a Cargo feature instead
    = help: or consider adding in `Cargo.toml` the `check-cfg` lint config for the lint:
             [lints.rust]
             unexpected_cfgs = { level = "warn", check-cfg = ['cfg(verus_keep_ghost)'] }
    = help: or consider adding `println!("cargo::rustc-check-cfg=cfg(verus_keep_ghost)");` to the top of the `build.rs`
    = note: see <https://doc.rust-lang.org/nightly/rustc/check-cfg/cargo-specifics.html> for more information about checking conditional configuration

warning: unexpected `cfg` condition name: `verus_keep_ghost`
   --> /tmp/verus-crates/builtin/src/lib.rs:550:16
    |
550 |     #[cfg_attr(verus_keep_ghost, verifier::external)]
    |                ^^^^^^^^^^^^^^^^
    |
    = help: consider using a Cargo feature instead
    = help: or consider adding in `Cargo.toml` the `check-cfg` lint config for the lint:
             [lints.rust]
             unexpected_cfgs = { level = "warn", check-cfg = ['cfg(verus_keep_ghost)'] }
    = help: or consider adding `println!("cargo::rustc-check-cfg=cfg(verus_keep_ghost)");` to the top of the `build.rs`
    = note: see <https://doc.rust-lang.org/nightly/rustc/check-cfg/cargo-specifics.html> for more information about checking conditional configuration

warning: unexpected `cfg` condition name: `verus_keep_ghost`
   --> /tmp/verus-crates/builtin/src/lib.rs:595:16
    |
595 |     #[cfg_attr(verus_keep_ghost, verifier::external_body)]
    |                ^^^^^^^^^^^^^^^^
    |
    = help: consider using a Cargo feature instead
    = help: or consider adding in `Cargo.toml` the `check-cfg` lint config for the lint:
             [lints.rust]
             unexpected_cfgs = { level = "warn", check-cfg = ['cfg(verus_keep_ghost)'] }
    = help: or consider adding `println!("cargo::rustc-check-cfg=cfg(verus_keep_ghost)");` to the top of the `build.rs`
    = note: see <https://doc.rust-lang.org/nightly/rustc/check-cfg/cargo-specifics.html> for more information about checking conditional configuration

warning: unexpected `cfg` condition name: `verus_keep_ghost`
   --> /tmp/verus-crates/builtin/src/lib.rs:604:16
    |
604 |     #[cfg_attr(verus_keep_ghost, verifier::external_body)]
    |                ^^^^^^^^^^^^^^^^
    |
    = help: consider using a Cargo feature instead
    = help: or consider adding in `Cargo.toml` the `check-cfg` lint config for the lint:
             [lints.rust]
             unexpected_cfgs = { level = "warn", check-cfg = ['cfg(verus_keep_ghost)'] }
    = help: or consider adding `println!("cargo::rustc-check-cfg=cfg(verus_keep_ghost)");` to the top of the `build.rs`
    = note: see <https://doc.rust-lang.org/nightly/rustc/check-cfg/cargo-specifics.html> for more information about checking conditional configuration

warning: unexpected `cfg` condition name: `verus_keep_ghost`
   --> /tmp/verus-crates/builtin/src/lib.rs:619:7
    |
619 | #[cfg(verus_keep_ghost)]
    |       ^^^^^^^^^^^^^^^^
    |
    = help: consider using a Cargo feature instead
    = help: or consider adding in `Cargo.toml` the `check-cfg` lint config for the lint:
             [lints.rust]
             unexpected_cfgs = { level = "warn", check-cfg = ['cfg(verus_keep_ghost)'] }
    = help: or consider adding `println!("cargo::rustc-check-cfg=cfg(verus_keep_ghost)");` to the top of the `build.rs`
    = note: see <https://doc.rust-lang.org/nightly/rustc/check-cfg/cargo-specifics.html> for more information about checking conditional configuration

warning: unexpected `cfg` condition name: `verus_keep_ghost`
   --> /tmp/verus-crates/builtin/src/lib.rs:627:7
    |
627 | #[cfg(verus_keep_ghost)]
    |       ^^^^^^^^^^^^^^^^
    |
    = help: consider using a Cargo feature instead
    = help: or consider adding in `Cargo.toml` the `check-cfg` lint config for the lint:
             [lints.rust]
             unexpected_cfgs = { level = "warn", check-cfg = ['cfg(verus_keep_ghost)'] }
    = help: or consider adding `println!("cargo::rustc-check-cfg=cfg(verus_keep_ghost)");` to the top of the `build.rs`
    = note: see <https://doc.rust-lang.org/nightly/rustc/check-cfg/cargo-specifics.html> for more information about checking conditional configuration

warning: unexpected `cfg` condition name: `verus_keep_ghost`
   --> /tmp/verus-crates/builtin/src/lib.rs:635:7
    |
635 | #[cfg(verus_keep_ghost)]
    |       ^^^^^^^^^^^^^^^^
    |
    = help: consider using a Cargo feature instead
    = help: or consider adding in `Cargo.toml` the `check-cfg` lint config for the lint:
             [lints.rust]
             unexpected_cfgs = { level = "warn", check-cfg = ['cfg(verus_keep_ghost)'] }
    = help: or consider adding `println!("cargo::rustc-check-cfg=cfg(verus_keep_ghost)");` to the top of the `build.rs`
    = note: see <https://doc.rust-lang.org/nightly/rustc/check-cfg/cargo-specifics.html> for more information about checking conditional configuration

warning: unexpected `cfg` condition name: `verus_keep_ghost`
   --> /tmp/verus-crates/builtin/src/lib.rs:647:12
    |
647 | #[cfg_attr(verus_keep_ghost, rustc_diagnostic_item = "verus::verus_builtin::int")]
    |            ^^^^^^^^^^^^^^^^
    |
    = help: consider using a Cargo feature instead
    = help: or consider adding in `Cargo.toml` the `check-cfg` lint config for the lint:
             [lints.rust]
             unexpected_cfgs = { level = "warn", check-cfg = ['cfg(verus_keep_ghost)'] }
    = help: or consider adding `println!("cargo::rustc-check-cfg=cfg(verus_keep_ghost)");` to the top of the `build.rs`
    = note: see <https://doc.rust-lang.org/nightly/rustc/check-cfg/cargo-specifics.html> for more information about checking conditional configuration

warning: unexpected `cfg` condition name: `verus_keep_ghost`
   --> /tmp/verus-crates/builtin/src/lib.rs:718:12
    |
718 | #[cfg_attr(verus_keep_ghost, rustc_diagnostic_item = "verus::verus_builtin::nat")]
    |            ^^^^^^^^^^^^^^^^
    |
    = help: consider using a Cargo feature instead
    = help: or consider adding in `Cargo.toml` the `check-cfg` lint config for the lint:
             [lints.rust]
             unexpected_cfgs = { level = "warn", check-cfg = ['cfg(verus_keep_ghost)'] }
    = help: or consider adding `println!("cargo::rustc-check-cfg=cfg(verus_keep_ghost)");` to the top of the `build.rs`
    = note: see <https://doc.rust-lang.org/nightly/rustc/check-cfg/cargo-specifics.html> for more information about checking conditional configuration

warning: unexpected `cfg` condition name: `verus_keep_ghost`
   --> /tmp/verus-crates/builtin/src/lib.rs:780:12
    |
780 | #[cfg_attr(verus_keep_ghost, rustc_diagnostic_item = "verus::verus_builtin::real")]
    |            ^^^^^^^^^^^^^^^^
    |
    = help: consider using a Cargo feature instead
    = help: or consider adding in `Cargo.toml` the `check-cfg` lint config for the lint:
             [lints.rust]
             unexpected_cfgs = { level = "warn", check-cfg = ['cfg(verus_keep_ghost)'] }
    = help: or consider adding `println!("cargo::rustc-check-cfg=cfg(verus_keep_ghost)");` to the top of the `build.rs`
    = note: see <https://doc.rust-lang.org/nightly/rustc/check-cfg/cargo-specifics.html> for more information about checking conditional configuration

warning: unexpected `cfg` condition name: `verus_keep_ghost`
   --> /tmp/verus-crates/builtin/src/lib.rs:804:12
    |
804 | #[cfg_attr(verus_keep_ghost, rustc_diagnostic_item = "verus::verus_builtin::Structural")]
    |            ^^^^^^^^^^^^^^^^
    |
    = help: consider using a Cargo feature instead
    = help: or consider adding in `Cargo.toml` the `check-cfg` lint config for the lint:
             [lints.rust]
             unexpected_cfgs = { level = "warn", check-cfg = ['cfg(verus_keep_ghost)'] }
    = help: or consider adding `println!("cargo::rustc-check-cfg=cfg(verus_keep_ghost)");` to the top of the `build.rs`
    = note: see <https://doc.rust-lang.org/nightly/rustc/check-cfg/cargo-specifics.html> for more information about checking conditional configuration

warning: unexpected `cfg` condition name: `verus_keep_ghost`
   --> /tmp/verus-crates/builtin/src/lib.rs:841:7
    |
841 | #[cfg(verus_keep_ghost)]
    |       ^^^^^^^^^^^^^^^^
    |
    = help: consider using a Cargo feature instead
    = help: or consider adding in `Cargo.toml` the `check-cfg` lint config for the lint:
             [lints.rust]
             unexpected_cfgs = { level = "warn", check-cfg = ['cfg(verus_keep_ghost)'] }
    = help: or consider adding `println!("cargo::rustc-check-cfg=cfg(verus_keep_ghost)");` to the top of the `build.rs`
    = note: see <https://doc.rust-lang.org/nightly/rustc/check-cfg/cargo-specifics.html> for more information about checking conditional configuration

warning: unexpected `cfg` condition name: `verus_keep_ghost`
   --> /tmp/verus-crates/builtin/src/lib.rs:844:7
    |
844 | #[cfg(verus_keep_ghost)]
    |       ^^^^^^^^^^^^^^^^
    |
    = help: consider using a Cargo feature instead
    = help: or consider adding in `Cargo.toml` the `check-cfg` lint config for the lint:
             [lints.rust]
             unexpected_cfgs = { level = "warn", check-cfg = ['cfg(verus_keep_ghost)'] }
    = help: or consider adding `println!("cargo::rustc-check-cfg=cfg(verus_keep_ghost)");` to the top of the `build.rs`
    = note: see <https://doc.rust-lang.org/nightly/rustc/check-cfg/cargo-specifics.html> for more information about checking conditional configuration

warning: unexpected `cfg` condition name: `verus_keep_ghost`
   --> /tmp/verus-crates/builtin/src/lib.rs:847:7
    |
847 | #[cfg(verus_keep_ghost)]
    |       ^^^^^^^^^^^^^^^^
    |
    = help: consider using a Cargo feature instead
    = help: or consider adding in `Cargo.toml` the `check-cfg` lint config for the lint:
             [lints.rust]
             unexpected_cfgs = { level = "warn", check-cfg = ['cfg(verus_keep_ghost)'] }
    = help: or consider adding `println!("cargo::rustc-check-cfg=cfg(verus_keep_ghost)");` to the top of the `build.rs`
    = note: see <https://doc.rust-lang.org/nightly/rustc/check-cfg/cargo-specifics.html> for more information about checking conditional configuration

warning: unexpected `cfg` condition name: `verus_keep_ghost`
   --> /tmp/verus-crates/builtin/src/lib.rs:849:7
    |
849 | #[cfg(verus_keep_ghost)]
    |       ^^^^^^^^^^^^^^^^
    |
    = help: consider using a Cargo feature instead
    = help: or consider adding in `Cargo.toml` the `check-cfg` lint config for the lint:
             [lints.rust]
             unexpected_cfgs = { level = "warn", check-cfg = ['cfg(verus_keep_ghost)'] }
    = help: or consider adding `println!("cargo::rustc-check-cfg=cfg(verus_keep_ghost)");` to the top of the `build.rs`
    = note: see <https://doc.rust-lang.org/nightly/rustc/check-cfg/cargo-specifics.html> for more information about checking conditional configuration

warning: unexpected `cfg` condition name: `verus_keep_ghost`
   --> /tmp/verus-crates/builtin/src/lib.rs:853:11
    |
853 | #[cfg(not(verus_keep_ghost))]
    |           ^^^^^^^^^^^^^^^^
    |
    = help: consider using a Cargo feature instead
    = help: or consider adding in `Cargo.toml` the `check-cfg` lint config for the lint:
             [lints.rust]
             unexpected_cfgs = { level = "warn", check-cfg = ['cfg(verus_keep_ghost)'] }
    = help: or consider adding `println!("cargo::rustc-check-cfg=cfg(verus_keep_ghost)");` to the top of the `build.rs`
    = note: see <https://doc.rust-lang.org/nightly/rustc/check-cfg/cargo-specifics.html> for more information about checking conditional configuration

warning: unexpected `cfg` condition name: `verus_keep_ghost`
   --> /tmp/verus-crates/builtin/src/lib.rs:935:12
    |
935 | #[cfg_attr(verus_keep_ghost, rustc_diagnostic_item = "verus::verus_builtin::Integer")]
    |            ^^^^^^^^^^^^^^^^
    |
    = help: consider using a Cargo feature instead
    = help: or consider adding in `Cargo.toml` the `check-cfg` lint config for the lint:
             [lints.rust]
             unexpected_cfgs = { level = "warn", check-cfg = ['cfg(verus_keep_ghost)'] }
    = help: or consider adding `println!("cargo::rustc-check-cfg=cfg(verus_keep_ghost)");` to the top of the `build.rs`
    = note: see <https://doc.rust-lang.org/nightly/rustc/check-cfg/cargo-specifics.html> for more information about checking conditional configuration

warning: unexpected `cfg` condition name: `verus_keep_ghost`
   --> /tmp/verus-crates/builtin/src/lib.rs:936:12
    |
936 | #[cfg_attr(verus_keep_ghost, verifier::sealed)]
    |            ^^^^^^^^^^^^^^^^
    |
    = help: consider using a Cargo feature instead
    = help: or consider adding in `Cargo.toml` the `check-cfg` lint config for the lint:
             [lints.rust]
             unexpected_cfgs = { level = "warn", check-cfg = ['cfg(verus_keep_ghost)'] }
    = help: or consider adding `println!("cargo::rustc-check-cfg=cfg(verus_keep_ghost)");` to the top of the `build.rs`
    = note: see <https://doc.rust-lang.org/nightly/rustc/check-cfg/cargo-specifics.html> for more information about checking conditional configuration

warning: unexpected `cfg` condition name: `verus_keep_ghost`
   --> /tmp/verus-crates/builtin/src/lib.rs:941:16
    |
941 |     #[cfg_attr(verus_keep_ghost, verifier::external)]
    |                ^^^^^^^^^^^^^^^^
    |
    = help: consider using a Cargo feature instead
    = help: or consider adding in `Cargo.toml` the `check-cfg` lint config for the lint:
             [lints.rust]
             unexpected_cfgs = { level = "warn", check-cfg = ['cfg(verus_keep_ghost)'] }
    = help: or consider adding `println!("cargo::rustc-check-cfg=cfg(verus_keep_ghost)");` to the top of the `build.rs`
    = note: see <https://doc.rust-lang.org/nightly/rustc/check-cfg/cargo-specifics.html> for more information about checking conditional configuration

warning: unexpected `cfg` condition name: `verus_keep_ghost`
   --> /tmp/verus-crates/builtin/src/lib.rs:945:16
    |
945 |     #[cfg_attr(verus_keep_ghost, verifier::external)]
    |                ^^^^^^^^^^^^^^^^
    |
    = help: consider using a Cargo feature instead
    = help: or consider adding in `Cargo.toml` the `check-cfg` lint config for the lint:
             [lints.rust]
             unexpected_cfgs = { level = "warn", check-cfg = ['cfg(verus_keep_ghost)'] }
    = help: or consider adding `println!("cargo::rustc-check-cfg=cfg(verus_keep_ghost)");` to the top of the `build.rs`
    = note: see <https://doc.rust-lang.org/nightly/rustc/check-cfg/cargo-specifics.html> for more information about checking conditional configuration

warning: unexpected `cfg` condition name: `verus_keep_ghost`
   --> /tmp/verus-crates/builtin/src/lib.rs:949:16
    |
949 |     #[cfg_attr(verus_keep_ghost, verifier::external)]
    |                ^^^^^^^^^^^^^^^^
    |
    = help: consider using a Cargo feature instead
    = help: or consider adding in `Cargo.toml` the `check-cfg` lint config for the lint:
             [lints.rust]
             unexpected_cfgs = { level = "warn", check-cfg = ['cfg(verus_keep_ghost)'] }
    = help: or consider adding `println!("cargo::rustc-check-cfg=cfg(verus_keep_ghost)");` to the top of the `build.rs`
    = note: see <https://doc.rust-lang.org/nightly/rustc/check-cfg/cargo-specifics.html> for more information about checking conditional configuration

warning: unexpected `cfg` condition name: `verus_keep_ghost`
   --> /tmp/verus-crates/builtin/src/lib.rs:953:16
    |
953 |     #[cfg_attr(verus_keep_ghost, verifier::external)]
    |                ^^^^^^^^^^^^^^^^
    |
    = help: consider using a Cargo feature instead
    = help: or consider adding in `Cargo.toml` the `check-cfg` lint config for the lint:
             [lints.rust]
             unexpected_cfgs = { level = "warn", check-cfg = ['cfg(verus_keep_ghost)'] }
    = help: or consider adding `println!("cargo::rustc-check-cfg=cfg(verus_keep_ghost)");` to the top of the `build.rs`
    = note: see <https://doc.rust-lang.org/nightly/rustc/check-cfg/cargo-specifics.html> for more information about checking conditional configuration

warning: unexpected `cfg` condition name: `verus_keep_ghost`
   --> /tmp/verus-crates/builtin/src/lib.rs:957:16
    |
957 |     #[cfg_attr(verus_keep_ghost, verifier::external)]
    |                ^^^^^^^^^^^^^^^^
    |
    = help: consider using a Cargo feature instead
    = help: or consider adding in `Cargo.toml` the `check-cfg` lint config for the lint:
             [lints.rust]
             unexpected_cfgs = { level = "warn", check-cfg = ['cfg(verus_keep_ghost)'] }
    = help: or consider adding `println!("cargo::rustc-check-cfg=cfg(verus_keep_ghost)");` to the top of the `build.rs`
    = note: see <https://doc.rust-lang.org/nightly/rustc/check-cfg/cargo-specifics.html> for more information about checking conditional configuration

warning: unexpected `cfg` condition name: `verus_keep_ghost`
   --> /tmp/verus-crates/builtin/src/lib.rs:961:16
    |
961 |     #[cfg_attr(verus_keep_ghost, verifier::external)]
    |                ^^^^^^^^^^^^^^^^
    |
    = help: consider using a Cargo feature instead
    = help: or consider adding in `Cargo.toml` the `check-cfg` lint config for the lint:
             [lints.rust]
             unexpected_cfgs = { level = "warn", check-cfg = ['cfg(verus_keep_ghost)'] }
    = help: or consider adding `println!("cargo::rustc-check-cfg=cfg(verus_keep_ghost)");` to the top of the `build.rs`
    = note: see <https://doc.rust-lang.org/nightly/rustc/check-cfg/cargo-specifics.html> for more information about checking conditional configuration

warning: unexpected `cfg` condition name: `verus_keep_ghost`
   --> /tmp/verus-crates/builtin/src/lib.rs:965:16
    |
965 |     #[cfg_attr(verus_keep_ghost, verifier::external)]
    |                ^^^^^^^^^^^^^^^^
    |
    = help: consider using a Cargo feature instead
    = help: or consider adding in `Cargo.toml` the `check-cfg` lint config for the lint:
             [lints.rust]
             unexpected_cfgs = { level = "warn", check-cfg = ['cfg(verus_keep_ghost)'] }
    = help: or consider adding `println!("cargo::rustc-check-cfg=cfg(verus_keep_ghost)");` to the top of the `build.rs`
    = note: see <https://doc.rust-lang.org/nightly/rustc/check-cfg/cargo-specifics.html> for more information about checking conditional configuration

warning: unexpected `cfg` condition name: `verus_keep_ghost`
   --> /tmp/verus-crates/builtin/src/lib.rs:969:16
    |
969 |     #[cfg_attr(verus_keep_ghost, verifier::external)]
    |                ^^^^^^^^^^^^^^^^
    |
    = help: consider using a Cargo feature instead
    = help: or consider adding in `Cargo.toml` the `check-cfg` lint config for the lint:
             [lints.rust]
             unexpected_cfgs = { level = "warn", check-cfg = ['cfg(verus_keep_ghost)'] }
    = help: or consider adding `println!("cargo::rustc-check-cfg=cfg(verus_keep_ghost)");` to the top of the `build.rs`
    = note: see <https://doc.rust-lang.org/nightly/rustc/check-cfg/cargo-specifics.html> for more information about checking conditional configuration

warning: unexpected `cfg` condition name: `verus_keep_ghost`
   --> /tmp/verus-crates/builtin/src/lib.rs:973:16
    |
973 |     #[cfg_attr(verus_keep_ghost, verifier::external)]
    |                ^^^^^^^^^^^^^^^^
    |
    = help: consider using a Cargo feature instead
    = help: or consider adding in `Cargo.toml` the `check-cfg` lint config for the lint:
             [lints.rust]
             unexpected_cfgs = { level = "warn", check-cfg = ['cfg(verus_keep_ghost)'] }
    = help: or consider adding `println!("cargo::rustc-check-cfg=cfg(verus_keep_ghost)");` to the top of the `build.rs`
    = note: see <https://doc.rust-lang.org/nightly/rustc/check-cfg/cargo-specifics.html> for more information about checking conditional configuration

warning: unexpected `cfg` condition name: `verus_keep_ghost`
   --> /tmp/verus-crates/builtin/src/lib.rs:977:16
    |
977 |     #[cfg_attr(verus_keep_ghost, verifier::external)]
    |                ^^^^^^^^^^^^^^^^
    |
    = help: consider using a Cargo feature instead
    = help: or consider adding in `Cargo.toml` the `check-cfg` lint config for the lint:
             [lints.rust]
             unexpected_cfgs = { level = "warn", check-cfg = ['cfg(verus_keep_ghost)'] }
    = help: or consider adding `println!("cargo::rustc-check-cfg=cfg(verus_keep_ghost)");` to the top of the `build.rs`
    = note: see <https://doc.rust-lang.org/nightly/rustc/check-cfg/cargo-specifics.html> for more information about checking conditional configuration

warning: unexpected `cfg` condition name: `verus_keep_ghost`
   --> /tmp/verus-crates/builtin/src/lib.rs:981:16
    |
981 |     #[cfg_attr(verus_keep_ghost, verifier::external)]
    |                ^^^^^^^^^^^^^^^^
    |
    = help: consider using a Cargo feature instead
    = help: or consider adding in `Cargo.toml` the `check-cfg` lint config for the lint:
             [lints.rust]
             unexpected_cfgs = { level = "warn", check-cfg = ['cfg(verus_keep_ghost)'] }
    = help: or consider adding `println!("cargo::rustc-check-cfg=cfg(verus_keep_ghost)");` to the top of the `build.rs`
    = note: see <https://doc.rust-lang.org/nightly/rustc/check-cfg/cargo-specifics.html> for more information about checking conditional configuration

warning: unexpected `cfg` condition name: `verus_keep_ghost`
   --> /tmp/verus-crates/builtin/src/lib.rs:985:16
    |
985 |     #[cfg_attr(verus_keep_ghost, verifier::external)]
    |                ^^^^^^^^^^^^^^^^
    |
    = help: consider using a Cargo feature instead
    = help: or consider adding in `Cargo.toml` the `check-cfg` lint config for the lint:
             [lints.rust]
             unexpected_cfgs = { level = "warn", check-cfg = ['cfg(verus_keep_ghost)'] }
    = help: or consider adding `println!("cargo::rustc-check-cfg=cfg(verus_keep_ghost)");` to the top of the `build.rs`
    = note: see <https://doc.rust-lang.org/nightly/rustc/check-cfg/cargo-specifics.html> for more information about checking conditional configuration

warning: unexpected `cfg` condition name: `verus_keep_ghost`
   --> /tmp/verus-crates/builtin/src/lib.rs:989:16
    |
989 |     #[cfg_attr(verus_keep_ghost, verifier::external)]
    |                ^^^^^^^^^^^^^^^^
    |
    = help: consider using a Cargo feature instead
    = help: or consider adding in `Cargo.toml` the `check-cfg` lint config for the lint:
             [lints.rust]
             unexpected_cfgs = { level = "warn", check-cfg = ['cfg(verus_keep_ghost)'] }
    = help: or consider adding `println!("cargo::rustc-check-cfg=cfg(verus_keep_ghost)");` to the top of the `build.rs`
    = note: see <https://doc.rust-lang.org/nightly/rustc/check-cfg/cargo-specifics.html> for more information about checking conditional configuration

warning: unexpected `cfg` condition name: `verus_keep_ghost`
   --> /tmp/verus-crates/builtin/src/lib.rs:993:16
    |
993 |     #[cfg_attr(verus_keep_ghost, verifier::external)]
    |                ^^^^^^^^^^^^^^^^
    |
    = help: consider using a Cargo feature instead
    = help: or consider adding in `Cargo.toml` the `check-cfg` lint config for the lint:
             [lints.rust]
             unexpected_cfgs = { level = "warn", check-cfg = ['cfg(verus_keep_ghost)'] }
    = help: or consider adding `println!("cargo::rustc-check-cfg=cfg(verus_keep_ghost)");` to the top of the `build.rs`
    = note: see <https://doc.rust-lang.org/nightly/rustc/check-cfg/cargo-specifics.html> for more information about checking conditional configuration

warning: unexpected `cfg` condition name: `verus_keep_ghost`
   --> /tmp/verus-crates/builtin/src/lib.rs:997:16
    |
997 |     #[cfg_attr(verus_keep_ghost, verifier::external)]
    |                ^^^^^^^^^^^^^^^^
    |
    = help: consider using a Cargo feature instead
    = help: or consider adding in `Cargo.toml` the `check-cfg` lint config for the lint:
             [lints.rust]
             unexpected_cfgs = { level = "warn", check-cfg = ['cfg(verus_keep_ghost)'] }
    = help: or consider adding `println!("cargo::rustc-check-cfg=cfg(verus_keep_ghost)");` to the top of the `build.rs`
    = note: see <https://doc.rust-lang.org/nightly/rustc/check-cfg/cargo-specifics.html> for more information about checking conditional configuration

warning: unexpected `cfg` condition name: `verus_keep_ghost`
    --> /tmp/verus-crates/builtin/src/lib.rs:1005:16
     |
1005 |     #[cfg_attr(verus_keep_ghost, verifier::external)]
     |                ^^^^^^^^^^^^^^^^
     |
     = help: consider using a Cargo feature instead
     = help: or consider adding in `Cargo.toml` the `check-cfg` lint config for the lint:
              [lints.rust]
              unexpected_cfgs = { level = "warn", check-cfg = ['cfg(verus_keep_ghost)'] }
     = help: or consider adding `println!("cargo::rustc-check-cfg=cfg(verus_keep_ghost)");` to the top of the `build.rs`
     = note: see <https://doc.rust-lang.org/nightly/rustc/check-cfg/cargo-specifics.html> for more information about checking conditional configuration

warning: unexpected `cfg` condition name: `verus_keep_ghost`
    --> /tmp/verus-crates/builtin/src/lib.rs:1013:16
     |
1013 |     #[cfg_attr(verus_keep_ghost, verifier::external)]
     |                ^^^^^^^^^^^^^^^^
     |
     = help: consider using a Cargo feature instead
     = help: or consider adding in `Cargo.toml` the `check-cfg` lint config for the lint:
              [lints.rust]
              unexpected_cfgs = { level = "warn", check-cfg = ['cfg(verus_keep_ghost)'] }
     = help: or consider adding `println!("cargo::rustc-check-cfg=cfg(verus_keep_ghost)");` to the top of the `build.rs`
     = note: see <https://doc.rust-lang.org/nightly/rustc/check-cfg/cargo-specifics.html> for more information about checking conditional configuration

warning: unexpected `cfg` condition name: `verus_keep_ghost`
    --> /tmp/verus-crates/builtin/src/lib.rs:1017:16
     |
1017 |     #[cfg_attr(verus_keep_ghost, verifier::external)]
     |                ^^^^^^^^^^^^^^^^
     |
     = help: consider using a Cargo feature instead
     = help: or consider adding in `Cargo.toml` the `check-cfg` lint config for the lint:
              [lints.rust]
              unexpected_cfgs = { level = "warn", check-cfg = ['cfg(verus_keep_ghost)'] }
     = help: or consider adding `println!("cargo::rustc-check-cfg=cfg(verus_keep_ghost)");` to the top of the `build.rs`
     = note: see <https://doc.rust-lang.org/nightly/rustc/check-cfg/cargo-specifics.html> for more information about checking conditional configuration

warning: unexpected `cfg` condition name: `verus_keep_ghost`
    --> /tmp/verus-crates/builtin/src/lib.rs:1021:16
     |
1021 |     #[cfg_attr(verus_keep_ghost, verifier::external)]
     |                ^^^^^^^^^^^^^^^^
     |
     = help: consider using a Cargo feature instead
     = help: or consider adding in `Cargo.toml` the `check-cfg` lint config for the lint:
              [lints.rust]
              unexpected_cfgs = { level = "warn", check-cfg = ['cfg(verus_keep_ghost)'] }
     = help: or consider adding `println!("cargo::rustc-check-cfg=cfg(verus_keep_ghost)");` to the top of the `build.rs`
     = note: see <https://doc.rust-lang.org/nightly/rustc/check-cfg/cargo-specifics.html> for more information about checking conditional configuration

warning: unexpected `cfg` condition name: `verus_keep_ghost`
    --> /tmp/verus-crates/builtin/src/lib.rs:1025:12
     |
1025 | #[cfg_attr(verus_keep_ghost, rustc_diagnostic_item = "verus::verus_builtin::Chainable")]
     |            ^^^^^^^^^^^^^^^^
     |
     = help: consider using a Cargo feature instead
     = help: or consider adding in `Cargo.toml` the `check-cfg` lint config for the lint:
              [lints.rust]
              unexpected_cfgs = { level = "warn", check-cfg = ['cfg(verus_keep_ghost)'] }
     = help: or consider adding `println!("cargo::rustc-check-cfg=cfg(verus_keep_ghost)");` to the top of the `build.rs`
     = note: see <https://doc.rust-lang.org/nightly/rustc/check-cfg/cargo-specifics.html> for more information about checking conditional configuration

warning: unexpected `cfg` condition name: `verus_keep_ghost`
    --> /tmp/verus-crates/builtin/src/lib.rs:1026:12
     |
1026 | #[cfg_attr(verus_keep_ghost, verifier::sealed)]
     |            ^^^^^^^^^^^^^^^^
     |
     = help: consider using a Cargo feature instead
     = help: or consider adding in `Cargo.toml` the `check-cfg` lint config for the lint:
              [lints.rust]
              unexpected_cfgs = { level = "warn", check-cfg = ['cfg(verus_keep_ghost)'] }
     = help: or consider adding `println!("cargo::rustc-check-cfg=cfg(verus_keep_ghost)");` to the top of the `build.rs`
     = note: see <https://doc.rust-lang.org/nightly/rustc/check-cfg/cargo-specifics.html> for more information about checking conditional configuration

warning: unexpected `cfg` condition name: `verus_keep_ghost`
    --> /tmp/verus-crates/builtin/src/lib.rs:1034:7
     |
1034 | #[cfg(verus_keep_ghost)]
     |       ^^^^^^^^^^^^^^^^
     |
     = help: consider using a Cargo feature instead
     = help: or consider adding in `Cargo.toml` the `check-cfg` lint config for the lint:
              [lints.rust]
              unexpected_cfgs = { level = "warn", check-cfg = ['cfg(verus_keep_ghost)'] }
     = help: or consider adding `println!("cargo::rustc-check-cfg=cfg(verus_keep_ghost)");` to the top of the `build.rs`
     = note: see <https://doc.rust-lang.org/nightly/rustc/check-cfg/cargo-specifics.html> for more information about checking conditional configuration

warning: unexpected `cfg` condition name: `verus_keep_ghost`
    --> /tmp/verus-crates/builtin/src/lib.rs:1048:7
     |
1048 | #[cfg(verus_keep_ghost)]
     |       ^^^^^^^^^^^^^^^^
     |
     = help: consider using a Cargo feature instead
     = help: or consider adding in `Cargo.toml` the `check-cfg` lint config for the lint:
              [lints.rust]
              unexpected_cfgs = { level = "warn", check-cfg = ['cfg(verus_keep_ghost)'] }
     = help: or consider adding `println!("cargo::rustc-check-cfg=cfg(verus_keep_ghost)");` to the top of the `build.rs`
     = note: see <https://doc.rust-lang.org/nightly/rustc/check-cfg/cargo-specifics.html> for more information about checking conditional configuration

warning: unexpected `cfg` condition name: `verus_keep_ghost`
    --> /tmp/verus-crates/builtin/src/lib.rs:1056:7
     |
1056 | #[cfg(verus_keep_ghost)]
     |       ^^^^^^^^^^^^^^^^
     |
     = help: consider using a Cargo feature instead
     = help: or consider adding in `Cargo.toml` the `check-cfg` lint config for the lint:
              [lints.rust]
              unexpected_cfgs = { level = "warn", check-cfg = ['cfg(verus_keep_ghost)'] }
     = help: or consider adding `println!("cargo::rustc-check-cfg=cfg(verus_keep_ghost)");` to the top of the `build.rs`
     = note: see <https://doc.rust-lang.org/nightly/rustc/check-cfg/cargo-specifics.html> for more information about checking conditional configuration

warning: unexpected `cfg` condition name: `verus_keep_ghost`
    --> /tmp/verus-crates/builtin/src/lib.rs:1063:7
     |
1063 | #[cfg(verus_keep_ghost)]
     |       ^^^^^^^^^^^^^^^^
     |
     = help: consider using a Cargo feature instead
     = help: or consider adding in `Cargo.toml` the `check-cfg` lint config for the lint:
              [lints.rust]
              unexpected_cfgs = { level = "warn", check-cfg = ['cfg(verus_keep_ghost)'] }
     = help: or consider adding `println!("cargo::rustc-check-cfg=cfg(verus_keep_ghost)");` to the top of the `build.rs`
     = note: see <https://doc.rust-lang.org/nightly/rustc/check-cfg/cargo-specifics.html> for more information about checking conditional configuration

warning: unexpected `cfg` condition name: `verus_keep_ghost`
    --> /tmp/verus-crates/builtin/src/lib.rs:1076:7
     |
1076 | #[cfg(verus_keep_ghost)]
     |       ^^^^^^^^^^^^^^^^
     |
     = help: consider using a Cargo feature instead
     = help: or consider adding in `Cargo.toml` the `check-cfg` lint config for the lint:
              [lints.rust]
              unexpected_cfgs = { level = "warn", check-cfg = ['cfg(verus_keep_ghost)'] }
     = help: or consider adding `println!("cargo::rustc-check-cfg=cfg(verus_keep_ghost)");` to the top of the `build.rs`
     = note: see <https://doc.rust-lang.org/nightly/rustc/check-cfg/cargo-specifics.html> for more information about checking conditional configuration

warning: unexpected `cfg` condition name: `verus_keep_ghost`
    --> /tmp/verus-crates/builtin/src/lib.rs:1084:7
     |
1084 | #[cfg(verus_keep_ghost)]
     |       ^^^^^^^^^^^^^^^^
     |
     = help: consider using a Cargo feature instead
     = help: or consider adding in `Cargo.toml` the `check-cfg` lint config for the lint:
              [lints.rust]
              unexpected_cfgs = { level = "warn", check-cfg = ['cfg(verus_keep_ghost)'] }
     = help: or consider adding `println!("cargo::rustc-check-cfg=cfg(verus_keep_ghost)");` to the top of the `build.rs`
     = note: see <https://doc.rust-lang.org/nightly/rustc/check-cfg/cargo-specifics.html> for more information about checking conditional configuration

warning: unexpected `cfg` condition name: `verus_keep_ghost`
    --> /tmp/verus-crates/builtin/src/lib.rs:1092:7
     |
1092 | #[cfg(verus_keep_ghost)]
     |       ^^^^^^^^^^^^^^^^
     |
     = help: consider using a Cargo feature instead
     = help: or consider adding in `Cargo.toml` the `check-cfg` lint config for the lint:
              [lints.rust]
              unexpected_cfgs = { level = "warn", check-cfg = ['cfg(verus_keep_ghost)'] }
     = help: or consider adding `println!("cargo::rustc-check-cfg=cfg(verus_keep_ghost)");` to the top of the `build.rs`
     = note: see <https://doc.rust-lang.org/nightly/rustc/check-cfg/cargo-specifics.html> for more information about checking conditional configuration

warning: unexpected `cfg` condition name: `verus_keep_ghost`
    --> /tmp/verus-crates/builtin/src/lib.rs:1100:7
     |
1100 | #[cfg(verus_keep_ghost)]
     |       ^^^^^^^^^^^^^^^^
     |
     = help: consider using a Cargo feature instead
     = help: or consider adding in `Cargo.toml` the `check-cfg` lint config for the lint:
              [lints.rust]
              unexpected_cfgs = { level = "warn", check-cfg = ['cfg(verus_keep_ghost)'] }
     = help: or consider adding `println!("cargo::rustc-check-cfg=cfg(verus_keep_ghost)");` to the top of the `build.rs`
     = note: see <https://doc.rust-lang.org/nightly/rustc/check-cfg/cargo-specifics.html> for more information about checking conditional configuration

warning: unexpected `cfg` condition name: `verus_keep_ghost`
    --> /tmp/verus-crates/builtin/src/lib.rs:1108:7
     |
1108 | #[cfg(verus_keep_ghost)]
     |       ^^^^^^^^^^^^^^^^
     |
     = help: consider using a Cargo feature instead
     = help: or consider adding in `Cargo.toml` the `check-cfg` lint config for the lint:
              [lints.rust]
              unexpected_cfgs = { level = "warn", check-cfg = ['cfg(verus_keep_ghost)'] }
     = help: or consider adding `println!("cargo::rustc-check-cfg=cfg(verus_keep_ghost)");` to the top of the `build.rs`
     = note: see <https://doc.rust-lang.org/nightly/rustc/check-cfg/cargo-specifics.html> for more information about checking conditional configuration

warning: unexpected `cfg` condition name: `verus_keep_ghost`
    --> /tmp/verus-crates/builtin/src/lib.rs:1116:7
     |
1116 | #[cfg(verus_keep_ghost)]
     |       ^^^^^^^^^^^^^^^^
     |
     = help: consider using a Cargo feature instead
     = help: or consider adding in `Cargo.toml` the `check-cfg` lint config for the lint:
              [lints.rust]
              unexpected_cfgs = { level = "warn", check-cfg = ['cfg(verus_keep_ghost)'] }
     = help: or consider adding `println!("cargo::rustc-check-cfg=cfg(verus_keep_ghost)");` to the top of the `build.rs`
     = note: see <https://doc.rust-lang.org/nightly/rustc/check-cfg/cargo-specifics.html> for more information about checking conditional configuration

warning: unexpected `cfg` condition name: `verus_keep_ghost`
    --> /tmp/verus-crates/builtin/src/lib.rs:1123:12
     |
1123 | #[cfg_attr(verus_keep_ghost, verifier::sealed)]
     |            ^^^^^^^^^^^^^^^^
     |
     = help: consider using a Cargo feature instead
     = help: or consider adding in `Cargo.toml` the `check-cfg` lint config for the lint:
              [lints.rust]
              unexpected_cfgs = { level = "warn", check-cfg = ['cfg(verus_keep_ghost)'] }
     = help: or consider adding `println!("cargo::rustc-check-cfg=cfg(verus_keep_ghost)");` to the top of the `build.rs`
     = note: see <https://doc.rust-lang.org/nightly/rustc/check-cfg/cargo-specifics.html> for more information about checking conditional configuration

warning: unexpected `cfg` condition name: `verus_keep_ghost`
    --> /tmp/verus-crates/builtin/src/lib.rs:1124:12
     |
1124 | #[cfg_attr(verus_keep_ghost, verifier::internal_trait)]
     |            ^^^^^^^^^^^^^^^^
     |
     = help: consider using a Cargo feature instead
     = help: or consider adding in `Cargo.toml` the `check-cfg` lint config for the lint:
              [lints.rust]
              unexpected_cfgs = { level = "warn", check-cfg = ['cfg(verus_keep_ghost)'] }
     = help: or consider adding `println!("cargo::rustc-check-cfg=cfg(verus_keep_ghost)");` to the top of the `build.rs`
     = note: see <https://doc.rust-lang.org/nightly/rustc/check-cfg/cargo-specifics.html> for more information about checking conditional configuration

warning: unexpected `cfg` condition name: `verus_keep_ghost`
    --> /tmp/verus-crates/builtin/src/lib.rs:1127:7
     |
1127 | #[cfg(verus_keep_ghost)]
     |       ^^^^^^^^^^^^^^^^
     |
     = help: consider using a Cargo feature instead
     = help: or consider adding in `Cargo.toml` the `check-cfg` lint config for the lint:
              [lints.rust]
              unexpected_cfgs = { level = "warn", check-cfg = ['cfg(verus_keep_ghost)'] }
     = help: or consider adding `println!("cargo::rustc-check-cfg=cfg(verus_keep_ghost)");` to the top of the `build.rs`
     = note: see <https://doc.rust-lang.org/nightly/rustc/check-cfg/cargo-specifics.html> for more information about checking conditional configuration

warning: unexpected `cfg` condition name: `verus_keep_ghost`
    --> /tmp/verus-crates/builtin/src/lib.rs:1130:7
     |
1130 | #[cfg(verus_keep_ghost)]
     |       ^^^^^^^^^^^^^^^^
     |
     = help: consider using a Cargo feature instead
     = help: or consider adding in `Cargo.toml` the `check-cfg` lint config for the lint:
              [lints.rust]
              unexpected_cfgs = { level = "warn", check-cfg = ['cfg(verus_keep_ghost)'] }
     = help: or consider adding `println!("cargo::rustc-check-cfg=cfg(verus_keep_ghost)");` to the top of the `build.rs`
     = note: see <https://doc.rust-lang.org/nightly/rustc/check-cfg/cargo-specifics.html> for more information about checking conditional configuration

warning: unexpected `cfg` condition name: `verus_keep_ghost`
    --> /tmp/verus-crates/builtin/src/lib.rs:1133:7
     |
1133 | #[cfg(verus_keep_ghost)]
     |       ^^^^^^^^^^^^^^^^
     |
     = help: consider using a Cargo feature instead
     = help: or consider adding in `Cargo.toml` the `check-cfg` lint config for the lint:
              [lints.rust]
              unexpected_cfgs = { level = "warn", check-cfg = ['cfg(verus_keep_ghost)'] }
     = help: or consider adding `println!("cargo::rustc-check-cfg=cfg(verus_keep_ghost)");` to the top of the `build.rs`
     = note: see <https://doc.rust-lang.org/nightly/rustc/check-cfg/cargo-specifics.html> for more information about checking conditional configuration

warning: unexpected `cfg` condition name: `verus_keep_ghost`
    --> /tmp/verus-crates/builtin/src/lib.rs:1137:7
     |
1137 | #[cfg(verus_keep_ghost)]
     |       ^^^^^^^^^^^^^^^^
     |
     = help: consider using a Cargo feature instead
     = help: or consider adding in `Cargo.toml` the `check-cfg` lint config for the lint:
              [lints.rust]
              unexpected_cfgs = { level = "warn", check-cfg = ['cfg(verus_keep_ghost)'] }
     = help: or consider adding `println!("cargo::rustc-check-cfg=cfg(verus_keep_ghost)");` to the top of the `build.rs`
     = note: see <https://doc.rust-lang.org/nightly/rustc/check-cfg/cargo-specifics.html> for more information about checking conditional configuration

warning: unexpected `cfg` condition name: `verus_keep_ghost`
    --> /tmp/verus-crates/builtin/src/lib.rs:1141:7
     |
1141 | #[cfg(verus_keep_ghost)]
     |       ^^^^^^^^^^^^^^^^
     |
     = help: consider using a Cargo feature instead
     = help: or consider adding in `Cargo.toml` the `check-cfg` lint config for the lint:
              [lints.rust]
              unexpected_cfgs = { level = "warn", check-cfg = ['cfg(verus_keep_ghost)'] }
     = help: or consider adding `println!("cargo::rustc-check-cfg=cfg(verus_keep_ghost)");` to the top of the `build.rs`
     = note: see <https://doc.rust-lang.org/nightly/rustc/check-cfg/cargo-specifics.html> for more information about checking conditional configuration

warning: unexpected `cfg` condition name: `verus_keep_ghost`
    --> /tmp/verus-crates/builtin/src/lib.rs:1144:7
     |
1144 | #[cfg(verus_keep_ghost)]
     |       ^^^^^^^^^^^^^^^^
     |
     = help: consider using a Cargo feature instead
     = help: or consider adding in `Cargo.toml` the `check-cfg` lint config for the lint:
              [lints.rust]
              unexpected_cfgs = { level = "warn", check-cfg = ['cfg(verus_keep_ghost)'] }
     = help: or consider adding `println!("cargo::rustc-check-cfg=cfg(verus_keep_ghost)");` to the top of the `build.rs`
     = note: see <https://doc.rust-lang.org/nightly/rustc/check-cfg/cargo-specifics.html> for more information about checking conditional configuration

warning: unexpected `cfg` condition name: `verus_keep_ghost`
    --> /tmp/verus-crates/builtin/src/lib.rs:1147:7
     |
1147 | #[cfg(verus_keep_ghost)]
     |       ^^^^^^^^^^^^^^^^
     |
     = help: consider using a Cargo feature instead
     = help: or consider adding in `Cargo.toml` the `check-cfg` lint config for the lint:
              [lints.rust]
              unexpected_cfgs = { level = "warn", check-cfg = ['cfg(verus_keep_ghost)'] }
     = help: or consider adding `println!("cargo::rustc-check-cfg=cfg(verus_keep_ghost)");` to the top of the `build.rs`
     = note: see <https://doc.rust-lang.org/nightly/rustc/check-cfg/cargo-specifics.html> for more information about checking conditional configuration

warning: unexpected `cfg` condition name: `verus_keep_ghost`
    --> /tmp/verus-crates/builtin/src/lib.rs:1150:7
     |
1150 | #[cfg(verus_keep_ghost)]
     |       ^^^^^^^^^^^^^^^^
     |
     = help: consider using a Cargo feature instead
     = help: or consider adding in `Cargo.toml` the `check-cfg` lint config for the lint:
              [lints.rust]
              unexpected_cfgs = { level = "warn", check-cfg = ['cfg(verus_keep_ghost)'] }
     = help: or consider adding `println!("cargo::rustc-check-cfg=cfg(verus_keep_ghost)");` to the top of the `build.rs`
     = note: see <https://doc.rust-lang.org/nightly/rustc/check-cfg/cargo-specifics.html> for more information about checking conditional configuration

warning: unexpected `cfg` condition name: `verus_keep_ghost`
    --> /tmp/verus-crates/builtin/src/lib.rs:1153:7
     |
1153 | #[cfg(verus_keep_ghost)]
     |       ^^^^^^^^^^^^^^^^
     |
     = help: consider using a Cargo feature instead
     = help: or consider adding in `Cargo.toml` the `check-cfg` lint config for the lint:
              [lints.rust]
              unexpected_cfgs = { level = "warn", check-cfg = ['cfg(verus_keep_ghost)'] }
     = help: or consider adding `println!("cargo::rustc-check-cfg=cfg(verus_keep_ghost)");` to the top of the `build.rs`
     = note: see <https://doc.rust-lang.org/nightly/rustc/check-cfg/cargo-specifics.html> for more information about checking conditional configuration

warning: unexpected `cfg` condition name: `verus_keep_ghost`
    --> /tmp/verus-crates/builtin/src/lib.rs:1156:7
     |
1156 | #[cfg(verus_keep_ghost)]
     |       ^^^^^^^^^^^^^^^^
     |
     = help: consider using a Cargo feature instead
     = help: or consider adding in `Cargo.toml` the `check-cfg` lint config for the lint:
              [lints.rust]
              unexpected_cfgs = { level = "warn", check-cfg = ['cfg(verus_keep_ghost)'] }
     = help: or consider adding `println!("cargo::rustc-check-cfg=cfg(verus_keep_ghost)");` to the top of the `build.rs`
     = note: see <https://doc.rust-lang.org/nightly/rustc/check-cfg/cargo-specifics.html> for more information about checking conditional configuration

warning: unexpected `cfg` condition name: `verus_keep_ghost`
    --> /tmp/verus-crates/builtin/src/lib.rs:1159:7
     |
1159 | #[cfg(verus_keep_ghost)]
     |       ^^^^^^^^^^^^^^^^
     |
     = help: consider using a Cargo feature instead
     = help: or consider adding in `Cargo.toml` the `check-cfg` lint config for the lint:
              [lints.rust]
              unexpected_cfgs = { level = "warn", check-cfg = ['cfg(verus_keep_ghost)'] }
     = help: or consider adding `println!("cargo::rustc-check-cfg=cfg(verus_keep_ghost)");` to the top of the `build.rs`
     = note: see <https://doc.rust-lang.org/nightly/rustc/check-cfg/cargo-specifics.html> for more information about checking conditional configuration

warning: unexpected `cfg` condition name: `verus_keep_ghost`
    --> /tmp/verus-crates/builtin/src/lib.rs:1199:7
     |
1199 | #[cfg(verus_keep_ghost)]
     |       ^^^^^^^^^^^^^^^^
     |
     = help: consider using a Cargo feature instead
     = help: or consider adding in `Cargo.toml` the `check-cfg` lint config for the lint:
              [lints.rust]
              unexpected_cfgs = { level = "warn", check-cfg = ['cfg(verus_keep_ghost)'] }
     = help: or consider adding `println!("cargo::rustc-check-cfg=cfg(verus_keep_ghost)");` to the top of the `build.rs`
     = note: see <https://doc.rust-lang.org/nightly/rustc/check-cfg/cargo-specifics.html> for more information about checking conditional configuration

warning: unexpected `cfg` condition name: `verus_keep_ghost`
    --> /tmp/verus-crates/builtin/src/lib.rs:1333:7
     |
1333 | #[cfg(verus_keep_ghost)]
     |       ^^^^^^^^^^^^^^^^
     |
     = help: consider using a Cargo feature instead
     = help: or consider adding in `Cargo.toml` the `check-cfg` lint config for the lint:
              [lints.rust]
              unexpected_cfgs = { level = "warn", check-cfg = ['cfg(verus_keep_ghost)'] }
     = help: or consider adding `println!("cargo::rustc-check-cfg=cfg(verus_keep_ghost)");` to the top of the `build.rs`
     = note: see <https://doc.rust-lang.org/nightly/rustc/check-cfg/cargo-specifics.html> for more information about checking conditional configuration

warning: unexpected `cfg` condition name: `verus_keep_ghost`
    --> /tmp/verus-crates/builtin/src/lib.rs:1340:7
     |
1340 | #[cfg(verus_keep_ghost)]
     |       ^^^^^^^^^^^^^^^^
     |
     = help: consider using a Cargo feature instead
     = help: or consider adding in `Cargo.toml` the `check-cfg` lint config for the lint:
              [lints.rust]
              unexpected_cfgs = { level = "warn", check-cfg = ['cfg(verus_keep_ghost)'] }
     = help: or consider adding `println!("cargo::rustc-check-cfg=cfg(verus_keep_ghost)");` to the top of the `build.rs`
     = note: see <https://doc.rust-lang.org/nightly/rustc/check-cfg/cargo-specifics.html> for more information about checking conditional configuration

warning: unexpected `cfg` condition name: `verus_keep_ghost`
    --> /tmp/verus-crates/builtin/src/lib.rs:1347:7
     |
1347 | #[cfg(verus_keep_ghost)]
     |       ^^^^^^^^^^^^^^^^
     |
     = help: consider using a Cargo feature instead
     = help: or consider adding in `Cargo.toml` the `check-cfg` lint config for the lint:
              [lints.rust]
              unexpected_cfgs = { level = "warn", check-cfg = ['cfg(verus_keep_ghost)'] }
     = help: or consider adding `println!("cargo::rustc-check-cfg=cfg(verus_keep_ghost)");` to the top of the `build.rs`
     = note: see <https://doc.rust-lang.org/nightly/rustc/check-cfg/cargo-specifics.html> for more information about checking conditional configuration

warning: unexpected `cfg` condition name: `verus_keep_ghost`
    --> /tmp/verus-crates/builtin/src/lib.rs:1354:7
     |
1354 | #[cfg(verus_keep_ghost)]
     |       ^^^^^^^^^^^^^^^^
     |
     = help: consider using a Cargo feature instead
     = help: or consider adding in `Cargo.toml` the `check-cfg` lint config for the lint:
              [lints.rust]
              unexpected_cfgs = { level = "warn", check-cfg = ['cfg(verus_keep_ghost)'] }
     = help: or consider adding `println!("cargo::rustc-check-cfg=cfg(verus_keep_ghost)");` to the top of the `build.rs`
     = note: see <https://doc.rust-lang.org/nightly/rustc/check-cfg/cargo-specifics.html> for more information about checking conditional configuration

warning: unexpected `cfg` condition name: `verus_keep_ghost`
    --> /tmp/verus-crates/builtin/src/lib.rs:1361:7
     |
1361 | #[cfg(verus_keep_ghost)]
     |       ^^^^^^^^^^^^^^^^
     |
     = help: consider using a Cargo feature instead
     = help: or consider adding in `Cargo.toml` the `check-cfg` lint config for the lint:
              [lints.rust]
              unexpected_cfgs = { level = "warn", check-cfg = ['cfg(verus_keep_ghost)'] }
     = help: or consider adding `println!("cargo::rustc-check-cfg=cfg(verus_keep_ghost)");` to the top of the `build.rs`
     = note: see <https://doc.rust-lang.org/nightly/rustc/check-cfg/cargo-specifics.html> for more information about checking conditional configuration

warning: unexpected `cfg` condition name: `verus_keep_ghost`
    --> /tmp/verus-crates/builtin/src/lib.rs:1368:7
     |
1368 | #[cfg(verus_keep_ghost)]
     |       ^^^^^^^^^^^^^^^^
     |
     = help: consider using a Cargo feature instead
     = help: or consider adding in `Cargo.toml` the `check-cfg` lint config for the lint:
              [lints.rust]
              unexpected_cfgs = { level = "warn", check-cfg = ['cfg(verus_keep_ghost)'] }
     = help: or consider adding `println!("cargo::rustc-check-cfg=cfg(verus_keep_ghost)");` to the top of the `build.rs`
     = note: see <https://doc.rust-lang.org/nightly/rustc/check-cfg/cargo-specifics.html> for more information about checking conditional configuration

warning: unexpected `cfg` condition name: `verus_keep_ghost`
    --> /tmp/verus-crates/builtin/src/lib.rs:1375:7
     |
1375 | #[cfg(verus_keep_ghost)]
     |       ^^^^^^^^^^^^^^^^
     |
     = help: consider using a Cargo feature instead
     = help: or consider adding in `Cargo.toml` the `check-cfg` lint config for the lint:
              [lints.rust]
              unexpected_cfgs = { level = "warn", check-cfg = ['cfg(verus_keep_ghost)'] }
     = help: or consider adding `println!("cargo::rustc-check-cfg=cfg(verus_keep_ghost)");` to the top of the `build.rs`
     = note: see <https://doc.rust-lang.org/nightly/rustc/check-cfg/cargo-specifics.html> for more information about checking conditional configuration

warning: unexpected `cfg` condition name: `verus_keep_ghost`
    --> /tmp/verus-crates/builtin/src/lib.rs:1627:12
     |
1627 | #[cfg_attr(verus_keep_ghost, verifier::sealed)]
     |            ^^^^^^^^^^^^^^^^
     |
     = help: consider using a Cargo feature instead
     = help: or consider adding in `Cargo.toml` the `check-cfg` lint config for the lint:
              [lints.rust]
              unexpected_cfgs = { level = "warn", check-cfg = ['cfg(verus_keep_ghost)'] }
     = help: or consider adding `println!("cargo::rustc-check-cfg=cfg(verus_keep_ghost)");` to the top of the `build.rs`
     = note: see <https://doc.rust-lang.org/nightly/rustc/check-cfg/cargo-specifics.html> for more information about checking conditional configuration

warning: unexpected `cfg` condition name: `verus_keep_ghost`
    --> /tmp/verus-crates/builtin/src/lib.rs:1740:12
     |
1740 | #[cfg_attr(verus_keep_ghost, verifier::sealed)]
     |            ^^^^^^^^^^^^^^^^
     |
     = help: consider using a Cargo feature instead
     = help: or consider adding in `Cargo.toml` the `check-cfg` lint config for the lint:
              [lints.rust]
              unexpected_cfgs = { level = "warn", check-cfg = ['cfg(verus_keep_ghost)'] }
     = help: or consider adding `println!("cargo::rustc-check-cfg=cfg(verus_keep_ghost)");` to the top of the `build.rs`
     = note: see <https://doc.rust-lang.org/nightly/rustc/check-cfg/cargo-specifics.html> for more information about checking conditional configuration

warning: unexpected `cfg` condition name: `verus_keep_ghost`
    --> /tmp/verus-crates/builtin/src/lib.rs:1929:7
     |
1929 | #[cfg(verus_keep_ghost)]
     |       ^^^^^^^^^^^^^^^^
     |
     = help: consider using a Cargo feature instead
     = help: or consider adding in `Cargo.toml` the `check-cfg` lint config for the lint:
              [lints.rust]
              unexpected_cfgs = { level = "warn", check-cfg = ['cfg(verus_keep_ghost)'] }
     = help: or consider adding `println!("cargo::rustc-check-cfg=cfg(verus_keep_ghost)");` to the top of the `build.rs`
     = note: see <https://doc.rust-lang.org/nightly/rustc/check-cfg/cargo-specifics.html> for more information about checking conditional configuration

warning: unexpected `cfg` condition name: `verus_keep_ghost`
    --> /tmp/verus-crates/builtin/src/lib.rs:1936:7
     |
1936 | #[cfg(verus_keep_ghost)]
     |       ^^^^^^^^^^^^^^^^
     |
     = help: consider using a Cargo feature instead
     = help: or consider adding in `Cargo.toml` the `check-cfg` lint config for the lint:
              [lints.rust]
              unexpected_cfgs = { level = "warn", check-cfg = ['cfg(verus_keep_ghost)'] }
     = help: or consider adding `println!("cargo::rustc-check-cfg=cfg(verus_keep_ghost)");` to the top of the `build.rs`
     = note: see <https://doc.rust-lang.org/nightly/rustc/check-cfg/cargo-specifics.html> for more information about checking conditional configuration

warning: unexpected `cfg` condition name: `verus_keep_ghost`
    --> /tmp/verus-crates/builtin/src/lib.rs:1943:7
     |
1943 | #[cfg(verus_keep_ghost)]
     |       ^^^^^^^^^^^^^^^^
     |
     = help: consider using a Cargo feature instead
     = help: or consider adding in `Cargo.toml` the `check-cfg` lint config for the lint:
              [lints.rust]
              unexpected_cfgs = { level = "warn", check-cfg = ['cfg(verus_keep_ghost)'] }
     = help: or consider adding `println!("cargo::rustc-check-cfg=cfg(verus_keep_ghost)");` to the top of the `build.rs`
     = note: see <https://doc.rust-lang.org/nightly/rustc/check-cfg/cargo-specifics.html> for more information about checking conditional configuration

warning: unexpected `cfg` condition name: `verus_keep_ghost`
    --> /tmp/verus-crates/builtin/src/lib.rs:1950:7
     |
1950 | #[cfg(verus_keep_ghost)]
     |       ^^^^^^^^^^^^^^^^
     |
     = help: consider using a Cargo feature instead
     = help: or consider adding in `Cargo.toml` the `check-cfg` lint config for the lint:
              [lints.rust]
              unexpected_cfgs = { level = "warn", check-cfg = ['cfg(verus_keep_ghost)'] }
     = help: or consider adding `println!("cargo::rustc-check-cfg=cfg(verus_keep_ghost)");` to the top of the `build.rs`
     = note: see <https://doc.rust-lang.org/nightly/rustc/check-cfg/cargo-specifics.html> for more information about checking conditional configuration

warning: unexpected `cfg` condition name: `verus_keep_ghost`
    --> /tmp/verus-crates/builtin/src/lib.rs:1957:7
     |
1957 | #[cfg(verus_keep_ghost)]
     |       ^^^^^^^^^^^^^^^^
     |
     = help: consider using a Cargo feature instead
     = help: or consider adding in `Cargo.toml` the `check-cfg` lint config for the lint:
              [lints.rust]
              unexpected_cfgs = { level = "warn", check-cfg = ['cfg(verus_keep_ghost)'] }
     = help: or consider adding `println!("cargo::rustc-check-cfg=cfg(verus_keep_ghost)");` to the top of the `build.rs`
     = note: see <https://doc.rust-lang.org/nightly/rustc/check-cfg/cargo-specifics.html> for more information about checking conditional configuration

warning: unexpected `cfg` condition name: `verus_keep_ghost`
    --> /tmp/verus-crates/builtin/src/lib.rs:1964:12
     |
1964 | #[cfg_attr(verus_keep_ghost, rustc_diagnostic_item = "verus::verus_builtin::FnSpec")]
     |            ^^^^^^^^^^^^^^^^
     |
     = help: consider using a Cargo feature instead
     = help: or consider adding in `Cargo.toml` the `check-cfg` lint config for the lint:
              [lints.rust]
              unexpected_cfgs = { level = "warn", check-cfg = ['cfg(verus_keep_ghost)'] }
     = help: or consider adding `println!("cargo::rustc-check-cfg=cfg(verus_keep_ghost)");` to the top of the `build.rs`
     = note: see <https://doc.rust-lang.org/nightly/rustc/check-cfg/cargo-specifics.html> for more information about checking conditional configuration

warning: unexpected `cfg` condition name: `verus_keep_ghost`
    --> /tmp/verus-crates/builtin/src/lib.rs:1969:7
     |
1969 | #[cfg(verus_keep_ghost)]
     |       ^^^^^^^^^^^^^^^^
     |
     = help: consider using a Cargo feature instead
     = help: or consider adding in `Cargo.toml` the `check-cfg` lint config for the lint:
              [lints.rust]
              unexpected_cfgs = { level = "warn", check-cfg = ['cfg(verus_keep_ghost)'] }
     = help: or consider adding `println!("cargo::rustc-check-cfg=cfg(verus_keep_ghost)");` to the top of the `build.rs`
     = note: see <https://doc.rust-lang.org/nightly/rustc/check-cfg/cargo-specifics.html> for more information about checking conditional configuration

warning: unexpected `cfg` condition name: `verus_keep_ghost`
    --> /tmp/verus-crates/builtin/src/lib.rs:1977:7
     |
1977 | #[cfg(verus_keep_ghost)]
     |       ^^^^^^^^^^^^^^^^
     |
     = help: consider using a Cargo feature instead
     = help: or consider adding in `Cargo.toml` the `check-cfg` lint config for the lint:
              [lints.rust]
              unexpected_cfgs = { level = "warn", check-cfg = ['cfg(verus_keep_ghost)'] }
     = help: or consider adding `println!("cargo::rustc-check-cfg=cfg(verus_keep_ghost)");` to the top of the `build.rs`
     = note: see <https://doc.rust-lang.org/nightly/rustc/check-cfg/cargo-specifics.html> for more information about checking conditional configuration

warning: unexpected `cfg` condition name: `verus_keep_ghost`
    --> /tmp/verus-crates/builtin/src/lib.rs:1984:7
     |
1984 | #[cfg(verus_keep_ghost)]
     |       ^^^^^^^^^^^^^^^^
     |
     = help: consider using a Cargo feature instead
     = help: or consider adding in `Cargo.toml` the `check-cfg` lint config for the lint:
              [lints.rust]
              unexpected_cfgs = { level = "warn", check-cfg = ['cfg(verus_keep_ghost)'] }
     = help: or consider adding `println!("cargo::rustc-check-cfg=cfg(verus_keep_ghost)");` to the top of the `build.rs`
     = note: see <https://doc.rust-lang.org/nightly/rustc/check-cfg/cargo-specifics.html> for more information about checking conditional configuration

warning: unexpected `cfg` condition name: `verus_keep_ghost`
    --> /tmp/verus-crates/builtin/src/lib.rs:1991:7
     |
1991 | #[cfg(verus_keep_ghost)]
     |       ^^^^^^^^^^^^^^^^
     |
     = help: consider using a Cargo feature instead
     = help: or consider adding in `Cargo.toml` the `check-cfg` lint config for the lint:
              [lints.rust]
              unexpected_cfgs = { level = "warn", check-cfg = ['cfg(verus_keep_ghost)'] }
     = help: or consider adding `println!("cargo::rustc-check-cfg=cfg(verus_keep_ghost)");` to the top of the `build.rs`
     = note: see <https://doc.rust-lang.org/nightly/rustc/check-cfg/cargo-specifics.html> for more information about checking conditional configuration

warning: unexpected `cfg` condition name: `verus_keep_ghost`
    --> /tmp/verus-crates/builtin/src/lib.rs:1999:7
     |
1999 | #[cfg(verus_keep_ghost)]
     |       ^^^^^^^^^^^^^^^^
     |
     = help: consider using a Cargo feature instead
     = help: or consider adding in `Cargo.toml` the `check-cfg` lint config for the lint:
              [lints.rust]
              unexpected_cfgs = { level = "warn", check-cfg = ['cfg(verus_keep_ghost)'] }
     = help: or consider adding `println!("cargo::rustc-check-cfg=cfg(verus_keep_ghost)");` to the top of the `build.rs`
     = note: see <https://doc.rust-lang.org/nightly/rustc/check-cfg/cargo-specifics.html> for more information about checking conditional configuration

warning: unexpected `cfg` condition name: `verus_keep_ghost`
    --> /tmp/verus-crates/builtin/src/lib.rs:2005:7
     |
2005 | #[cfg(verus_keep_ghost)]
     |       ^^^^^^^^^^^^^^^^
     |
     = help: consider using a Cargo feature instead
     = help: or consider adding in `Cargo.toml` the `check-cfg` lint config for the lint:
              [lints.rust]
              unexpected_cfgs = { level = "warn", check-cfg = ['cfg(verus_keep_ghost)'] }
     = help: or consider adding `println!("cargo::rustc-check-cfg=cfg(verus_keep_ghost)");` to the top of the `build.rs`
     = note: see <https://doc.rust-lang.org/nightly/rustc/check-cfg/cargo-specifics.html> for more information about checking conditional configuration

warning: unexpected `cfg` condition name: `verus_keep_ghost`
    --> /tmp/verus-crates/builtin/src/lib.rs:2018:12
     |
2018 | #[cfg_attr(verus_keep_ghost, rustc_diagnostic_item = "verus::verus_builtin::FnProof")]
     |            ^^^^^^^^^^^^^^^^
     |
     = help: consider using a Cargo feature instead
     = help: or consider adding in `Cargo.toml` the `check-cfg` lint config for the lint:
              [lints.rust]
              unexpected_cfgs = { level = "warn", check-cfg = ['cfg(verus_keep_ghost)'] }
     = help: or consider adding `println!("cargo::rustc-check-cfg=cfg(verus_keep_ghost)");` to the top of the `build.rs`
     = note: see <https://doc.rust-lang.org/nightly/rustc/check-cfg/cargo-specifics.html> for more information about checking conditional configuration

warning: unexpected `cfg` condition name: `verus_keep_ghost`
    --> /tmp/verus-crates/builtin/src/lib.rs:2028:12
     |
2028 | #[cfg_attr(verus_keep_ghost, rustc_diagnostic_item = "verus::verus_builtin::FOpts")]
     |            ^^^^^^^^^^^^^^^^
     |
     = help: consider using a Cargo feature instead
     = help: or consider adding in `Cargo.toml` the `check-cfg` lint config for the lint:
              [lints.rust]
              unexpected_cfgs = { level = "warn", check-cfg = ['cfg(verus_keep_ghost)'] }
     = help: or consider adding `println!("cargo::rustc-check-cfg=cfg(verus_keep_ghost)");` to the top of the `build.rs`
     = note: see <https://doc.rust-lang.org/nightly/rustc/check-cfg/cargo-specifics.html> for more information about checking conditional configuration

warning: unexpected `cfg` condition name: `verus_keep_ghost`
    --> /tmp/verus-crates/builtin/src/lib.rs:2049:12
     |
2049 | #[cfg_attr(verus_keep_ghost, rustc_diagnostic_item = "verus::verus_builtin::Trk")]
     |            ^^^^^^^^^^^^^^^^
     |
     = help: consider using a Cargo feature instead
     = help: or consider adding in `Cargo.toml` the `check-cfg` lint config for the lint:
              [lints.rust]
              unexpected_cfgs = { level = "warn", check-cfg = ['cfg(verus_keep_ghost)'] }
     = help: or consider adding `println!("cargo::rustc-check-cfg=cfg(verus_keep_ghost)");` to the top of the `build.rs`
     = note: see <https://doc.rust-lang.org/nightly/rustc/check-cfg/cargo-specifics.html> for more information about checking conditional configuration

warning: unexpected `cfg` condition name: `verus_keep_ghost`
    --> /tmp/verus-crates/builtin/src/lib.rs:2054:12
     |
2054 | #[cfg_attr(verus_keep_ghost, rustc_diagnostic_item = "verus::verus_builtin::RqEn")]
     |            ^^^^^^^^^^^^^^^^
     |
     = help: consider using a Cargo feature instead
     = help: or consider adding in `Cargo.toml` the `check-cfg` lint config for the lint:
              [lints.rust]
              unexpected_cfgs = { level = "warn", check-cfg = ['cfg(verus_keep_ghost)'] }
     = help: or consider adding `println!("cargo::rustc-check-cfg=cfg(verus_keep_ghost)");` to the top of the `build.rs`
     = note: see <https://doc.rust-lang.org/nightly/rustc/check-cfg/cargo-specifics.html> for more information about checking conditional configuration

warning: unexpected `cfg` condition name: `verus_keep_ghost`
    --> /tmp/verus-crates/builtin/src/lib.rs:2057:12
     |
2057 | #[cfg_attr(verus_keep_ghost, rustc_diagnostic_item = "verus::verus_builtin::ProofFnOnce")]
     |            ^^^^^^^^^^^^^^^^
     |
     = help: consider using a Cargo feature instead
     = help: or consider adding in `Cargo.toml` the `check-cfg` lint config for the lint:
              [lints.rust]
              unexpected_cfgs = { level = "warn", check-cfg = ['cfg(verus_keep_ghost)'] }
     = help: or consider adding `println!("cargo::rustc-check-cfg=cfg(verus_keep_ghost)");` to the top of the `build.rs`
     = note: see <https://doc.rust-lang.org/nightly/rustc/check-cfg/cargo-specifics.html> for more information about checking conditional configuration

warning: unexpected `cfg` condition name: `verus_keep_ghost`
    --> /tmp/verus-crates/builtin/src/lib.rs:2058:12
     |
2058 | #[cfg_attr(verus_keep_ghost, verifier::sealed)]
     |            ^^^^^^^^^^^^^^^^
     |
     = help: consider using a Cargo feature instead
     = help: or consider adding in `Cargo.toml` the `check-cfg` lint config for the lint:
              [lints.rust]
              unexpected_cfgs = { level = "warn", check-cfg = ['cfg(verus_keep_ghost)'] }
     = help: or consider adding `println!("cargo::rustc-check-cfg=cfg(verus_keep_ghost)");` to the top of the `build.rs`
     = note: see <https://doc.rust-lang.org/nightly/rustc/check-cfg/cargo-specifics.html> for more information about checking conditional configuration

warning: unexpected `cfg` condition name: `verus_keep_ghost`
    --> /tmp/verus-crates/builtin/src/lib.rs:2060:12
     |
2060 | #[cfg_attr(verus_keep_ghost, rustc_diagnostic_item = "verus::verus_builtin::ProofFnMut")]
     |            ^^^^^^^^^^^^^^^^
     |
     = help: consider using a Cargo feature instead
     = help: or consider adding in `Cargo.toml` the `check-cfg` lint config for the lint:
              [lints.rust]
              unexpected_cfgs = { level = "warn", check-cfg = ['cfg(verus_keep_ghost)'] }
     = help: or consider adding `println!("cargo::rustc-check-cfg=cfg(verus_keep_ghost)");` to the top of the `build.rs`
     = note: see <https://doc.rust-lang.org/nightly/rustc/check-cfg/cargo-specifics.html> for more information about checking conditional configuration

warning: unexpected `cfg` condition name: `verus_keep_ghost`
    --> /tmp/verus-crates/builtin/src/lib.rs:2061:12
     |
2061 | #[cfg_attr(verus_keep_ghost, verifier::sealed)]
     |            ^^^^^^^^^^^^^^^^
     |
     = help: consider using a Cargo feature instead
     = help: or consider adding in `Cargo.toml` the `check-cfg` lint config for the lint:
              [lints.rust]
              unexpected_cfgs = { level = "warn", check-cfg = ['cfg(verus_keep_ghost)'] }
     = help: or consider adding `println!("cargo::rustc-check-cfg=cfg(verus_keep_ghost)");` to the top of the `build.rs`
     = note: see <https://doc.rust-lang.org/nightly/rustc/check-cfg/cargo-specifics.html> for more information about checking conditional configuration

warning: unexpected `cfg` condition name: `verus_keep_ghost`
    --> /tmp/verus-crates/builtin/src/lib.rs:2063:12
     |
2063 | #[cfg_attr(verus_keep_ghost, rustc_diagnostic_item = "verus::verus_builtin::ProofFn")]
     |            ^^^^^^^^^^^^^^^^
     |
     = help: consider using a Cargo feature instead
     = help: or consider adding in `Cargo.toml` the `check-cfg` lint config for the lint:
              [lints.rust]
              unexpected_cfgs = { level = "warn", check-cfg = ['cfg(verus_keep_ghost)'] }
     = help: or consider adding `println!("cargo::rustc-check-cfg=cfg(verus_keep_ghost)");` to the top of the `build.rs`
     = note: see <https://doc.rust-lang.org/nightly/rustc/check-cfg/cargo-specifics.html> for more information about checking conditional configuration

warning: unexpected `cfg` condition name: `verus_keep_ghost`
    --> /tmp/verus-crates/builtin/src/lib.rs:2064:12
     |
2064 | #[cfg_attr(verus_keep_ghost, verifier::sealed)]
     |            ^^^^^^^^^^^^^^^^
     |
     = help: consider using a Cargo feature instead
     = help: or consider adding in `Cargo.toml` the `check-cfg` lint config for the lint:
              [lints.rust]
              unexpected_cfgs = { level = "warn", check-cfg = ['cfg(verus_keep_ghost)'] }
     = help: or consider adding `println!("cargo::rustc-check-cfg=cfg(verus_keep_ghost)");` to the top of the `build.rs`
     = note: see <https://doc.rust-lang.org/nightly/rustc/check-cfg/cargo-specifics.html> for more information about checking conditional configuration

warning: unexpected `cfg` condition name: `verus_keep_ghost`
    --> /tmp/verus-crates/builtin/src/lib.rs:2071:12
     |
2071 | #[cfg_attr(verus_keep_ghost, verifier::sealed)]
     |            ^^^^^^^^^^^^^^^^
     |
     = help: consider using a Cargo feature instead
     = help: or consider adding in `Cargo.toml` the `check-cfg` lint config for the lint:
              [lints.rust]
              unexpected_cfgs = { level = "warn", check-cfg = ['cfg(verus_keep_ghost)'] }
     = help: or consider adding `println!("cargo::rustc-check-cfg=cfg(verus_keep_ghost)");` to the top of the `build.rs`
     = note: see <https://doc.rust-lang.org/nightly/rustc/check-cfg/cargo-specifics.html> for more information about checking conditional configuration

warning: unexpected `cfg` condition name: `verus_keep_ghost`
    --> /tmp/verus-crates/builtin/src/lib.rs:2134:7
     |
2134 | #[cfg(verus_keep_ghost)]
     |       ^^^^^^^^^^^^^^^^
     |
     = help: consider using a Cargo feature instead
     = help: or consider adding in `Cargo.toml` the `check-cfg` lint config for the lint:
              [lints.rust]
              unexpected_cfgs = { level = "warn", check-cfg = ['cfg(verus_keep_ghost)'] }
     = help: or consider adding `println!("cargo::rustc-check-cfg=cfg(verus_keep_ghost)");` to the top of the `build.rs`
     = note: see <https://doc.rust-lang.org/nightly/rustc/check-cfg/cargo-specifics.html> for more information about checking conditional configuration

warning: unexpected `cfg` condition name: `verus_keep_ghost`
    --> /tmp/verus-crates/builtin/src/lib.rs:2144:7
     |
2144 | #[cfg(verus_keep_ghost)]
     |       ^^^^^^^^^^^^^^^^
     |
     = help: consider using a Cargo feature instead
     = help: or consider adding in `Cargo.toml` the `check-cfg` lint config for the lint:
              [lints.rust]
              unexpected_cfgs = { level = "warn", check-cfg = ['cfg(verus_keep_ghost)'] }
     = help: or consider adding `println!("cargo::rustc-check-cfg=cfg(verus_keep_ghost)");` to the top of the `build.rs`
     = note: see <https://doc.rust-lang.org/nightly/rustc/check-cfg/cargo-specifics.html> for more information about checking conditional configuration

warning: unexpected `cfg` condition name: `verus_keep_ghost`
    --> /tmp/verus-crates/builtin/src/lib.rs:2153:7
     |
2153 | #[cfg(verus_keep_ghost)]
     |       ^^^^^^^^^^^^^^^^
     |
     = help: consider using a Cargo feature instead
     = help: or consider adding in `Cargo.toml` the `check-cfg` lint config for the lint:
              [lints.rust]
              unexpected_cfgs = { level = "warn", check-cfg = ['cfg(verus_keep_ghost)'] }
     = help: or consider adding `println!("cargo::rustc-check-cfg=cfg(verus_keep_ghost)");` to the top of the `build.rs`
     = note: see <https://doc.rust-lang.org/nightly/rustc/check-cfg/cargo-specifics.html> for more information about checking conditional configuration

warning: unexpected `cfg` condition name: `verus_keep_ghost`
    --> /tmp/verus-crates/builtin/src/lib.rs:2186:7
     |
2186 | #[cfg(verus_keep_ghost)]
     |       ^^^^^^^^^^^^^^^^
     |
     = help: consider using a Cargo feature instead
     = help: or consider adding in `Cargo.toml` the `check-cfg` lint config for the lint:
              [lints.rust]
              unexpected_cfgs = { level = "warn", check-cfg = ['cfg(verus_keep_ghost)'] }
     = help: or consider adding `println!("cargo::rustc-check-cfg=cfg(verus_keep_ghost)");` to the top of the `build.rs`
     = note: see <https://doc.rust-lang.org/nightly/rustc/check-cfg/cargo-specifics.html> for more information about checking conditional configuration

warning: unexpected `cfg` condition name: `verus_keep_ghost`
    --> /tmp/verus-crates/builtin/src/lib.rs:2187:12
     |
2187 | #[cfg_attr(verus_keep_ghost, verifier::sealed)]
     |            ^^^^^^^^^^^^^^^^
     |
     = help: consider using a Cargo feature instead
     = help: or consider adding in `Cargo.toml` the `check-cfg` lint config for the lint:
              [lints.rust]
              unexpected_cfgs = { level = "warn", check-cfg = ['cfg(verus_keep_ghost)'] }
     = help: or consider adding `println!("cargo::rustc-check-cfg=cfg(verus_keep_ghost)");` to the top of the `build.rs`
     = note: see <https://doc.rust-lang.org/nightly/rustc/check-cfg/cargo-specifics.html> for more information about checking conditional configuration

warning: unexpected `cfg` condition name: `verus_keep_ghost`
    --> /tmp/verus-crates/builtin/src/lib.rs:2189:7
     |
2189 | #[cfg(verus_keep_ghost)]
     |       ^^^^^^^^^^^^^^^^
     |
     = help: consider using a Cargo feature instead
     = help: or consider adding in `Cargo.toml` the `check-cfg` lint config for the lint:
              [lints.rust]
              unexpected_cfgs = { level = "warn", check-cfg = ['cfg(verus_keep_ghost)'] }
     = help: or consider adding `println!("cargo::rustc-check-cfg=cfg(verus_keep_ghost)");` to the top of the `build.rs`
     = note: see <https://doc.rust-lang.org/nightly/rustc/check-cfg/cargo-specifics.html> for more information about checking conditional configuration

warning: unexpected `cfg` condition name: `verus_keep_ghost`
    --> /tmp/verus-crates/builtin/src/lib.rs:2194:7
     |
2194 | #[cfg(verus_keep_ghost)]
     |       ^^^^^^^^^^^^^^^^
     |
     = help: consider using a Cargo feature instead
     = help: or consider adding in `Cargo.toml` the `check-cfg` lint config for the lint:
              [lints.rust]
              unexpected_cfgs = { level = "warn", check-cfg = ['cfg(verus_keep_ghost)'] }
     = help: or consider adding `println!("cargo::rustc-check-cfg=cfg(verus_keep_ghost)");` to the top of the `build.rs`
     = note: see <https://doc.rust-lang.org/nightly/rustc/check-cfg/cargo-specifics.html> for more information about checking conditional configuration

warning: unexpected `cfg` condition name: `verus_keep_ghost`
    --> /tmp/verus-crates/builtin/src/lib.rs:2199:7
     |
2199 | #[cfg(verus_keep_ghost)]
     |       ^^^^^^^^^^^^^^^^
     |
     = help: consider using a Cargo feature instead
     = help: or consider adding in `Cargo.toml` the `check-cfg` lint config for the lint:
              [lints.rust]
              unexpected_cfgs = { level = "warn", check-cfg = ['cfg(verus_keep_ghost)'] }
     = help: or consider adding `println!("cargo::rustc-check-cfg=cfg(verus_keep_ghost)");` to the top of the `build.rs`
     = note: see <https://doc.rust-lang.org/nightly/rustc/check-cfg/cargo-specifics.html> for more information about checking conditional configuration

warning: unexpected `cfg` condition name: `verus_keep_ghost`
    --> /tmp/verus-crates/builtin/src/lib.rs:2208:7
     |
2208 | #[cfg(verus_keep_ghost)]
     |       ^^^^^^^^^^^^^^^^
     |
     = help: consider using a Cargo feature instead
     = help: or consider adding in `Cargo.toml` the `check-cfg` lint config for the lint:
              [lints.rust]
              unexpected_cfgs = { level = "warn", check-cfg = ['cfg(verus_keep_ghost)'] }
     = help: or consider adding `println!("cargo::rustc-check-cfg=cfg(verus_keep_ghost)");` to the top of the `build.rs`
     = note: see <https://doc.rust-lang.org/nightly/rustc/check-cfg/cargo-specifics.html> for more information about checking conditional configuration

warning: unexpected `cfg` condition name: `verus_keep_ghost`
    --> /tmp/verus-crates/builtin/src/lib.rs:2209:12
     |
2209 | #[cfg_attr(verus_keep_ghost, verifier::sealed)]
     |            ^^^^^^^^^^^^^^^^
     |
     = help: consider using a Cargo feature instead
     = help: or consider adding in `Cargo.toml` the `check-cfg` lint config for the lint:
              [lints.rust]
              unexpected_cfgs = { level = "warn", check-cfg = ['cfg(verus_keep_ghost)'] }
     = help: or consider adding `println!("cargo::rustc-check-cfg=cfg(verus_keep_ghost)");` to the top of the `build.rs`
     = note: see <https://doc.rust-lang.org/nightly/rustc/check-cfg/cargo-specifics.html> for more information about checking conditional configuration

warning: unexpected `cfg` condition name: `verus_keep_ghost`
    --> /tmp/verus-crates/builtin/src/lib.rs:2211:7
     |
2211 | #[cfg(verus_keep_ghost)]
     |       ^^^^^^^^^^^^^^^^
     |
     = help: consider using a Cargo feature instead
     = help: or consider adding in `Cargo.toml` the `check-cfg` lint config for the lint:
              [lints.rust]
              unexpected_cfgs = { level = "warn", check-cfg = ['cfg(verus_keep_ghost)'] }
     = help: or consider adding `println!("cargo::rustc-check-cfg=cfg(verus_keep_ghost)");` to the top of the `build.rs`
     = note: see <https://doc.rust-lang.org/nightly/rustc/check-cfg/cargo-specifics.html> for more information about checking conditional configuration

warning: unexpected `cfg` condition name: `verus_keep_ghost`
    --> /tmp/verus-crates/builtin/src/lib.rs:2213:7
     |
2213 | #[cfg(verus_keep_ghost)]
     |       ^^^^^^^^^^^^^^^^
     |
     = help: consider using a Cargo feature instead
     = help: or consider adding in `Cargo.toml` the `check-cfg` lint config for the lint:
              [lints.rust]
              unexpected_cfgs = { level = "warn", check-cfg = ['cfg(verus_keep_ghost)'] }
     = help: or consider adding `println!("cargo::rustc-check-cfg=cfg(verus_keep_ghost)");` to the top of the `build.rs`
     = note: see <https://doc.rust-lang.org/nightly/rustc/check-cfg/cargo-specifics.html> for more information about checking conditional configuration

warning: unexpected `cfg` condition name: `verus_keep_ghost`
    --> /tmp/verus-crates/builtin/src/lib.rs:2217:7
     |
2217 | #[cfg(verus_keep_ghost)]
     |       ^^^^^^^^^^^^^^^^
     |
     = help: consider using a Cargo feature instead
     = help: or consider adding in `Cargo.toml` the `check-cfg` lint config for the lint:
              [lints.rust]
              unexpected_cfgs = { level = "warn", check-cfg = ['cfg(verus_keep_ghost)'] }
     = help: or consider adding `println!("cargo::rustc-check-cfg=cfg(verus_keep_ghost)");` to the top of the `build.rs`
     = note: see <https://doc.rust-lang.org/nightly/rustc/check-cfg/cargo-specifics.html> for more information about checking conditional configuration

warning: unexpected `cfg` condition name: `verus_keep_ghost`
    --> /tmp/verus-crates/builtin/src/lib.rs:2218:12
     |
2218 | #[cfg_attr(verus_keep_ghost, verifier::sealed)]
     |            ^^^^^^^^^^^^^^^^
     |
     = help: consider using a Cargo feature instead
     = help: or consider adding in `Cargo.toml` the `check-cfg` lint config for the lint:
              [lints.rust]
              unexpected_cfgs = { level = "warn", check-cfg = ['cfg(verus_keep_ghost)'] }
     = help: or consider adding `println!("cargo::rustc-check-cfg=cfg(verus_keep_ghost)");` to the top of the `build.rs`
     = note: see <https://doc.rust-lang.org/nightly/rustc/check-cfg/cargo-specifics.html> for more information about checking conditional configuration

warning: unexpected `cfg` condition name: `verus_keep_ghost`
    --> /tmp/verus-crates/builtin/src/lib.rs:2220:7
     |
2220 | #[cfg(verus_keep_ghost)]
     |       ^^^^^^^^^^^^^^^^
     |
     = help: consider using a Cargo feature instead
     = help: or consider adding in `Cargo.toml` the `check-cfg` lint config for the lint:
              [lints.rust]
              unexpected_cfgs = { level = "warn", check-cfg = ['cfg(verus_keep_ghost)'] }
     = help: or consider adding `println!("cargo::rustc-check-cfg=cfg(verus_keep_ghost)");` to the top of the `build.rs`
     = note: see <https://doc.rust-lang.org/nightly/rustc/check-cfg/cargo-specifics.html> for more information about checking conditional configuration

warning: unexpected `cfg` condition name: `verus_keep_ghost`
    --> /tmp/verus-crates/builtin/src/lib.rs:2222:7
     |
2222 | #[cfg(verus_keep_ghost)]
     |       ^^^^^^^^^^^^^^^^
     |
     = help: consider using a Cargo feature instead
     = help: or consider adding in `Cargo.toml` the `check-cfg` lint config for the lint:
              [lints.rust]
              unexpected_cfgs = { level = "warn", check-cfg = ['cfg(verus_keep_ghost)'] }
     = help: or consider adding `println!("cargo::rustc-check-cfg=cfg(verus_keep_ghost)");` to the top of the `build.rs`
     = note: see <https://doc.rust-lang.org/nightly/rustc/check-cfg/cargo-specifics.html> for more information about checking conditional configuration

warning: unexpected `cfg` condition name: `verus_keep_ghost`
    --> /tmp/verus-crates/builtin/src/lib.rs:2226:7
     |
2226 | #[cfg(verus_keep_ghost)]
     |       ^^^^^^^^^^^^^^^^
     |
     = help: consider using a Cargo feature instead
     = help: or consider adding in `Cargo.toml` the `check-cfg` lint config for the lint:
              [lints.rust]
              unexpected_cfgs = { level = "warn", check-cfg = ['cfg(verus_keep_ghost)'] }
     = help: or consider adding `println!("cargo::rustc-check-cfg=cfg(verus_keep_ghost)");` to the top of the `build.rs`
     = note: see <https://doc.rust-lang.org/nightly/rustc/check-cfg/cargo-specifics.html> for more information about checking conditional configuration

warning: unexpected `cfg` condition name: `verus_keep_ghost`
    --> /tmp/verus-crates/builtin/src/lib.rs:2227:12
     |
2227 | #[cfg_attr(verus_keep_ghost, verifier::sealed)]
     |            ^^^^^^^^^^^^^^^^
     |
     = help: consider using a Cargo feature instead
     = help: or consider adding in `Cargo.toml` the `check-cfg` lint config for the lint:
              [lints.rust]
              unexpected_cfgs = { level = "warn", check-cfg = ['cfg(verus_keep_ghost)'] }
     = help: or consider adding `println!("cargo::rustc-check-cfg=cfg(verus_keep_ghost)");` to the top of the `build.rs`
     = note: see <https://doc.rust-lang.org/nightly/rustc/check-cfg/cargo-specifics.html> for more information about checking conditional configuration

warning: unexpected `cfg` condition name: `verus_keep_ghost`
    --> /tmp/verus-crates/builtin/src/lib.rs:2229:7
     |
2229 | #[cfg(verus_keep_ghost)]
     |       ^^^^^^^^^^^^^^^^
     |
     = help: consider using a Cargo feature instead
     = help: or consider adding in `Cargo.toml` the `check-cfg` lint config for the lint:
              [lints.rust]
              unexpected_cfgs = { level = "warn", check-cfg = ['cfg(verus_keep_ghost)'] }
     = help: or consider adding `println!("cargo::rustc-check-cfg=cfg(verus_keep_ghost)");` to the top of the `build.rs`
     = note: see <https://doc.rust-lang.org/nightly/rustc/check-cfg/cargo-specifics.html> for more information about checking conditional configuration

warning: unexpected `cfg` condition name: `verus_keep_ghost`
    --> /tmp/verus-crates/builtin/src/lib.rs:2231:7
     |
2231 | #[cfg(verus_keep_ghost)]
     |       ^^^^^^^^^^^^^^^^
     |
     = help: consider using a Cargo feature instead
     = help: or consider adding in `Cargo.toml` the `check-cfg` lint config for the lint:
              [lints.rust]
              unexpected_cfgs = { level = "warn", check-cfg = ['cfg(verus_keep_ghost)'] }
     = help: or consider adding `println!("cargo::rustc-check-cfg=cfg(verus_keep_ghost)");` to the top of the `build.rs`
     = note: see <https://doc.rust-lang.org/nightly/rustc/check-cfg/cargo-specifics.html> for more information about checking conditional configuration

warning: unexpected `cfg` condition name: `verus_keep_ghost`
    --> /tmp/verus-crates/builtin/src/lib.rs:2235:7
     |
2235 | #[cfg(verus_keep_ghost)]
     |       ^^^^^^^^^^^^^^^^
     |
     = help: consider using a Cargo feature instead
     = help: or consider adding in `Cargo.toml` the `check-cfg` lint config for the lint:
              [lints.rust]
              unexpected_cfgs = { level = "warn", check-cfg = ['cfg(verus_keep_ghost)'] }
     = help: or consider adding `println!("cargo::rustc-check-cfg=cfg(verus_keep_ghost)");` to the top of the `build.rs`
     = note: see <https://doc.rust-lang.org/nightly/rustc/check-cfg/cargo-specifics.html> for more information about checking conditional configuration

warning: unexpected `cfg` condition name: `verus_keep_ghost`
    --> /tmp/verus-crates/builtin/src/lib.rs:2236:12
     |
2236 | #[cfg_attr(verus_keep_ghost, verifier::sealed)]
     |            ^^^^^^^^^^^^^^^^
     |
     = help: consider using a Cargo feature instead
     = help: or consider adding in `Cargo.toml` the `check-cfg` lint config for the lint:
              [lints.rust]
              unexpected_cfgs = { level = "warn", check-cfg = ['cfg(verus_keep_ghost)'] }
     = help: or consider adding `println!("cargo::rustc-check-cfg=cfg(verus_keep_ghost)");` to the top of the `build.rs`
     = note: see <https://doc.rust-lang.org/nightly/rustc/check-cfg/cargo-specifics.html> for more information about checking conditional configuration

warning: unexpected `cfg` condition name: `verus_keep_ghost`
    --> /tmp/verus-crates/builtin/src/lib.rs:2238:7
     |
2238 | #[cfg(verus_keep_ghost)]
     |       ^^^^^^^^^^^^^^^^
     |
     = help: consider using a Cargo feature instead
     = help: or consider adding in `Cargo.toml` the `check-cfg` lint config for the lint:
              [lints.rust]
              unexpected_cfgs = { level = "warn", check-cfg = ['cfg(verus_keep_ghost)'] }
     = help: or consider adding `println!("cargo::rustc-check-cfg=cfg(verus_keep_ghost)");` to the top of the `build.rs`
     = note: see <https://doc.rust-lang.org/nightly/rustc/check-cfg/cargo-specifics.html> for more information about checking conditional configuration

warning: unexpected `cfg` condition name: `verus_keep_ghost`
    --> /tmp/verus-crates/builtin/src/lib.rs:2240:7
     |
2240 | #[cfg(verus_keep_ghost)]
     |       ^^^^^^^^^^^^^^^^
     |
     = help: consider using a Cargo feature instead
     = help: or consider adding in `Cargo.toml` the `check-cfg` lint config for the lint:
              [lints.rust]
              unexpected_cfgs = { level = "warn", check-cfg = ['cfg(verus_keep_ghost)'] }
     = help: or consider adding `println!("cargo::rustc-check-cfg=cfg(verus_keep_ghost)");` to the top of the `build.rs`
     = note: see <https://doc.rust-lang.org/nightly/rustc/check-cfg/cargo-specifics.html> for more information about checking conditional configuration

warning: unexpected `cfg` condition name: `verus_keep_ghost`
    --> /tmp/verus-crates/builtin/src/lib.rs:2246:7
     |
2246 | #[cfg(verus_keep_ghost)]
     |       ^^^^^^^^^^^^^^^^
     |
     = help: consider using a Cargo feature instead
     = help: or consider adding in `Cargo.toml` the `check-cfg` lint config for the lint:
              [lints.rust]
              unexpected_cfgs = { level = "warn", check-cfg = ['cfg(verus_keep_ghost)'] }
     = help: or consider adding `println!("cargo::rustc-check-cfg=cfg(verus_keep_ghost)");` to the top of the `build.rs`
     = note: see <https://doc.rust-lang.org/nightly/rustc/check-cfg/cargo-specifics.html> for more information about checking conditional configuration

warning: unexpected `cfg` condition name: `verus_keep_ghost`
    --> /tmp/verus-crates/builtin/src/lib.rs:2247:12
     |
2247 | #[cfg_attr(verus_keep_ghost, rustc_diagnostic_item = "verus::verus_builtin::closure_to_fn_proof")]
     |            ^^^^^^^^^^^^^^^^
     |
     = help: consider using a Cargo feature instead
     = help: or consider adding in `Cargo.toml` the `check-cfg` lint config for the lint:
              [lints.rust]
              unexpected_cfgs = { level = "warn", check-cfg = ['cfg(verus_keep_ghost)'] }
     = help: or consider adding `println!("cargo::rustc-check-cfg=cfg(verus_keep_ghost)");` to the top of the `build.rs`
     = note: see <https://doc.rust-lang.org/nightly/rustc/check-cfg/cargo-specifics.html> for more information about checking conditional configuration

warning: unexpected `cfg` condition name: `verus_keep_ghost`
    --> /tmp/verus-crates/builtin/src/lib.rs:2275:7
     |
2275 | #[cfg(verus_keep_ghost)]
     |       ^^^^^^^^^^^^^^^^
     |
     = help: consider using a Cargo feature instead
     = help: or consider adding in `Cargo.toml` the `check-cfg` lint config for the lint:
              [lints.rust]
              unexpected_cfgs = { level = "warn", check-cfg = ['cfg(verus_keep_ghost)'] }
     = help: or consider adding `println!("cargo::rustc-check-cfg=cfg(verus_keep_ghost)");` to the top of the `build.rs`
     = note: see <https://doc.rust-lang.org/nightly/rustc/check-cfg/cargo-specifics.html> for more information about checking conditional configuration

warning: unexpected `cfg` condition name: `verus_keep_ghost`
    --> /tmp/verus-crates/builtin/src/lib.rs:2281:7
     |
2281 | #[cfg(verus_keep_ghost)]
     |       ^^^^^^^^^^^^^^^^
     |
     = help: consider using a Cargo feature instead
     = help: or consider adding in `Cargo.toml` the `check-cfg` lint config for the lint:
              [lints.rust]
              unexpected_cfgs = { level = "warn", check-cfg = ['cfg(verus_keep_ghost)'] }
     = help: or consider adding `println!("cargo::rustc-check-cfg=cfg(verus_keep_ghost)");` to the top of the `build.rs`
     = note: see <https://doc.rust-lang.org/nightly/rustc/check-cfg/cargo-specifics.html> for more information about checking conditional configuration

warning: unexpected `cfg` condition name: `verus_keep_ghost`
    --> /tmp/verus-crates/builtin/src/lib.rs:2287:7
     |
2287 | #[cfg(verus_keep_ghost)]
     |       ^^^^^^^^^^^^^^^^
     |
     = help: consider using a Cargo feature instead
     = help: or consider adding in `Cargo.toml` the `check-cfg` lint config for the lint:
              [lints.rust]
              unexpected_cfgs = { level = "warn", check-cfg = ['cfg(verus_keep_ghost)'] }
     = help: or consider adding `println!("cargo::rustc-check-cfg=cfg(verus_keep_ghost)");` to the top of the `build.rs`
     = note: see <https://doc.rust-lang.org/nightly/rustc/check-cfg/cargo-specifics.html> for more information about checking conditional configuration

warning: unexpected `cfg` condition name: `verus_keep_ghost`
    --> /tmp/verus-crates/builtin/src/lib.rs:2293:7
     |
2293 | #[cfg(verus_keep_ghost)]
     |       ^^^^^^^^^^^^^^^^
     |
     = help: consider using a Cargo feature instead
     = help: or consider adding in `Cargo.toml` the `check-cfg` lint config for the lint:
              [lints.rust]
              unexpected_cfgs = { level = "warn", check-cfg = ['cfg(verus_keep_ghost)'] }
     = help: or consider adding `println!("cargo::rustc-check-cfg=cfg(verus_keep_ghost)");` to the top of the `build.rs`
     = note: see <https://doc.rust-lang.org/nightly/rustc/check-cfg/cargo-specifics.html> for more information about checking conditional configuration

warning: unexpected `cfg` condition name: `verus_keep_ghost`
    --> /tmp/verus-crates/builtin/src/lib.rs:2299:7
     |
2299 | #[cfg(verus_keep_ghost)]
     |       ^^^^^^^^^^^^^^^^
     |
     = help: consider using a Cargo feature instead
     = help: or consider adding in `Cargo.toml` the `check-cfg` lint config for the lint:
              [lints.rust]
              unexpected_cfgs = { level = "warn", check-cfg = ['cfg(verus_keep_ghost)'] }
     = help: or consider adding `println!("cargo::rustc-check-cfg=cfg(verus_keep_ghost)");` to the top of the `build.rs`
     = note: see <https://doc.rust-lang.org/nightly/rustc/check-cfg/cargo-specifics.html> for more information about checking conditional configuration

warning: unexpected `cfg` condition name: `verus_keep_ghost`
    --> /tmp/verus-crates/builtin/src/lib.rs:2305:7
     |
2305 | #[cfg(verus_keep_ghost)]
     |       ^^^^^^^^^^^^^^^^
     |
     = help: consider using a Cargo feature instead
     = help: or consider adding in `Cargo.toml` the `check-cfg` lint config for the lint:
              [lints.rust]
              unexpected_cfgs = { level = "warn", check-cfg = ['cfg(verus_keep_ghost)'] }
     = help: or consider adding `println!("cargo::rustc-check-cfg=cfg(verus_keep_ghost)");` to the top of the `build.rs`
     = note: see <https://doc.rust-lang.org/nightly/rustc/check-cfg/cargo-specifics.html> for more information about checking conditional configuration

warning: unexpected `cfg` condition name: `verus_keep_ghost`
    --> /tmp/verus-crates/builtin/src/lib.rs:2311:7
     |
2311 | #[cfg(verus_keep_ghost)]
     |       ^^^^^^^^^^^^^^^^
     |
     = help: consider using a Cargo feature instead
     = help: or consider adding in `Cargo.toml` the `check-cfg` lint config for the lint:
              [lints.rust]
              unexpected_cfgs = { level = "warn", check-cfg = ['cfg(verus_keep_ghost)'] }
     = help: or consider adding `println!("cargo::rustc-check-cfg=cfg(verus_keep_ghost)");` to the top of the `build.rs`
     = note: see <https://doc.rust-lang.org/nightly/rustc/check-cfg/cargo-specifics.html> for more information about checking conditional configuration

warning: unexpected `cfg` condition name: `verus_verify_core`
    --> /tmp/verus-crates/builtin/src/lib.rs:2318:11
     |
2318 | #[cfg(not(verus_verify_core))]
     |           ^^^^^^^^^^^^^^^^^
     |
     = help: consider using a Cargo feature instead
     = help: or consider adding in `Cargo.toml` the `check-cfg` lint config for the lint:
              [lints.rust]
              unexpected_cfgs = { level = "warn", check-cfg = ['cfg(verus_verify_core)'] }
     = help: or consider adding `println!("cargo::rustc-check-cfg=cfg(verus_verify_core)");` to the top of the `build.rs`
     = note: see <https://doc.rust-lang.org/nightly/rustc/check-cfg/cargo-specifics.html> for more information about checking conditional configuration

warning: unexpected `cfg` condition name: `verus_verify_core`
    --> /tmp/verus-crates/builtin/src/lib.rs:2336:11
     |
2336 | #[cfg(not(verus_verify_core))]
     |           ^^^^^^^^^^^^^^^^^
     |
     = help: consider using a Cargo feature instead
     = help: or consider adding in `Cargo.toml` the `check-cfg` lint config for the lint:
              [lints.rust]
              unexpected_cfgs = { level = "warn", check-cfg = ['cfg(verus_verify_core)'] }
     = help: or consider adding `println!("cargo::rustc-check-cfg=cfg(verus_verify_core)");` to the top of the `build.rs`
     = note: see <https://doc.rust-lang.org/nightly/rustc/check-cfg/cargo-specifics.html> for more information about checking conditional configuration

warning: unexpected `cfg` condition name: `verus_verify_core`
    --> /tmp/verus-crates/builtin/src/lib.rs:2344:7
     |
2344 | #[cfg(verus_verify_core)]
     |       ^^^^^^^^^^^^^^^^^
     |
     = help: consider using a Cargo feature instead
     = help: or consider adding in `Cargo.toml` the `check-cfg` lint config for the lint:
              [lints.rust]
              unexpected_cfgs = { level = "warn", check-cfg = ['cfg(verus_verify_core)'] }
     = help: or consider adding `println!("cargo::rustc-check-cfg=cfg(verus_verify_core)");` to the top of the `build.rs`
     = note: see <https://doc.rust-lang.org/nightly/rustc/check-cfg/cargo-specifics.html> for more information about checking conditional configuration

warning: unexpected `cfg` condition name: `verus_verify_core`
    --> /tmp/verus-crates/builtin/src/lib.rs:2352:7
     |
2352 | #[cfg(verus_verify_core)]
     |       ^^^^^^^^^^^^^^^^^
     |
     = help: consider using a Cargo feature instead
     = help: or consider adding in `Cargo.toml` the `check-cfg` lint config for the lint:
              [lints.rust]
              unexpected_cfgs = { level = "warn", check-cfg = ['cfg(verus_verify_core)'] }
     = help: or consider adding `println!("cargo::rustc-check-cfg=cfg(verus_verify_core)");` to the top of the `build.rs`
     = note: see <https://doc.rust-lang.org/nightly/rustc/check-cfg/cargo-specifics.html> for more information about checking conditional configuration

warning: unexpected `cfg` condition name: `verus_verify_core`
    --> /tmp/verus-crates/builtin/src/lib.rs:2359:7
     |
2359 | #[cfg(verus_verify_core)]
     |       ^^^^^^^^^^^^^^^^^
     |
     = help: consider using a Cargo feature instead
     = help: or consider adding in `Cargo.toml` the `check-cfg` lint config for the lint:
              [lints.rust]
              unexpected_cfgs = { level = "warn", check-cfg = ['cfg(verus_verify_core)'] }
     = help: or consider adding `println!("cargo::rustc-check-cfg=cfg(verus_verify_core)");` to the top of the `build.rs`
     = note: see <https://doc.rust-lang.org/nightly/rustc/check-cfg/cargo-specifics.html> for more information about checking conditional configuration

warning: unexpected `cfg` condition name: `verus_verify_core`
    --> /tmp/verus-crates/builtin/src/lib.rs:2361:7
     |
2361 | #[cfg(verus_verify_core)]
     |       ^^^^^^^^^^^^^^^^^
     |
     = help: consider using a Cargo feature instead
     = help: or consider adding in `Cargo.toml` the `check-cfg` lint config for the lint:
              [lints.rust]
              unexpected_cfgs = { level = "warn", check-cfg = ['cfg(verus_verify_core)'] }
     = help: or consider adding `println!("cargo::rustc-check-cfg=cfg(verus_verify_core)");` to the top of the `build.rs`
     = note: see <https://doc.rust-lang.org/nightly/rustc/check-cfg/cargo-specifics.html> for more information about checking conditional configuration

warning: unexpected `cfg` condition name: `verus_keep_ghost`
    --> /tmp/verus-crates/builtin/src/lib.rs:2364:7
     |
2364 | #[cfg(verus_keep_ghost)]
     |       ^^^^^^^^^^^^^^^^
     |
     = help: consider using a Cargo feature instead
     = help: or consider adding in `Cargo.toml` the `check-cfg` lint config for the lint:
              [lints.rust]
              unexpected_cfgs = { level = "warn", check-cfg = ['cfg(verus_keep_ghost)'] }
     = help: or consider adding `println!("cargo::rustc-check-cfg=cfg(verus_keep_ghost)");` to the top of the `build.rs`
     = note: see <https://doc.rust-lang.org/nightly/rustc/check-cfg/cargo-specifics.html> for more information about checking conditional configuration

warning: unexpected `cfg` condition name: `verus_keep_ghost`
    --> /tmp/verus-crates/builtin/src/lib.rs:2371:7
     |
2371 | #[cfg(verus_keep_ghost)]
     |       ^^^^^^^^^^^^^^^^
     |
     = help: consider using a Cargo feature instead
     = help: or consider adding in `Cargo.toml` the `check-cfg` lint config for the lint:
              [lints.rust]
              unexpected_cfgs = { level = "warn", check-cfg = ['cfg(verus_keep_ghost)'] }
     = help: or consider adding `println!("cargo::rustc-check-cfg=cfg(verus_keep_ghost)");` to the top of the `build.rs`
     = note: see <https://doc.rust-lang.org/nightly/rustc/check-cfg/cargo-specifics.html> for more information about checking conditional configuration

warning: unexpected `cfg` condition name: `verus_keep_ghost`
    --> /tmp/verus-crates/builtin/src/lib.rs:2376:7
     |
2376 | #[cfg(verus_keep_ghost)]
     |       ^^^^^^^^^^^^^^^^
     |
     = help: consider using a Cargo feature instead
     = help: or consider adding in `Cargo.toml` the `check-cfg` lint config for the lint:
              [lints.rust]
              unexpected_cfgs = { level = "warn", check-cfg = ['cfg(verus_keep_ghost)'] }
     = help: or consider adding `println!("cargo::rustc-check-cfg=cfg(verus_keep_ghost)");` to the top of the `build.rs`
     = note: see <https://doc.rust-lang.org/nightly/rustc/check-cfg/cargo-specifics.html> for more information about checking conditional configuration

warning: unexpected `cfg` condition name: `verus_keep_ghost`
    --> /tmp/verus-crates/builtin/src/lib.rs:2383:7
     |
2383 | #[cfg(verus_keep_ghost)]
     |       ^^^^^^^^^^^^^^^^
     |
     = help: consider using a Cargo feature instead
     = help: or consider adding in `Cargo.toml` the `check-cfg` lint config for the lint:
              [lints.rust]
              unexpected_cfgs = { level = "warn", check-cfg = ['cfg(verus_keep_ghost)'] }
     = help: or consider adding `println!("cargo::rustc-check-cfg=cfg(verus_keep_ghost)");` to the top of the `build.rs`
     = note: see <https://doc.rust-lang.org/nightly/rustc/check-cfg/cargo-specifics.html> for more information about checking conditional configuration

warning: unexpected `cfg` condition name: `verus_keep_ghost`
    --> /tmp/verus-crates/builtin/src/lib.rs:2392:7
     |
2392 | #[cfg(verus_keep_ghost)]
     |       ^^^^^^^^^^^^^^^^
     |
     = help: consider using a Cargo feature instead
     = help: or consider adding in `Cargo.toml` the `check-cfg` lint config for the lint:
              [lints.rust]
              unexpected_cfgs = { level = "warn", check-cfg = ['cfg(verus_keep_ghost)'] }
     = help: or consider adding `println!("cargo::rustc-check-cfg=cfg(verus_keep_ghost)");` to the top of the `build.rs`
     = note: see <https://doc.rust-lang.org/nightly/rustc/check-cfg/cargo-specifics.html> for more information about checking conditional configuration

warning: unexpected `cfg` condition name: `verus_keep_ghost`
    --> /tmp/verus-crates/builtin/src/lib.rs:2398:7
     |
2398 | #[cfg(verus_keep_ghost)]
     |       ^^^^^^^^^^^^^^^^
     |
     = help: consider using a Cargo feature instead
     = help: or consider adding in `Cargo.toml` the `check-cfg` lint config for the lint:
              [lints.rust]
              unexpected_cfgs = { level = "warn", check-cfg = ['cfg(verus_keep_ghost)'] }
     = help: or consider adding `println!("cargo::rustc-check-cfg=cfg(verus_keep_ghost)");` to the top of the `build.rs`
     = note: see <https://doc.rust-lang.org/nightly/rustc/check-cfg/cargo-specifics.html> for more information about checking conditional configuration

warning: unexpected `cfg` condition name: `verus_keep_ghost`
    --> /tmp/verus-crates/builtin/src/lib.rs:2404:7
     |
2404 | #[cfg(verus_keep_ghost)]
     |       ^^^^^^^^^^^^^^^^
     |
     = help: consider using a Cargo feature instead
     = help: or consider adding in `Cargo.toml` the `check-cfg` lint config for the lint:
              [lints.rust]
              unexpected_cfgs = { level = "warn", check-cfg = ['cfg(verus_keep_ghost)'] }
     = help: or consider adding `println!("cargo::rustc-check-cfg=cfg(verus_keep_ghost)");` to the top of the `build.rs`
     = note: see <https://doc.rust-lang.org/nightly/rustc/check-cfg/cargo-specifics.html> for more information about checking conditional configuration

warning: unexpected `cfg` condition name: `verus_keep_ghost`
    --> /tmp/verus-crates/builtin/src/lib.rs:2410:7
     |
2410 | #[cfg(verus_keep_ghost)]
     |       ^^^^^^^^^^^^^^^^
     |
     = help: consider using a Cargo feature instead
     = help: or consider adding in `Cargo.toml` the `check-cfg` lint config for the lint:
              [lints.rust]
              unexpected_cfgs = { level = "warn", check-cfg = ['cfg(verus_keep_ghost)'] }
     = help: or consider adding `println!("cargo::rustc-check-cfg=cfg(verus_keep_ghost)");` to the top of the `build.rs`
     = note: see <https://doc.rust-lang.org/nightly/rustc/check-cfg/cargo-specifics.html> for more information about checking conditional configuration

warning: unexpected `cfg` condition name: `verus_keep_ghost`
    --> /tmp/verus-crates/builtin/src/lib.rs:2417:7
     |
2417 | #[cfg(verus_keep_ghost)]
     |       ^^^^^^^^^^^^^^^^
     |
     = help: consider using a Cargo feature instead
     = help: or consider adding in `Cargo.toml` the `check-cfg` lint config for the lint:
              [lints.rust]
              unexpected_cfgs = { level = "warn", check-cfg = ['cfg(verus_keep_ghost)'] }
     = help: or consider adding `println!("cargo::rustc-check-cfg=cfg(verus_keep_ghost)");` to the top of the `build.rs`
     = note: see <https://doc.rust-lang.org/nightly/rustc/check-cfg/cargo-specifics.html> for more information about checking conditional configuration

warning: unexpected `cfg` condition name: `verus_keep_ghost`
    --> /tmp/verus-crates/builtin/src/lib.rs:2423:7
     |
2423 | #[cfg(verus_keep_ghost)]
     |       ^^^^^^^^^^^^^^^^
     |
     = help: consider using a Cargo feature instead
     = help: or consider adding in `Cargo.toml` the `check-cfg` lint config for the lint:
              [lints.rust]
              unexpected_cfgs = { level = "warn", check-cfg = ['cfg(verus_keep_ghost)'] }
     = help: or consider adding `println!("cargo::rustc-check-cfg=cfg(verus_keep_ghost)");` to the top of the `build.rs`
     = note: see <https://doc.rust-lang.org/nightly/rustc/check-cfg/cargo-specifics.html> for more information about checking conditional configuration

warning: unexpected `cfg` condition name: `verus_keep_ghost`
    --> /tmp/verus-crates/builtin/src/lib.rs:2429:7
     |
2429 | #[cfg(verus_keep_ghost)]
     |       ^^^^^^^^^^^^^^^^
     |
     = help: consider using a Cargo feature instead
     = help: or consider adding in `Cargo.toml` the `check-cfg` lint config for the lint:
              [lints.rust]
              unexpected_cfgs = { level = "warn", check-cfg = ['cfg(verus_keep_ghost)'] }
     = help: or consider adding `println!("cargo::rustc-check-cfg=cfg(verus_keep_ghost)");` to the top of the `build.rs`
     = note: see <https://doc.rust-lang.org/nightly/rustc/check-cfg/cargo-specifics.html> for more information about checking conditional configuration

warning: unexpected `cfg` condition name: `verus_keep_ghost`
    --> /tmp/verus-crates/builtin/src/lib.rs:2435:7
     |
2435 | #[cfg(verus_keep_ghost)]
     |       ^^^^^^^^^^^^^^^^
     |
     = help: consider using a Cargo feature instead
     = help: or consider adding in `Cargo.toml` the `check-cfg` lint config for the lint:
              [lints.rust]
              unexpected_cfgs = { level = "warn", check-cfg = ['cfg(verus_keep_ghost)'] }
     = help: or consider adding `println!("cargo::rustc-check-cfg=cfg(verus_keep_ghost)");` to the top of the `build.rs`
     = note: see <https://doc.rust-lang.org/nightly/rustc/check-cfg/cargo-specifics.html> for more information about checking conditional configuration

warning: unexpected `cfg` condition name: `verus_keep_ghost`
    --> /tmp/verus-crates/builtin/src/lib.rs:2446:7
     |
2446 | #[cfg(verus_keep_ghost)]
     |       ^^^^^^^^^^^^^^^^
     |
     = help: consider using a Cargo feature instead
     = help: or consider adding in `Cargo.toml` the `check-cfg` lint config for the lint:
              [lints.rust]
              unexpected_cfgs = { level = "warn", check-cfg = ['cfg(verus_keep_ghost)'] }
     = help: or consider adding `println!("cargo::rustc-check-cfg=cfg(verus_keep_ghost)");` to the top of the `build.rs`
     = note: see <https://doc.rust-lang.org/nightly/rustc/check-cfg/cargo-specifics.html> for more information about checking conditional configuration

warning: unexpected `cfg` condition name: `verus_keep_ghost`
    --> /tmp/verus-crates/builtin/src/lib.rs:2455:7
     |
2455 | #[cfg(verus_keep_ghost)]
     |       ^^^^^^^^^^^^^^^^
     |
     = help: consider using a Cargo feature instead
     = help: or consider adding in `Cargo.toml` the `check-cfg` lint config for the lint:
              [lints.rust]
              unexpected_cfgs = { level = "warn", check-cfg = ['cfg(verus_keep_ghost)'] }
     = help: or consider adding `println!("cargo::rustc-check-cfg=cfg(verus_keep_ghost)");` to the top of the `build.rs`
     = note: see <https://doc.rust-lang.org/nightly/rustc/check-cfg/cargo-specifics.html> for more information about checking conditional configuration

warning: unexpected `cfg` condition name: `verus_keep_ghost`
    --> /tmp/verus-crates/builtin/src/lib.rs:2462:7
     |
2462 | #[cfg(verus_keep_ghost)]
     |       ^^^^^^^^^^^^^^^^
     |
     = help: consider using a Cargo feature instead
     = help: or consider adding in `Cargo.toml` the `check-cfg` lint config for the lint:
              [lints.rust]
              unexpected_cfgs = { level = "warn", check-cfg = ['cfg(verus_keep_ghost)'] }
     = help: or consider adding `println!("cargo::rustc-check-cfg=cfg(verus_keep_ghost)");` to the top of the `build.rs`
     = note: see <https://doc.rust-lang.org/nightly/rustc/check-cfg/cargo-specifics.html> for more information about checking conditional configuration

warning: unexpected `cfg` condition name: `verus_keep_ghost`
    --> /tmp/verus-crates/builtin/src/lib.rs:2469:7
     |
2469 | #[cfg(verus_keep_ghost)]
     |       ^^^^^^^^^^^^^^^^
     |
     = help: consider using a Cargo feature instead
     = help: or consider adding in `Cargo.toml` the `check-cfg` lint config for the lint:
              [lints.rust]
              unexpected_cfgs = { level = "warn", check-cfg = ['cfg(verus_keep_ghost)'] }
     = help: or consider adding `println!("cargo::rustc-check-cfg=cfg(verus_keep_ghost)");` to the top of the `build.rs`
     = note: see <https://doc.rust-lang.org/nightly/rustc/check-cfg/cargo-specifics.html> for more information about checking conditional configuration

warning: unexpected `cfg` condition name: `verus_keep_ghost`
    --> /tmp/verus-crates/builtin/src/lib.rs:2476:7
     |
2476 | #[cfg(verus_keep_ghost)]
     |       ^^^^^^^^^^^^^^^^
     |
     = help: consider using a Cargo feature instead
     = help: or consider adding in `Cargo.toml` the `check-cfg` lint config for the lint:
              [lints.rust]
              unexpected_cfgs = { level = "warn", check-cfg = ['cfg(verus_keep_ghost)'] }
     = help: or consider adding `println!("cargo::rustc-check-cfg=cfg(verus_keep_ghost)");` to the top of the `build.rs`
     = note: see <https://doc.rust-lang.org/nightly/rustc/check-cfg/cargo-specifics.html> for more information about checking conditional configuration

warning: unexpected `cfg` condition name: `verus_keep_ghost`
    --> /tmp/verus-crates/builtin/src/lib.rs:2483:7
     |
2483 | #[cfg(verus_keep_ghost)]
     |       ^^^^^^^^^^^^^^^^
     |
     = help: consider using a Cargo feature instead
     = help: or consider adding in `Cargo.toml` the `check-cfg` lint config for the lint:
              [lints.rust]
              unexpected_cfgs = { level = "warn", check-cfg = ['cfg(verus_keep_ghost)'] }
     = help: or consider adding `println!("cargo::rustc-check-cfg=cfg(verus_keep_ghost)");` to the top of the `build.rs`
     = note: see <https://doc.rust-lang.org/nightly/rustc/check-cfg/cargo-specifics.html> for more information about checking conditional configuration

warning: unexpected `cfg` condition name: `verus_keep_ghost`
    --> /tmp/verus-crates/builtin/src/lib.rs:2490:7
     |
2490 | #[cfg(verus_keep_ghost)]
     |       ^^^^^^^^^^^^^^^^
     |
     = help: consider using a Cargo feature instead
     = help: or consider adding in `Cargo.toml` the `check-cfg` lint config for the lint:
              [lints.rust]
              unexpected_cfgs = { level = "warn", check-cfg = ['cfg(verus_keep_ghost)'] }
     = help: or consider adding `println!("cargo::rustc-check-cfg=cfg(verus_keep_ghost)");` to the top of the `build.rs`
     = note: see <https://doc.rust-lang.org/nightly/rustc/check-cfg/cargo-specifics.html> for more information about checking conditional configuration

warning: unexpected `cfg` condition name: `verus_keep_ghost`
    --> /tmp/verus-crates/builtin/src/lib.rs:2496:7
     |
2496 | #[cfg(verus_keep_ghost)]
     |       ^^^^^^^^^^^^^^^^
     |
     = help: consider using a Cargo feature instead
     = help: or consider adding in `Cargo.toml` the `check-cfg` lint config for the lint:
              [lints.rust]
              unexpected_cfgs = { level = "warn", check-cfg = ['cfg(verus_keep_ghost)'] }
     = help: or consider adding `println!("cargo::rustc-check-cfg=cfg(verus_keep_ghost)");` to the top of the `build.rs`
     = note: see <https://doc.rust-lang.org/nightly/rustc/check-cfg/cargo-specifics.html> for more information about checking conditional configuration

warning: unexpected `cfg` condition name: `verus_keep_ghost`
    --> /tmp/verus-crates/builtin/src/lib.rs:1165:19
     |
1165 |             #[cfg(verus_keep_ghost)]
     |                   ^^^^^^^^^^^^^^^^
...
1183 | impl_spec_eq!(int, [nat usize isize u8 i8 u16 i16 u32 i32 u64 i64 u128 i128 char]);
     | ---------------------------------------------------------------------------------- in this macro invocation
     |
     = help: consider using a Cargo feature instead
     = help: or consider adding in `Cargo.toml` the `check-cfg` lint config for the lint:
              [lints.rust]
              unexpected_cfgs = { level = "warn", check-cfg = ['cfg(verus_keep_ghost)'] }
     = help: or consider adding `println!("cargo::rustc-check-cfg=cfg(verus_keep_ghost)");` to the top of the `build.rs`
     = note: see <https://doc.rust-lang.org/nightly/rustc/check-cfg/cargo-specifics.html> for more information about checking conditional configuration
     = note: this warning originates in the macro `impl_spec_eq` (in Nightly builds, run with -Z macro-backtrace for more info)

warning: unexpected `cfg` condition name: `verus_keep_ghost`
    --> /tmp/verus-crates/builtin/src/lib.rs:1168:19
     |
1168 |             #[cfg(verus_keep_ghost)]
     |                   ^^^^^^^^^^^^^^^^
...
1183 | impl_spec_eq!(int, [nat usize isize u8 i8 u16 i16 u32 i32 u64 i64 u128 i128 char]);
     | ---------------------------------------------------------------------------------- in this macro invocation
     |
     = help: consider using a Cargo feature instead
     = help: or consider adding in `Cargo.toml` the `check-cfg` lint config for the lint:
              [lints.rust]
              unexpected_cfgs = { level = "warn", check-cfg = ['cfg(verus_keep_ghost)'] }
     = help: or consider adding `println!("cargo::rustc-check-cfg=cfg(verus_keep_ghost)");` to the top of the `build.rs`
     = note: see <https://doc.rust-lang.org/nightly/rustc/check-cfg/cargo-specifics.html> for more information about checking conditional configuration
     = note: this warning originates in the macro `impl_spec_eq` (in Nightly builds, run with -Z macro-backtrace for more info)

warning: unexpected `cfg` condition name: `verus_keep_ghost`
    --> /tmp/verus-crates/builtin/src/lib.rs:1171:19
     |
1171 |             #[cfg(verus_keep_ghost)]
     |                   ^^^^^^^^^^^^^^^^
...
1183 | impl_spec_eq!(int, [nat usize isize u8 i8 u16 i16 u32 i32 u64 i64 u128 i128 char]);
     | ---------------------------------------------------------------------------------- in this macro invocation
     |
     = help: consider using a Cargo feature instead
     = help: or consider adding in `Cargo.toml` the `check-cfg` lint config for the lint:
              [lints.rust]
              unexpected_cfgs = { level = "warn", check-cfg = ['cfg(verus_keep_ghost)'] }
     = help: or consider adding `println!("cargo::rustc-check-cfg=cfg(verus_keep_ghost)");` to the top of the `build.rs`
     = note: see <https://doc.rust-lang.org/nightly/rustc/check-cfg/cargo-specifics.html> for more information about checking conditional configuration
     = note: this warning originates in the macro `impl_spec_eq` (in Nightly builds, run with -Z macro-backtrace for more info)

warning: unexpected `cfg` condition name: `verus_keep_ghost`
    --> /tmp/verus-crates/builtin/src/lib.rs:1174:19
     |
1174 |             #[cfg(verus_keep_ghost)]
     |                   ^^^^^^^^^^^^^^^^
...
1183 | impl_spec_eq!(int, [nat usize isize u8 i8 u16 i16 u32 i32 u64 i64 u128 i128 char]);
     | ---------------------------------------------------------------------------------- in this macro invocation
     |
     = help: consider using a Cargo feature instead
     = help: or consider adding in `Cargo.toml` the `check-cfg` lint config for the lint:
              [lints.rust]
              unexpected_cfgs = { level = "warn", check-cfg = ['cfg(verus_keep_ghost)'] }
     = help: or consider adding `println!("cargo::rustc-check-cfg=cfg(verus_keep_ghost)");` to the top of the `build.rs`
     = note: see <https://doc.rust-lang.org/nightly/rustc/check-cfg/cargo-specifics.html> for more information about checking conditional configuration
     = note: this warning originates in the macro `impl_spec_eq` (in Nightly builds, run with -Z macro-backtrace for more info)

warning: unexpected `cfg` condition name: `verus_keep_ghost`
    --> /tmp/verus-crates/builtin/src/lib.rs:1177:19
     |
1177 |             #[cfg(verus_keep_ghost)]
     |                   ^^^^^^^^^^^^^^^^
...
1183 | impl_spec_eq!(int, [nat usize isize u8 i8 u16 i16 u32 i32 u64 i64 u128 i128 char]);
     | ---------------------------------------------------------------------------------- in this macro invocation
     |
     = help: consider using a Cargo feature instead
     = help: or consider adding in `Cargo.toml` the `check-cfg` lint config for the lint:
              [lints.rust]
              unexpected_cfgs = { level = "warn", check-cfg = ['cfg(verus_keep_ghost)'] }
     = help: or consider adding `println!("cargo::rustc-check-cfg=cfg(verus_keep_ghost)");` to the top of the `build.rs`
     = note: see <https://doc.rust-lang.org/nightly/rustc/check-cfg/cargo-specifics.html> for more information about checking conditional configuration
     = note: this warning originates in the macro `impl_spec_eq` (in Nightly builds, run with -Z macro-backtrace for more info)

warning: unexpected `cfg` condition name: `verus_keep_ghost`
    --> /tmp/verus-crates/builtin/src/lib.rs:1165:19
     |
1165 |             #[cfg(verus_keep_ghost)]
     |                   ^^^^^^^^^^^^^^^^
...
1184 | impl_spec_eq!(nat, [int usize isize u8 i8 u16 i16 u32 i32 u64 i64 u128 i128 char]);
     | ---------------------------------------------------------------------------------- in this macro invocation
     |
     = help: consider using a Cargo feature instead
     = help: or consider adding in `Cargo.toml` the `check-cfg` lint config for the lint:
              [lints.rust]
              unexpected_cfgs = { level = "warn", check-cfg = ['cfg(verus_keep_ghost)'] }
     = help: or consider adding `println!("cargo::rustc-check-cfg=cfg(verus_keep_ghost)");` to the top of the `build.rs`
     = note: see <https://doc.rust-lang.org/nightly/rustc/check-cfg/cargo-specifics.html> for more information about checking conditional configuration
     = note: this warning originates in the macro `impl_spec_eq` (in Nightly builds, run with -Z macro-backtrace for more info)

warning: unexpected `cfg` condition name: `verus_keep_ghost`
    --> /tmp/verus-crates/builtin/src/lib.rs:1168:19
     |
1168 |             #[cfg(verus_keep_ghost)]
     |                   ^^^^^^^^^^^^^^^^
...
1184 | impl_spec_eq!(nat, [int usize isize u8 i8 u16 i16 u32 i32 u64 i64 u128 i128 char]);
     | ---------------------------------------------------------------------------------- in this macro invocation
     |
     = help: consider using a Cargo feature instead
     = help: or consider adding in `Cargo.toml` the `check-cfg` lint config for the lint:
              [lints.rust]
              unexpected_cfgs = { level = "warn", check-cfg = ['cfg(verus_keep_ghost)'] }
     = help: or consider adding `println!("cargo::rustc-check-cfg=cfg(verus_keep_ghost)");` to the top of the `build.rs`
     = note: see <https://doc.rust-lang.org/nightly/rustc/check-cfg/cargo-specifics.html> for more information about checking conditional configuration
     = note: this warning originates in the macro `impl_spec_eq` (in Nightly builds, run with -Z macro-backtrace for more info)

warning: unexpected `cfg` condition name: `verus_keep_ghost`
    --> /tmp/verus-crates/builtin/src/lib.rs:1171:19
     |
1171 |             #[cfg(verus_keep_ghost)]
     |                   ^^^^^^^^^^^^^^^^
...
1184 | impl_spec_eq!(nat, [int usize isize u8 i8 u16 i16 u32 i32 u64 i64 u128 i128 char]);
     | ---------------------------------------------------------------------------------- in this macro invocation
     |
     = help: consider using a Cargo feature instead
     = help: or consider adding in `Cargo.toml` the `check-cfg` lint config for the lint:
              [lints.rust]
              unexpected_cfgs = { level = "warn", check-cfg = ['cfg(verus_keep_ghost)'] }
     = help: or consider adding `println!("cargo::rustc-check-cfg=cfg(verus_keep_ghost)");` to the top of the `build.rs`
     = note: see <https://doc.rust-lang.org/nightly/rustc/check-cfg/cargo-specifics.html> for more information about checking conditional configuration
     = note: this warning originates in the macro `impl_spec_eq` (in Nightly builds, run with -Z macro-backtrace for more info)

warning: unexpected `cfg` condition name: `verus_keep_ghost`
    --> /tmp/verus-crates/builtin/src/lib.rs:1174:19
     |
1174 |             #[cfg(verus_keep_ghost)]
     |                   ^^^^^^^^^^^^^^^^
...
1184 | impl_spec_eq!(nat, [int usize isize u8 i8 u16 i16 u32 i32 u64 i64 u128 i128 char]);
     | ---------------------------------------------------------------------------------- in this macro invocation
     |
     = help: consider using a Cargo feature instead
     = help: or consider adding in `Cargo.toml` the `check-cfg` lint config for the lint:
              [lints.rust]
              unexpected_cfgs = { level = "warn", check-cfg = ['cfg(verus_keep_ghost)'] }
     = help: or consider adding `println!("cargo::rustc-check-cfg=cfg(verus_keep_ghost)");` to the top of the `build.rs`
     = note: see <https://doc.rust-lang.org/nightly/rustc/check-cfg/cargo-specifics.html> for more information about checking conditional configuration
     = note: this warning originates in the macro `impl_spec_eq` (in Nightly builds, run with -Z macro-backtrace for more info)

warning: unexpected `cfg` condition name: `verus_keep_ghost`
    --> /tmp/verus-crates/builtin/src/lib.rs:1177:19
     |
1177 |             #[cfg(verus_keep_ghost)]
     |                   ^^^^^^^^^^^^^^^^
...
1184 | impl_spec_eq!(nat, [int usize isize u8 i8 u16 i16 u32 i32 u64 i64 u128 i128 char]);
     | ---------------------------------------------------------------------------------- in this macro invocation
     |
     = help: consider using a Cargo feature instead
     = help: or consider adding in `Cargo.toml` the `check-cfg` lint config for the lint:
              [lints.rust]
              unexpected_cfgs = { level = "warn", check-cfg = ['cfg(verus_keep_ghost)'] }
     = help: or consider adding `println!("cargo::rustc-check-cfg=cfg(verus_keep_ghost)");` to the top of the `build.rs`
     = note: see <https://doc.rust-lang.org/nightly/rustc/check-cfg/cargo-specifics.html> for more information about checking conditional configuration
     = note: this warning originates in the macro `impl_spec_eq` (in Nightly builds, run with -Z macro-backtrace for more info)

warning: unexpected `cfg` condition name: `verus_keep_ghost`
    --> /tmp/verus-crates/builtin/src/lib.rs:1165:19
     |
1165 |             #[cfg(verus_keep_ghost)]
     |                   ^^^^^^^^^^^^^^^^
...
1185 | impl_spec_eq!(usize, [int nat isize u8 i8 u16 i16 u32 i32 u64 i64 u128 i128 char]);
     | ---------------------------------------------------------------------------------- in this macro invocation
     |
     = help: consider using a Cargo feature instead
     = help: or consider adding in `Cargo.toml` the `check-cfg` lint config for the lint:
              [lints.rust]
              unexpected_cfgs = { level = "warn", check-cfg = ['cfg(verus_keep_ghost)'] }
     = help: or consider adding `println!("cargo::rustc-check-cfg=cfg(verus_keep_ghost)");` to the top of the `build.rs`
     = note: see <https://doc.rust-lang.org/nightly/rustc/check-cfg/cargo-specifics.html> for more information about checking conditional configuration
     = note: this warning originates in the macro `impl_spec_eq` (in Nightly builds, run with -Z macro-backtrace for more info)

warning: unexpected `cfg` condition name: `verus_keep_ghost`
    --> /tmp/verus-crates/builtin/src/lib.rs:1168:19
     |
1168 |             #[cfg(verus_keep_ghost)]
     |                   ^^^^^^^^^^^^^^^^
...
1185 | impl_spec_eq!(usize, [int nat isize u8 i8 u16 i16 u32 i32 u64 i64 u128 i128 char]);
     | ---------------------------------------------------------------------------------- in this macro invocation
     |
     = help: consider using a Cargo feature instead
     = help: or consider adding in `Cargo.toml` the `check-cfg` lint config for the lint:
              [lints.rust]
              unexpected_cfgs = { level = "warn", check-cfg = ['cfg(verus_keep_ghost)'] }
     = help: or consider adding `println!("cargo::rustc-check-cfg=cfg(verus_keep_ghost)");` to the top of the `build.rs`
     = note: see <https://doc.rust-lang.org/nightly/rustc/check-cfg/cargo-specifics.html> for more information about checking conditional configuration
     = note: this warning originates in the macro `impl_spec_eq` (in Nightly builds, run with -Z macro-backtrace for more info)

warning: unexpected `cfg` condition name: `verus_keep_ghost`
    --> /tmp/verus-crates/builtin/src/lib.rs:1171:19
     |
1171 |             #[cfg(verus_keep_ghost)]
     |                   ^^^^^^^^^^^^^^^^
...
1185 | impl_spec_eq!(usize, [int nat isize u8 i8 u16 i16 u32 i32 u64 i64 u128 i128 char]);
     | ---------------------------------------------------------------------------------- in this macro invocation
     |
     = help: consider using a Cargo feature instead
     = help: or consider adding in `Cargo.toml` the `check-cfg` lint config for the lint:
              [lints.rust]
              unexpected_cfgs = { level = "warn", check-cfg = ['cfg(verus_keep_ghost)'] }
     = help: or consider adding `println!("cargo::rustc-check-cfg=cfg(verus_keep_ghost)");` to the top of the `build.rs`
     = note: see <https://doc.rust-lang.org/nightly/rustc/check-cfg/cargo-specifics.html> for more information about checking conditional configuration
     = note: this warning originates in the macro `impl_spec_eq` (in Nightly builds, run with -Z macro-backtrace for more info)

warning: unexpected `cfg` condition name: `verus_keep_ghost`
    --> /tmp/verus-crates/builtin/src/lib.rs:1174:19
     |
1174 |             #[cfg(verus_keep_ghost)]
     |                   ^^^^^^^^^^^^^^^^
...
1185 | impl_spec_eq!(usize, [int nat isize u8 i8 u16 i16 u32 i32 u64 i64 u128 i128 char]);
     | ---------------------------------------------------------------------------------- in this macro invocation
     |
     = help: consider using a Cargo feature instead
     = help: or consider adding in `Cargo.toml` the `check-cfg` lint config for the lint:
              [lints.rust]
              unexpected_cfgs = { level = "warn", check-cfg = ['cfg(verus_keep_ghost)'] }
     = help: or consider adding `println!("cargo::rustc-check-cfg=cfg(verus_keep_ghost)");` to the top of the `build.rs`
     = note: see <https://doc.rust-lang.org/nightly/rustc/check-cfg/cargo-specifics.html> for more information about checking conditional configuration
     = note: this warning originates in the macro `impl_spec_eq` (in Nightly builds, run with -Z macro-backtrace for more info)

warning: unexpected `cfg` condition name: `verus_keep_ghost`
    --> /tmp/verus-crates/builtin/src/lib.rs:1177:19
     |
1177 |             #[cfg(verus_keep_ghost)]
     |                   ^^^^^^^^^^^^^^^^
...
1185 | impl_spec_eq!(usize, [int nat isize u8 i8 u16 i16 u32 i32 u64 i64 u128 i128 char]);
     | ---------------------------------------------------------------------------------- in this macro invocation
     |
     = help: consider using a Cargo feature instead
     = help: or consider adding in `Cargo.toml` the `check-cfg` lint config for the lint:
              [lints.rust]
              unexpected_cfgs = { level = "warn", check-cfg = ['cfg(verus_keep_ghost)'] }
     = help: or consider adding `println!("cargo::rustc-check-cfg=cfg(verus_keep_ghost)");` to the top of the `build.rs`
     = note: see <https://doc.rust-lang.org/nightly/rustc/check-cfg/cargo-specifics.html> for more information about checking conditional configuration
     = note: this warning originates in the macro `impl_spec_eq` (in Nightly builds, run with -Z macro-backtrace for more info)

warning: unexpected `cfg` condition name: `verus_keep_ghost`
    --> /tmp/verus-crates/builtin/src/lib.rs:1165:19
     |
1165 |             #[cfg(verus_keep_ghost)]
     |                   ^^^^^^^^^^^^^^^^
...
1186 | impl_spec_eq!(isize, [int nat usize u8 i8 u16 i16 u32 i32 u64 i64 u128 i128 char]);
     | ---------------------------------------------------------------------------------- in this macro invocation
     |
     = help: consider using a Cargo feature instead
     = help: or consider adding in `Cargo.toml` the `check-cfg` lint config for the lint:
              [lints.rust]
              unexpected_cfgs = { level = "warn", check-cfg = ['cfg(verus_keep_ghost)'] }
     = help: or consider adding `println!("cargo::rustc-check-cfg=cfg(verus_keep_ghost)");` to the top of the `build.rs`
     = note: see <https://doc.rust-lang.org/nightly/rustc/check-cfg/cargo-specifics.html> for more information about checking conditional configuration
     = note: this warning originates in the macro `impl_spec_eq` (in Nightly builds, run with -Z macro-backtrace for more info)

warning: unexpected `cfg` condition name: `verus_keep_ghost`
    --> /tmp/verus-crates/builtin/src/lib.rs:1168:19
     |
1168 |             #[cfg(verus_keep_ghost)]
     |                   ^^^^^^^^^^^^^^^^
...
1186 | impl_spec_eq!(isize, [int nat usize u8 i8 u16 i16 u32 i32 u64 i64 u128 i128 char]);
     | ---------------------------------------------------------------------------------- in this macro invocation
     |
     = help: consider using a Cargo feature instead
     = help: or consider adding in `Cargo.toml` the `check-cfg` lint config for the lint:
              [lints.rust]
              unexpected_cfgs = { level = "warn", check-cfg = ['cfg(verus_keep_ghost)'] }
     = help: or consider adding `println!("cargo::rustc-check-cfg=cfg(verus_keep_ghost)");` to the top of the `build.rs`
     = note: see <https://doc.rust-lang.org/nightly/rustc/check-cfg/cargo-specifics.html> for more information about checking conditional configuration
     = note: this warning originates in the macro `impl_spec_eq` (in Nightly builds, run with -Z macro-backtrace for more info)

warning: unexpected `cfg` condition name: `verus_keep_ghost`
    --> /tmp/verus-crates/builtin/src/lib.rs:1171:19
     |
1171 |             #[cfg(verus_keep_ghost)]
     |                   ^^^^^^^^^^^^^^^^
...
1186 | impl_spec_eq!(isize, [int nat usize u8 i8 u16 i16 u32 i32 u64 i64 u128 i128 char]);
     | ---------------------------------------------------------------------------------- in this macro invocation
     |
     = help: consider using a Cargo feature instead
     = help: or consider adding in `Cargo.toml` the `check-cfg` lint config for the lint:
              [lints.rust]
              unexpected_cfgs = { level = "warn", check-cfg = ['cfg(verus_keep_ghost)'] }
     = help: or consider adding `println!("cargo::rustc-check-cfg=cfg(verus_keep_ghost)");` to the top of the `build.rs`
     = note: see <https://doc.rust-lang.org/nightly/rustc/check-cfg/cargo-specifics.html> for more information about checking conditional configuration
     = note: this warning originates in the macro `impl_spec_eq` (in Nightly builds, run with -Z macro-backtrace for more info)

warning: unexpected `cfg` condition name: `verus_keep_ghost`
    --> /tmp/verus-crates/builtin/src/lib.rs:1174:19
     |
1174 |             #[cfg(verus_keep_ghost)]
     |                   ^^^^^^^^^^^^^^^^
...
1186 | impl_spec_eq!(isize, [int nat usize u8 i8 u16 i16 u32 i32 u64 i64 u128 i128 char]);
     | ---------------------------------------------------------------------------------- in this macro invocation
     |
     = help: consider using a Cargo feature instead
     = help: or consider adding in `Cargo.toml` the `check-cfg` lint config for the lint:
              [lints.rust]
              unexpected_cfgs = { level = "warn", check-cfg = ['cfg(verus_keep_ghost)'] }
     = help: or consider adding `println!("cargo::rustc-check-cfg=cfg(verus_keep_ghost)");` to the top of the `build.rs`
     = note: see <https://doc.rust-lang.org/nightly/rustc/check-cfg/cargo-specifics.html> for more information about checking conditional configuration
     = note: this warning originates in the macro `impl_spec_eq` (in Nightly builds, run with -Z macro-backtrace for more info)

warning: unexpected `cfg` condition name: `verus_keep_ghost`
    --> /tmp/verus-crates/builtin/src/lib.rs:1177:19
     |
1177 |             #[cfg(verus_keep_ghost)]
     |                   ^^^^^^^^^^^^^^^^
...
1186 | impl_spec_eq!(isize, [int nat usize u8 i8 u16 i16 u32 i32 u64 i64 u128 i128 char]);
     | ---------------------------------------------------------------------------------- in this macro invocation
     |
     = help: consider using a Cargo feature instead
     = help: or consider adding in `Cargo.toml` the `check-cfg` lint config for the lint:
              [lints.rust]
              unexpected_cfgs = { level = "warn", check-cfg = ['cfg(verus_keep_ghost)'] }
     = help: or consider adding `println!("cargo::rustc-check-cfg=cfg(verus_keep_ghost)");` to the top of the `build.rs`
     = note: see <https://doc.rust-lang.org/nightly/rustc/check-cfg/cargo-specifics.html> for more information about checking conditional configuration
     = note: this warning originates in the macro `impl_spec_eq` (in Nightly builds, run with -Z macro-backtrace for more info)

warning: unexpected `cfg` condition name: `verus_keep_ghost`
    --> /tmp/verus-crates/builtin/src/lib.rs:1165:19
     |
1165 |             #[cfg(verus_keep_ghost)]
     |                   ^^^^^^^^^^^^^^^^
...
1187 | impl_spec_eq!(u8, [int nat usize isize i8 u16 i16 u32 i32 u64 i64 u128 i128 char]);
     | ---------------------------------------------------------------------------------- in this macro invocation
     |
     = help: consider using a Cargo feature instead
     = help: or consider adding in `Cargo.toml` the `check-cfg` lint config for the lint:
              [lints.rust]
              unexpected_cfgs = { level = "warn", check-cfg = ['cfg(verus_keep_ghost)'] }
     = help: or consider adding `println!("cargo::rustc-check-cfg=cfg(verus_keep_ghost)");` to the top of the `build.rs`
     = note: see <https://doc.rust-lang.org/nightly/rustc/check-cfg/cargo-specifics.html> for more information about checking conditional configuration
     = note: this warning originates in the macro `impl_spec_eq` (in Nightly builds, run with -Z macro-backtrace for more info)

warning: unexpected `cfg` condition name: `verus_keep_ghost`
    --> /tmp/verus-crates/builtin/src/lib.rs:1168:19
     |
1168 |             #[cfg(verus_keep_ghost)]
     |                   ^^^^^^^^^^^^^^^^
...
1187 | impl_spec_eq!(u8, [int nat usize isize i8 u16 i16 u32 i32 u64 i64 u128 i128 char]);
     | ---------------------------------------------------------------------------------- in this macro invocation
     |
     = help: consider using a Cargo feature instead
     = help: or consider adding in `Cargo.toml` the `check-cfg` lint config for the lint:
              [lints.rust]
              unexpected_cfgs = { level = "warn", check-cfg = ['cfg(verus_keep_ghost)'] }
     = help: or consider adding `println!("cargo::rustc-check-cfg=cfg(verus_keep_ghost)");` to the top of the `build.rs`
     = note: see <https://doc.rust-lang.org/nightly/rustc/check-cfg/cargo-specifics.html> for more information about checking conditional configuration
     = note: this warning originates in the macro `impl_spec_eq` (in Nightly builds, run with -Z macro-backtrace for more info)

warning: unexpected `cfg` condition name: `verus_keep_ghost`
    --> /tmp/verus-crates/builtin/src/lib.rs:1171:19
     |
1171 |             #[cfg(verus_keep_ghost)]
     |                   ^^^^^^^^^^^^^^^^
...
1187 | impl_spec_eq!(u8, [int nat usize isize i8 u16 i16 u32 i32 u64 i64 u128 i128 char]);
     | ---------------------------------------------------------------------------------- in this macro invocation
     |
     = help: consider using a Cargo feature instead
     = help: or consider adding in `Cargo.toml` the `check-cfg` lint config for the lint:
              [lints.rust]
              unexpected_cfgs = { level = "warn", check-cfg = ['cfg(verus_keep_ghost)'] }
     = help: or consider adding `println!("cargo::rustc-check-cfg=cfg(verus_keep_ghost)");` to the top of the `build.rs`
     = note: see <https://doc.rust-lang.org/nightly/rustc/check-cfg/cargo-specifics.html> for more information about checking conditional configuration
     = note: this warning originates in the macro `impl_spec_eq` (in Nightly builds, run with -Z macro-backtrace for more info)

warning: unexpected `cfg` condition name: `verus_keep_ghost`
    --> /tmp/verus-crates/builtin/src/lib.rs:1174:19
     |
1174 |             #[cfg(verus_keep_ghost)]
     |                   ^^^^^^^^^^^^^^^^
...
1187 | impl_spec_eq!(u8, [int nat usize isize i8 u16 i16 u32 i32 u64 i64 u128 i128 char]);
     | ---------------------------------------------------------------------------------- in this macro invocation
     |
     = help: consider using a Cargo feature instead
     = help: or consider adding in `Cargo.toml` the `check-cfg` lint config for the lint:
              [lints.rust]
              unexpected_cfgs = { level = "warn", check-cfg = ['cfg(verus_keep_ghost)'] }
     = help: or consider adding `println!("cargo::rustc-check-cfg=cfg(verus_keep_ghost)");` to the top of the `build.rs`
     = note: see <https://doc.rust-lang.org/nightly/rustc/check-cfg/cargo-specifics.html> for more information about checking conditional configuration
     = note: this warning originates in the macro `impl_spec_eq` (in Nightly builds, run with -Z macro-backtrace for more info)

warning: unexpected `cfg` condition name: `verus_keep_ghost`
    --> /tmp/verus-crates/builtin/src/lib.rs:1177:19
     |
1177 |             #[cfg(verus_keep_ghost)]
     |                   ^^^^^^^^^^^^^^^^
...
1187 | impl_spec_eq!(u8, [int nat usize isize i8 u16 i16 u32 i32 u64 i64 u128 i128 char]);
     | ---------------------------------------------------------------------------------- in this macro invocation
     |
     = help: consider using a Cargo feature instead
     = help: or consider adding in `Cargo.toml` the `check-cfg` lint config for the lint:
              [lints.rust]
              unexpected_cfgs = { level = "warn", check-cfg = ['cfg(verus_keep_ghost)'] }
     = help: or consider adding `println!("cargo::rustc-check-cfg=cfg(verus_keep_ghost)");` to the top of the `build.rs`
     = note: see <https://doc.rust-lang.org/nightly/rustc/check-cfg/cargo-specifics.html> for more information about checking conditional configuration
     = note: this warning originates in the macro `impl_spec_eq` (in Nightly builds, run with -Z macro-backtrace for more info)

warning: unexpected `cfg` condition name: `verus_keep_ghost`
    --> /tmp/verus-crates/builtin/src/lib.rs:1165:19
     |
1165 |             #[cfg(verus_keep_ghost)]
     |                   ^^^^^^^^^^^^^^^^
...
1188 | impl_spec_eq!(i8, [int nat usize isize u8 u16 i16 u32 i32 u64 i64 u128 i128 char]);
     | ---------------------------------------------------------------------------------- in this macro invocation
     |
     = help: consider using a Cargo feature instead
     = help: or consider adding in `Cargo.toml` the `check-cfg` lint config for the lint:
              [lints.rust]
              unexpected_cfgs = { level = "warn", check-cfg = ['cfg(verus_keep_ghost)'] }
     = help: or consider adding `println!("cargo::rustc-check-cfg=cfg(verus_keep_ghost)");` to the top of the `build.rs`
     = note: see <https://doc.rust-lang.org/nightly/rustc/check-cfg/cargo-specifics.html> for more information about checking conditional configuration
     = note: this warning originates in the macro `impl_spec_eq` (in Nightly builds, run with -Z macro-backtrace for more info)

warning: unexpected `cfg` condition name: `verus_keep_ghost`
    --> /tmp/verus-crates/builtin/src/lib.rs:1168:19
     |
1168 |             #[cfg(verus_keep_ghost)]
     |                   ^^^^^^^^^^^^^^^^
...
1188 | impl_spec_eq!(i8, [int nat usize isize u8 u16 i16 u32 i32 u64 i64 u128 i128 char]);
     | ---------------------------------------------------------------------------------- in this macro invocation
     |
     = help: consider using a Cargo feature instead
     = help: or consider adding in `Cargo.toml` the `check-cfg` lint config for the lint:
              [lints.rust]
              unexpected_cfgs = { level = "warn", check-cfg = ['cfg(verus_keep_ghost)'] }
     = help: or consider adding `println!("cargo::rustc-check-cfg=cfg(verus_keep_ghost)");` to the top of the `build.rs`
     = note: see <https://doc.rust-lang.org/nightly/rustc/check-cfg/cargo-specifics.html> for more information about checking conditional configuration
     = note: this warning originates in the macro `impl_spec_eq` (in Nightly builds, run with -Z macro-backtrace for more info)

warning: unexpected `cfg` condition name: `verus_keep_ghost`
    --> /tmp/verus-crates/builtin/src/lib.rs:1171:19
     |
1171 |             #[cfg(verus_keep_ghost)]
     |                   ^^^^^^^^^^^^^^^^
...
1188 | impl_spec_eq!(i8, [int nat usize isize u8 u16 i16 u32 i32 u64 i64 u128 i128 char]);
     | ---------------------------------------------------------------------------------- in this macro invocation
     |
     = help: consider using a Cargo feature instead
     = help: or consider adding in `Cargo.toml` the `check-cfg` lint config for the lint:
              [lints.rust]
              unexpected_cfgs = { level = "warn", check-cfg = ['cfg(verus_keep_ghost)'] }
     = help: or consider adding `println!("cargo::rustc-check-cfg=cfg(verus_keep_ghost)");` to the top of the `build.rs`
     = note: see <https://doc.rust-lang.org/nightly/rustc/check-cfg/cargo-specifics.html> for more information about checking conditional configuration
     = note: this warning originates in the macro `impl_spec_eq` (in Nightly builds, run with -Z macro-backtrace for more info)

warning: unexpected `cfg` condition name: `verus_keep_ghost`
    --> /tmp/verus-crates/builtin/src/lib.rs:1174:19
     |
1174 |             #[cfg(verus_keep_ghost)]
     |                   ^^^^^^^^^^^^^^^^
...
1188 | impl_spec_eq!(i8, [int nat usize isize u8 u16 i16 u32 i32 u64 i64 u128 i128 char]);
     | ---------------------------------------------------------------------------------- in this macro invocation
     |
     = help: consider using a Cargo feature instead
     = help: or consider adding in `Cargo.toml` the `check-cfg` lint config for the lint:
              [lints.rust]
              unexpected_cfgs = { level = "warn", check-cfg = ['cfg(verus_keep_ghost)'] }
     = help: or consider adding `println!("cargo::rustc-check-cfg=cfg(verus_keep_ghost)");` to the top of the `build.rs`
     = note: see <https://doc.rust-lang.org/nightly/rustc/check-cfg/cargo-specifics.html> for more information about checking conditional configuration
     = note: this warning originates in the macro `impl_spec_eq` (in Nightly builds, run with -Z macro-backtrace for more info)

warning: unexpected `cfg` condition name: `verus_keep_ghost`
    --> /tmp/verus-crates/builtin/src/lib.rs:1177:19
     |
1177 |             #[cfg(verus_keep_ghost)]
     |                   ^^^^^^^^^^^^^^^^
...
1188 | impl_spec_eq!(i8, [int nat usize isize u8 u16 i16 u32 i32 u64 i64 u128 i128 char]);
     | ---------------------------------------------------------------------------------- in this macro invocation
     |
     = help: consider using a Cargo feature instead
     = help: or consider adding in `Cargo.toml` the `check-cfg` lint config for the lint:
              [lints.rust]
              unexpected_cfgs = { level = "warn", check-cfg = ['cfg(verus_keep_ghost)'] }
     = help: or consider adding `println!("cargo::rustc-check-cfg=cfg(verus_keep_ghost)");` to the top of the `build.rs`
     = note: see <https://doc.rust-lang.org/nightly/rustc/check-cfg/cargo-specifics.html> for more information about checking conditional configuration
     = note: this warning originates in the macro `impl_spec_eq` (in Nightly builds, run with -Z macro-backtrace for more info)

warning: unexpected `cfg` condition name: `verus_keep_ghost`
    --> /tmp/verus-crates/builtin/src/lib.rs:1165:19
     |
1165 |             #[cfg(verus_keep_ghost)]
     |                   ^^^^^^^^^^^^^^^^
...
1189 | impl_spec_eq!(u16, [int nat usize isize u8 i8 i16 u32 i32 u64 i64 u128 i128 char]);
     | ---------------------------------------------------------------------------------- in this macro invocation
     |
     = help: consider using a Cargo feature instead
     = help: or consider adding in `Cargo.toml` the `check-cfg` lint config for the lint:
              [lints.rust]
              unexpected_cfgs = { level = "warn", check-cfg = ['cfg(verus_keep_ghost)'] }
     = help: or consider adding `println!("cargo::rustc-check-cfg=cfg(verus_keep_ghost)");` to the top of the `build.rs`
     = note: see <https://doc.rust-lang.org/nightly/rustc/check-cfg/cargo-specifics.html> for more information about checking conditional configuration
     = note: this warning originates in the macro `impl_spec_eq` (in Nightly builds, run with -Z macro-backtrace for more info)

warning: unexpected `cfg` condition name: `verus_keep_ghost`
    --> /tmp/verus-crates/builtin/src/lib.rs:1168:19
     |
1168 |             #[cfg(verus_keep_ghost)]
     |                   ^^^^^^^^^^^^^^^^
...
1189 | impl_spec_eq!(u16, [int nat usize isize u8 i8 i16 u32 i32 u64 i64 u128 i128 char]);
     | ---------------------------------------------------------------------------------- in this macro invocation
     |
     = help: consider using a Cargo feature instead
     = help: or consider adding in `Cargo.toml` the `check-cfg` lint config for the lint:
              [lints.rust]
              unexpected_cfgs = { level = "warn", check-cfg = ['cfg(verus_keep_ghost)'] }
     = help: or consider adding `println!("cargo::rustc-check-cfg=cfg(verus_keep_ghost)");` to the top of the `build.rs`
     = note: see <https://doc.rust-lang.org/nightly/rustc/check-cfg/cargo-specifics.html> for more information about checking conditional configuration
     = note: this warning originates in the macro `impl_spec_eq` (in Nightly builds, run with -Z macro-backtrace for more info)

warning: unexpected `cfg` condition name: `verus_keep_ghost`
    --> /tmp/verus-crates/builtin/src/lib.rs:1171:19
     |
1171 |             #[cfg(verus_keep_ghost)]
     |                   ^^^^^^^^^^^^^^^^
...
1189 | impl_spec_eq!(u16, [int nat usize isize u8 i8 i16 u32 i32 u64 i64 u128 i128 char]);
     | ---------------------------------------------------------------------------------- in this macro invocation
     |
     = help: consider using a Cargo feature instead
     = help: or consider adding in `Cargo.toml` the `check-cfg` lint config for the lint:
              [lints.rust]
              unexpected_cfgs = { level = "warn", check-cfg = ['cfg(verus_keep_ghost)'] }
     = help: or consider adding `println!("cargo::rustc-check-cfg=cfg(verus_keep_ghost)");` to the top of the `build.rs`
     = note: see <https://doc.rust-lang.org/nightly/rustc/check-cfg/cargo-specifics.html> for more information about checking conditional configuration
     = note: this warning originates in the macro `impl_spec_eq` (in Nightly builds, run with -Z macro-backtrace for more info)

warning: unexpected `cfg` condition name: `verus_keep_ghost`
    --> /tmp/verus-crates/builtin/src/lib.rs:1174:19
     |
1174 |             #[cfg(verus_keep_ghost)]
     |                   ^^^^^^^^^^^^^^^^
...
1189 | impl_spec_eq!(u16, [int nat usize isize u8 i8 i16 u32 i32 u64 i64 u128 i128 char]);
     | ---------------------------------------------------------------------------------- in this macro invocation
     |
     = help: consider using a Cargo feature instead
     = help: or consider adding in `Cargo.toml` the `check-cfg` lint config for the lint:
              [lints.rust]
              unexpected_cfgs = { level = "warn", check-cfg = ['cfg(verus_keep_ghost)'] }
     = help: or consider adding `println!("cargo::rustc-check-cfg=cfg(verus_keep_ghost)");` to the top of the `build.rs`
     = note: see <https://doc.rust-lang.org/nightly/rustc/check-cfg/cargo-specifics.html> for more information about checking conditional configuration
     = note: this warning originates in the macro `impl_spec_eq` (in Nightly builds, run with -Z macro-backtrace for more info)

warning: unexpected `cfg` condition name: `verus_keep_ghost`
    --> /tmp/verus-crates/builtin/src/lib.rs:1177:19
     |
1177 |             #[cfg(verus_keep_ghost)]
     |                   ^^^^^^^^^^^^^^^^
...
1189 | impl_spec_eq!(u16, [int nat usize isize u8 i8 i16 u32 i32 u64 i64 u128 i128 char]);
     | ---------------------------------------------------------------------------------- in this macro invocation
     |
     = help: consider using a Cargo feature instead
     = help: or consider adding in `Cargo.toml` the `check-cfg` lint config for the lint:
              [lints.rust]
              unexpected_cfgs = { level = "warn", check-cfg = ['cfg(verus_keep_ghost)'] }
     = help: or consider adding `println!("cargo::rustc-check-cfg=cfg(verus_keep_ghost)");` to the top of the `build.rs`
     = note: see <https://doc.rust-lang.org/nightly/rustc/check-cfg/cargo-specifics.html> for more information about checking conditional configuration
     = note: this warning originates in the macro `impl_spec_eq` (in Nightly builds, run with -Z macro-backtrace for more info)

warning: unexpected `cfg` condition name: `verus_keep_ghost`
    --> /tmp/verus-crates/builtin/src/lib.rs:1165:19
     |
1165 |             #[cfg(verus_keep_ghost)]
     |                   ^^^^^^^^^^^^^^^^
...
1190 | impl_spec_eq!(i16, [int nat usize isize u8 i8 u16 u32 i32 u64 i64 u128 i128 char]);
     | ---------------------------------------------------------------------------------- in this macro invocation
     |
     = help: consider using a Cargo feature instead
     = help: or consider adding in `Cargo.toml` the `check-cfg` lint config for the lint:
              [lints.rust]
              unexpected_cfgs = { level = "warn", check-cfg = ['cfg(verus_keep_ghost)'] }
     = help: or consider adding `println!("cargo::rustc-check-cfg=cfg(verus_keep_ghost)");` to the top of the `build.rs`
     = note: see <https://doc.rust-lang.org/nightly/rustc/check-cfg/cargo-specifics.html> for more information about checking conditional configuration
     = note: this warning originates in the macro `impl_spec_eq` (in Nightly builds, run with -Z macro-backtrace for more info)

warning: unexpected `cfg` condition name: `verus_keep_ghost`
    --> /tmp/verus-crates/builtin/src/lib.rs:1168:19
     |
1168 |             #[cfg(verus_keep_ghost)]
     |                   ^^^^^^^^^^^^^^^^
...
1190 | impl_spec_eq!(i16, [int nat usize isize u8 i8 u16 u32 i32 u64 i64 u128 i128 char]);
     | ---------------------------------------------------------------------------------- in this macro invocation
     |
     = help: consider using a Cargo feature instead
     = help: or consider adding in `Cargo.toml` the `check-cfg` lint config for the lint:
              [lints.rust]
              unexpected_cfgs = { level = "warn", check-cfg = ['cfg(verus_keep_ghost)'] }
     = help: or consider adding `println!("cargo::rustc-check-cfg=cfg(verus_keep_ghost)");` to the top of the `build.rs`
     = note: see <https://doc.rust-lang.org/nightly/rustc/check-cfg/cargo-specifics.html> for more information about checking conditional configuration
     = note: this warning originates in the macro `impl_spec_eq` (in Nightly builds, run with -Z macro-backtrace for more info)

warning: unexpected `cfg` condition name: `verus_keep_ghost`
    --> /tmp/verus-crates/builtin/src/lib.rs:1171:19
     |
1171 |             #[cfg(verus_keep_ghost)]
     |                   ^^^^^^^^^^^^^^^^
...
1190 | impl_spec_eq!(i16, [int nat usize isize u8 i8 u16 u32 i32 u64 i64 u128 i128 char]);
     | ---------------------------------------------------------------------------------- in this macro invocation
     |
     = help: consider using a Cargo feature instead
     = help: or consider adding in `Cargo.toml` the `check-cfg` lint config for the lint:
              [lints.rust]
              unexpected_cfgs = { level = "warn", check-cfg = ['cfg(verus_keep_ghost)'] }
     = help: or consider adding `println!("cargo::rustc-check-cfg=cfg(verus_keep_ghost)");` to the top of the `build.rs`
     = note: see <https://doc.rust-lang.org/nightly/rustc/check-cfg/cargo-specifics.html> for more information about checking conditional configuration
     = note: this warning originates in the macro `impl_spec_eq` (in Nightly builds, run with -Z macro-backtrace for more info)

warning: unexpected `cfg` condition name: `verus_keep_ghost`
    --> /tmp/verus-crates/builtin/src/lib.rs:1174:19
     |
1174 |             #[cfg(verus_keep_ghost)]
     |                   ^^^^^^^^^^^^^^^^
...
1190 | impl_spec_eq!(i16, [int nat usize isize u8 i8 u16 u32 i32 u64 i64 u128 i128 char]);
     | ---------------------------------------------------------------------------------- in this macro invocation
     |
     = help: consider using a Cargo feature instead
     = help: or consider adding in `Cargo.toml` the `check-cfg` lint config for the lint:
              [lints.rust]
              unexpected_cfgs = { level = "warn", check-cfg = ['cfg(verus_keep_ghost)'] }
     = help: or consider adding `println!("cargo::rustc-check-cfg=cfg(verus_keep_ghost)");` to the top of the `build.rs`
     = note: see <https://doc.rust-lang.org/nightly/rustc/check-cfg/cargo-specifics.html> for more information about checking conditional configuration
     = note: this warning originates in the macro `impl_spec_eq` (in Nightly builds, run with -Z macro-backtrace for more info)

warning: unexpected `cfg` condition name: `verus_keep_ghost`
    --> /tmp/verus-crates/builtin/src/lib.rs:1177:19
     |
1177 |             #[cfg(verus_keep_ghost)]
     |                   ^^^^^^^^^^^^^^^^
...
1190 | impl_spec_eq!(i16, [int nat usize isize u8 i8 u16 u32 i32 u64 i64 u128 i128 char]);
     | ---------------------------------------------------------------------------------- in this macro invocation
     |
     = help: consider using a Cargo feature instead
     = help: or consider adding in `Cargo.toml` the `check-cfg` lint config for the lint:
              [lints.rust]
              unexpected_cfgs = { level = "warn", check-cfg = ['cfg(verus_keep_ghost)'] }
     = help: or consider adding `println!("cargo::rustc-check-cfg=cfg(verus_keep_ghost)");` to the top of the `build.rs`
     = note: see <https://doc.rust-lang.org/nightly/rustc/check-cfg/cargo-specifics.html> for more information about checking conditional configuration
     = note: this warning originates in the macro `impl_spec_eq` (in Nightly builds, run with -Z macro-backtrace for more info)

warning: unexpected `cfg` condition name: `verus_keep_ghost`
    --> /tmp/verus-crates/builtin/src/lib.rs:1165:19
     |
1165 |             #[cfg(verus_keep_ghost)]
     |                   ^^^^^^^^^^^^^^^^
...
1191 | impl_spec_eq!(u32, [int nat usize isize u8 i8 u16 i16 i32 u64 i64 u128 i128 char]);
     | ---------------------------------------------------------------------------------- in this macro invocation
     |
     = help: consider using a Cargo feature instead
     = help: or consider adding in `Cargo.toml` the `check-cfg` lint config for the lint:
              [lints.rust]
              unexpected_cfgs = { level = "warn", check-cfg = ['cfg(verus_keep_ghost)'] }
     = help: or consider adding `println!("cargo::rustc-check-cfg=cfg(verus_keep_ghost)");` to the top of the `build.rs`
     = note: see <https://doc.rust-lang.org/nightly/rustc/check-cfg/cargo-specifics.html> for more information about checking conditional configuration
     = note: this warning originates in the macro `impl_spec_eq` (in Nightly builds, run with -Z macro-backtrace for more info)

warning: unexpected `cfg` condition name: `verus_keep_ghost`
    --> /tmp/verus-crates/builtin/src/lib.rs:1168:19
     |
1168 |             #[cfg(verus_keep_ghost)]
     |                   ^^^^^^^^^^^^^^^^
...
1191 | impl_spec_eq!(u32, [int nat usize isize u8 i8 u16 i16 i32 u64 i64 u128 i128 char]);
     | ---------------------------------------------------------------------------------- in this macro invocation
     |
     = help: consider using a Cargo feature instead
     = help: or consider adding in `Cargo.toml` the `check-cfg` lint config for the lint:
              [lints.rust]
              unexpected_cfgs = { level = "warn", check-cfg = ['cfg(verus_keep_ghost)'] }
     = help: or consider adding `println!("cargo::rustc-check-cfg=cfg(verus_keep_ghost)");` to the top of the `build.rs`
     = note: see <https://doc.rust-lang.org/nightly/rustc/check-cfg/cargo-specifics.html> for more information about checking conditional configuration
     = note: this warning originates in the macro `impl_spec_eq` (in Nightly builds, run with -Z macro-backtrace for more info)

warning: unexpected `cfg` condition name: `verus_keep_ghost`
    --> /tmp/verus-crates/builtin/src/lib.rs:1171:19
     |
1171 |             #[cfg(verus_keep_ghost)]
     |                   ^^^^^^^^^^^^^^^^
...
1191 | impl_spec_eq!(u32, [int nat usize isize u8 i8 u16 i16 i32 u64 i64 u128 i128 char]);
     | ---------------------------------------------------------------------------------- in this macro invocation
     |
     = help: consider using a Cargo feature instead
     = help: or consider adding in `Cargo.toml` the `check-cfg` lint config for the lint:
              [lints.rust]
              unexpected_cfgs = { level = "warn", check-cfg = ['cfg(verus_keep_ghost)'] }
     = help: or consider adding `println!("cargo::rustc-check-cfg=cfg(verus_keep_ghost)");` to the top of the `build.rs`
     = note: see <https://doc.rust-lang.org/nightly/rustc/check-cfg/cargo-specifics.html> for more information about checking conditional configuration
     = note: this warning originates in the macro `impl_spec_eq` (in Nightly builds, run with -Z macro-backtrace for more info)

warning: unexpected `cfg` condition name: `verus_keep_ghost`
    --> /tmp/verus-crates/builtin/src/lib.rs:1174:19
     |
1174 |             #[cfg(verus_keep_ghost)]
     |                   ^^^^^^^^^^^^^^^^
...
1191 | impl_spec_eq!(u32, [int nat usize isize u8 i8 u16 i16 i32 u64 i64 u128 i128 char]);
     | ---------------------------------------------------------------------------------- in this macro invocation
     |
     = help: consider using a Cargo feature instead
     = help: or consider adding in `Cargo.toml` the `check-cfg` lint config for the lint:
              [lints.rust]
              unexpected_cfgs = { level = "warn", check-cfg = ['cfg(verus_keep_ghost)'] }
     = help: or consider adding `println!("cargo::rustc-check-cfg=cfg(verus_keep_ghost)");` to the top of the `build.rs`
     = note: see <https://doc.rust-lang.org/nightly/rustc/check-cfg/cargo-specifics.html> for more information about checking conditional configuration
     = note: this warning originates in the macro `impl_spec_eq` (in Nightly builds, run with -Z macro-backtrace for more info)

warning: unexpected `cfg` condition name: `verus_keep_ghost`
    --> /tmp/verus-crates/builtin/src/lib.rs:1177:19
     |
1177 |             #[cfg(verus_keep_ghost)]
     |                   ^^^^^^^^^^^^^^^^
...
1191 | impl_spec_eq!(u32, [int nat usize isize u8 i8 u16 i16 i32 u64 i64 u128 i128 char]);
     | ---------------------------------------------------------------------------------- in this macro invocation
     |
     = help: consider using a Cargo feature instead
     = help: or consider adding in `Cargo.toml` the `check-cfg` lint config for the lint:
              [lints.rust]
              unexpected_cfgs = { level = "warn", check-cfg = ['cfg(verus_keep_ghost)'] }
     = help: or consider adding `println!("cargo::rustc-check-cfg=cfg(verus_keep_ghost)");` to the top of the `build.rs`
     = note: see <https://doc.rust-lang.org/nightly/rustc/check-cfg/cargo-specifics.html> for more information about checking conditional configuration
     = note: this warning originates in the macro `impl_spec_eq` (in Nightly builds, run with -Z macro-backtrace for more info)

warning: unexpected `cfg` condition name: `verus_keep_ghost`
    --> /tmp/verus-crates/builtin/src/lib.rs:1165:19
     |
1165 |             #[cfg(verus_keep_ghost)]
     |                   ^^^^^^^^^^^^^^^^
...
1192 | impl_spec_eq!(i32, [int nat usize isize u8 i8 u16 i16 u32 u64 i64 u128 i128 char]);
     | ---------------------------------------------------------------------------------- in this macro invocation
     |
     = help: consider using a Cargo feature instead
     = help: or consider adding in `Cargo.toml` the `check-cfg` lint config for the lint:
              [lints.rust]
              unexpected_cfgs = { level = "warn", check-cfg = ['cfg(verus_keep_ghost)'] }
     = help: or consider adding `println!("cargo::rustc-check-cfg=cfg(verus_keep_ghost)");` to the top of the `build.rs`
     = note: see <https://doc.rust-lang.org/nightly/rustc/check-cfg/cargo-specifics.html> for more information about checking conditional configuration
     = note: this warning originates in the macro `impl_spec_eq` (in Nightly builds, run with -Z macro-backtrace for more info)

warning: unexpected `cfg` condition name: `verus_keep_ghost`
    --> /tmp/verus-crates/builtin/src/lib.rs:1168:19
     |
1168 |             #[cfg(verus_keep_ghost)]
     |                   ^^^^^^^^^^^^^^^^
...
1192 | impl_spec_eq!(i32, [int nat usize isize u8 i8 u16 i16 u32 u64 i64 u128 i128 char]);
     | ---------------------------------------------------------------------------------- in this macro invocation
     |
     = help: consider using a Cargo feature instead
     = help: or consider adding in `Cargo.toml` the `check-cfg` lint config for the lint:
              [lints.rust]
              unexpected_cfgs = { level = "warn", check-cfg = ['cfg(verus_keep_ghost)'] }
     = help: or consider adding `println!("cargo::rustc-check-cfg=cfg(verus_keep_ghost)");` to the top of the `build.rs`
     = note: see <https://doc.rust-lang.org/nightly/rustc/check-cfg/cargo-specifics.html> for more information about checking conditional configuration
     = note: this warning originates in the macro `impl_spec_eq` (in Nightly builds, run with -Z macro-backtrace for more info)

warning: unexpected `cfg` condition name: `verus_keep_ghost`
    --> /tmp/verus-crates/builtin/src/lib.rs:1171:19
     |
1171 |             #[cfg(verus_keep_ghost)]
     |                   ^^^^^^^^^^^^^^^^
...
1192 | impl_spec_eq!(i32, [int nat usize isize u8 i8 u16 i16 u32 u64 i64 u128 i128 char]);
     | ---------------------------------------------------------------------------------- in this macro invocation
     |
     = help: consider using a Cargo feature instead
     = help: or consider adding in `Cargo.toml` the `check-cfg` lint config for the lint:
              [lints.rust]
              unexpected_cfgs = { level = "warn", check-cfg = ['cfg(verus_keep_ghost)'] }
     = help: or consider adding `println!("cargo::rustc-check-cfg=cfg(verus_keep_ghost)");` to the top of the `build.rs`
     = note: see <https://doc.rust-lang.org/nightly/rustc/check-cfg/cargo-specifics.html> for more information about checking conditional configuration
     = note: this warning originates in the macro `impl_spec_eq` (in Nightly builds, run with -Z macro-backtrace for more info)

warning: unexpected `cfg` condition name: `verus_keep_ghost`
    --> /tmp/verus-crates/builtin/src/lib.rs:1174:19
     |
1174 |             #[cfg(verus_keep_ghost)]
     |                   ^^^^^^^^^^^^^^^^
...
1192 | impl_spec_eq!(i32, [int nat usize isize u8 i8 u16 i16 u32 u64 i64 u128 i128 char]);
     | ---------------------------------------------------------------------------------- in this macro invocation
     |
     = help: consider using a Cargo feature instead
     = help: or consider adding in `Cargo.toml` the `check-cfg` lint config for the lint:
              [lints.rust]
              unexpected_cfgs = { level = "warn", check-cfg = ['cfg(verus_keep_ghost)'] }
     = help: or consider adding `println!("cargo::rustc-check-cfg=cfg(verus_keep_ghost)");` to the top of the `build.rs`
     = note: see <https://doc.rust-lang.org/nightly/rustc/check-cfg/cargo-specifics.html> for more information about checking conditional configuration
     = note: this warning originates in the macro `impl_spec_eq` (in Nightly builds, run with -Z macro-backtrace for more info)

warning: unexpected `cfg` condition name: `verus_keep_ghost`
    --> /tmp/verus-crates/builtin/src/lib.rs:1177:19
     |
1177 |             #[cfg(verus_keep_ghost)]
     |                   ^^^^^^^^^^^^^^^^
...
1192 | impl_spec_eq!(i32, [int nat usize isize u8 i8 u16 i16 u32 u64 i64 u128 i128 char]);
     | ---------------------------------------------------------------------------------- in this macro invocation
     |
     = help: consider using a Cargo feature instead
     = help: or consider adding in `Cargo.toml` the `check-cfg` lint config for the lint:
              [lints.rust]
              unexpected_cfgs = { level = "warn", check-cfg = ['cfg(verus_keep_ghost)'] }
     = help: or consider adding `println!("cargo::rustc-check-cfg=cfg(verus_keep_ghost)");` to the top of the `build.rs`
     = note: see <https://doc.rust-lang.org/nightly/rustc/check-cfg/cargo-specifics.html> for more information about checking conditional configuration
     = note: this warning originates in the macro `impl_spec_eq` (in Nightly builds, run with -Z macro-backtrace for more info)

warning: unexpected `cfg` condition name: `verus_keep_ghost`
    --> /tmp/verus-crates/builtin/src/lib.rs:1165:19
     |
1165 |             #[cfg(verus_keep_ghost)]
     |                   ^^^^^^^^^^^^^^^^
...
1193 | impl_spec_eq!(u64, [int nat usize isize u8 i8 u16 i16 u32 i32 i64 u128 i128 char]);
     | ---------------------------------------------------------------------------------- in this macro invocation
     |
     = help: consider using a Cargo feature instead
     = help: or consider adding in `Cargo.toml` the `check-cfg` lint config for the lint:
              [lints.rust]
              unexpected_cfgs = { level = "warn", check-cfg = ['cfg(verus_keep_ghost)'] }
     = help: or consider adding `println!("cargo::rustc-check-cfg=cfg(verus_keep_ghost)");` to the top of the `build.rs`
     = note: see <https://doc.rust-lang.org/nightly/rustc/check-cfg/cargo-specifics.html> for more information about checking conditional configuration
     = note: this warning originates in the macro `impl_spec_eq` (in Nightly builds, run with -Z macro-backtrace for more info)

warning: unexpected `cfg` condition name: `verus_keep_ghost`
    --> /tmp/verus-crates/builtin/src/lib.rs:1168:19
     |
1168 |             #[cfg(verus_keep_ghost)]
     |                   ^^^^^^^^^^^^^^^^
...
1193 | impl_spec_eq!(u64, [int nat usize isize u8 i8 u16 i16 u32 i32 i64 u128 i128 char]);
     | ---------------------------------------------------------------------------------- in this macro invocation
     |
     = help: consider using a Cargo feature instead
     = help: or consider adding in `Cargo.toml` the `check-cfg` lint config for the lint:
              [lints.rust]
              unexpected_cfgs = { level = "warn", check-cfg = ['cfg(verus_keep_ghost)'] }
     = help: or consider adding `println!("cargo::rustc-check-cfg=cfg(verus_keep_ghost)");` to the top of the `build.rs`
     = note: see <https://doc.rust-lang.org/nightly/rustc/check-cfg/cargo-specifics.html> for more information about checking conditional configuration
     = note: this warning originates in the macro `impl_spec_eq` (in Nightly builds, run with -Z macro-backtrace for more info)

warning: unexpected `cfg` condition name: `verus_keep_ghost`
    --> /tmp/verus-crates/builtin/src/lib.rs:1171:19
     |
1171 |             #[cfg(verus_keep_ghost)]
     |                   ^^^^^^^^^^^^^^^^
...
1193 | impl_spec_eq!(u64, [int nat usize isize u8 i8 u16 i16 u32 i32 i64 u128 i128 char]);
     | ---------------------------------------------------------------------------------- in this macro invocation
     |
     = help: consider using a Cargo feature instead
     = help: or consider adding in `Cargo.toml` the `check-cfg` lint config for the lint:
              [lints.rust]
              unexpected_cfgs = { level = "warn", check-cfg = ['cfg(verus_keep_ghost)'] }
     = help: or consider adding `println!("cargo::rustc-check-cfg=cfg(verus_keep_ghost)");` to the top of the `build.rs`
     = note: see <https://doc.rust-lang.org/nightly/rustc/check-cfg/cargo-specifics.html> for more information about checking conditional configuration
     = note: this warning originates in the macro `impl_spec_eq` (in Nightly builds, run with -Z macro-backtrace for more info)

warning: unexpected `cfg` condition name: `verus_keep_ghost`
    --> /tmp/verus-crates/builtin/src/lib.rs:1174:19
     |
1174 |             #[cfg(verus_keep_ghost)]
     |                   ^^^^^^^^^^^^^^^^
...
1193 | impl_spec_eq!(u64, [int nat usize isize u8 i8 u16 i16 u32 i32 i64 u128 i128 char]);
     | ---------------------------------------------------------------------------------- in this macro invocation
     |
     = help: consider using a Cargo feature instead
     = help: or consider adding in `Cargo.toml` the `check-cfg` lint config for the lint:
              [lints.rust]
              unexpected_cfgs = { level = "warn", check-cfg = ['cfg(verus_keep_ghost)'] }
     = help: or consider adding `println!("cargo::rustc-check-cfg=cfg(verus_keep_ghost)");` to the top of the `build.rs`
     = note: see <https://doc.rust-lang.org/nightly/rustc/check-cfg/cargo-specifics.html> for more information about checking conditional configuration
     = note: this warning originates in the macro `impl_spec_eq` (in Nightly builds, run with -Z macro-backtrace for more info)

warning: unexpected `cfg` condition name: `verus_keep_ghost`
    --> /tmp/verus-crates/builtin/src/lib.rs:1177:19
     |
1177 |             #[cfg(verus_keep_ghost)]
     |                   ^^^^^^^^^^^^^^^^
...
1193 | impl_spec_eq!(u64, [int nat usize isize u8 i8 u16 i16 u32 i32 i64 u128 i128 char]);
     | ---------------------------------------------------------------------------------- in this macro invocation
     |
     = help: consider using a Cargo feature instead
     = help: or consider adding in `Cargo.toml` the `check-cfg` lint config for the lint:
              [lints.rust]
              unexpected_cfgs = { level = "warn", check-cfg = ['cfg(verus_keep_ghost)'] }
     = help: or consider adding `println!("cargo::rustc-check-cfg=cfg(verus_keep_ghost)");` to the top of the `build.rs`
     = note: see <https://doc.rust-lang.org/nightly/rustc/check-cfg/cargo-specifics.html> for more information about checking conditional configuration
     = note: this warning originates in the macro `impl_spec_eq` (in Nightly builds, run with -Z macro-backtrace for more info)

warning: unexpected `cfg` condition name: `verus_keep_ghost`
    --> /tmp/verus-crates/builtin/src/lib.rs:1165:19
     |
1165 |             #[cfg(verus_keep_ghost)]
     |                   ^^^^^^^^^^^^^^^^
...
1194 | impl_spec_eq!(i64, [int nat usize isize u8 i8 u16 i16 u32 i32 u64 u128 i128 char]);
     | ---------------------------------------------------------------------------------- in this macro invocation
     |
     = help: consider using a Cargo feature instead
     = help: or consider adding in `Cargo.toml` the `check-cfg` lint config for the lint:
              [lints.rust]
              unexpected_cfgs = { level = "warn", check-cfg = ['cfg(verus_keep_ghost)'] }
     = help: or consider adding `println!("cargo::rustc-check-cfg=cfg(verus_keep_ghost)");` to the top of the `build.rs`
     = note: see <https://doc.rust-lang.org/nightly/rustc/check-cfg/cargo-specifics.html> for more information about checking conditional configuration
     = note: this warning originates in the macro `impl_spec_eq` (in Nightly builds, run with -Z macro-backtrace for more info)

warning: unexpected `cfg` condition name: `verus_keep_ghost`
    --> /tmp/verus-crates/builtin/src/lib.rs:1168:19
     |
1168 |             #[cfg(verus_keep_ghost)]
     |                   ^^^^^^^^^^^^^^^^
...
1194 | impl_spec_eq!(i64, [int nat usize isize u8 i8 u16 i16 u32 i32 u64 u128 i128 char]);
     | ---------------------------------------------------------------------------------- in this macro invocation
     |
     = help: consider using a Cargo feature instead
     = help: or consider adding in `Cargo.toml` the `check-cfg` lint config for the lint:
              [lints.rust]
              unexpected_cfgs = { level = "warn", check-cfg = ['cfg(verus_keep_ghost)'] }
     = help: or consider adding `println!("cargo::rustc-check-cfg=cfg(verus_keep_ghost)");` to the top of the `build.rs`
     = note: see <https://doc.rust-lang.org/nightly/rustc/check-cfg/cargo-specifics.html> for more information about checking conditional configuration
     = note: this warning originates in the macro `impl_spec_eq` (in Nightly builds, run with -Z macro-backtrace for more info)

warning: unexpected `cfg` condition name: `verus_keep_ghost`
    --> /tmp/verus-crates/builtin/src/lib.rs:1171:19
     |
1171 |             #[cfg(verus_keep_ghost)]
     |                   ^^^^^^^^^^^^^^^^
...
1194 | impl_spec_eq!(i64, [int nat usize isize u8 i8 u16 i16 u32 i32 u64 u128 i128 char]);
     | ---------------------------------------------------------------------------------- in this macro invocation
     |
     = help: consider using a Cargo feature instead
     = help: or consider adding in `Cargo.toml` the `check-cfg` lint config for the lint:
              [lints.rust]
              unexpected_cfgs = { level = "warn", check-cfg = ['cfg(verus_keep_ghost)'] }
     = help: or consider adding `println!("cargo::rustc-check-cfg=cfg(verus_keep_ghost)");` to the top of the `build.rs`
     = note: see <https://doc.rust-lang.org/nightly/rustc/check-cfg/cargo-specifics.html> for more information about checking conditional configuration
     = note: this warning originates in the macro `impl_spec_eq` (in Nightly builds, run with -Z macro-backtrace for more info)

warning: unexpected `cfg` condition name: `verus_keep_ghost`
    --> /tmp/verus-crates/builtin/src/lib.rs:1174:19
     |
1174 |             #[cfg(verus_keep_ghost)]
     |                   ^^^^^^^^^^^^^^^^
...
1194 | impl_spec_eq!(i64, [int nat usize isize u8 i8 u16 i16 u32 i32 u64 u128 i128 char]);
     | ---------------------------------------------------------------------------------- in this macro invocation
     |
     = help: consider using a Cargo feature instead
     = help: or consider adding in `Cargo.toml` the `check-cfg` lint config for the lint:
              [lints.rust]
              unexpected_cfgs = { level = "warn", check-cfg = ['cfg(verus_keep_ghost)'] }
     = help: or consider adding `println!("cargo::rustc-check-cfg=cfg(verus_keep_ghost)");` to the top of the `build.rs`
     = note: see <https://doc.rust-lang.org/nightly/rustc/check-cfg/cargo-specifics.html> for more information about checking conditional configuration
     = note: this warning originates in the macro `impl_spec_eq` (in Nightly builds, run with -Z macro-backtrace for more info)

warning: unexpected `cfg` condition name: `verus_keep_ghost`
    --> /tmp/verus-crates/builtin/src/lib.rs:1177:19
     |
1177 |             #[cfg(verus_keep_ghost)]
     |                   ^^^^^^^^^^^^^^^^
...
1194 | impl_spec_eq!(i64, [int nat usize isize u8 i8 u16 i16 u32 i32 u64 u128 i128 char]);
     | ---------------------------------------------------------------------------------- in this macro invocation
     |
     = help: consider using a Cargo feature instead
     = help: or consider adding in `Cargo.toml` the `check-cfg` lint config for the lint:
              [lints.rust]
              unexpected_cfgs = { level = "warn", check-cfg = ['cfg(verus_keep_ghost)'] }
     = help: or consider adding `println!("cargo::rustc-check-cfg=cfg(verus_keep_ghost)");` to the top of the `build.rs`
     = note: see <https://doc.rust-lang.org/nightly/rustc/check-cfg/cargo-specifics.html> for more information about checking conditional configuration
     = note: this warning originates in the macro `impl_spec_eq` (in Nightly builds, run with -Z macro-backtrace for more info)

warning: unexpected `cfg` condition name: `verus_keep_ghost`
    --> /tmp/verus-crates/builtin/src/lib.rs:1165:19
     |
1165 |             #[cfg(verus_keep_ghost)]
     |                   ^^^^^^^^^^^^^^^^
...
1195 | impl_spec_eq!(u128, [int nat usize isize u8 i8 u16 i16 u32 i32 u64 i64 i128 char]);
     | ---------------------------------------------------------------------------------- in this macro invocation
     |
     = help: consider using a Cargo feature instead
     = help: or consider adding in `Cargo.toml` the `check-cfg` lint config for the lint:
              [lints.rust]
              unexpected_cfgs = { level = "warn", check-cfg = ['cfg(verus_keep_ghost)'] }
     = help: or consider adding `println!("cargo::rustc-check-cfg=cfg(verus_keep_ghost)");` to the top of the `build.rs`
     = note: see <https://doc.rust-lang.org/nightly/rustc/check-cfg/cargo-specifics.html> for more information about checking conditional configuration
     = note: this warning originates in the macro `impl_spec_eq` (in Nightly builds, run with -Z macro-backtrace for more info)

warning: unexpected `cfg` condition name: `verus_keep_ghost`
    --> /tmp/verus-crates/builtin/src/lib.rs:1168:19
     |
1168 |             #[cfg(verus_keep_ghost)]
     |                   ^^^^^^^^^^^^^^^^
...
1195 | impl_spec_eq!(u128, [int nat usize isize u8 i8 u16 i16 u32 i32 u64 i64 i128 char]);
     | ---------------------------------------------------------------------------------- in this macro invocation
     |
     = help: consider using a Cargo feature instead
     = help: or consider adding in `Cargo.toml` the `check-cfg` lint config for the lint:
              [lints.rust]
              unexpected_cfgs = { level = "warn", check-cfg = ['cfg(verus_keep_ghost)'] }
     = help: or consider adding `println!("cargo::rustc-check-cfg=cfg(verus_keep_ghost)");` to the top of the `build.rs`
     = note: see <https://doc.rust-lang.org/nightly/rustc/check-cfg/cargo-specifics.html> for more information about checking conditional configuration
     = note: this warning originates in the macro `impl_spec_eq` (in Nightly builds, run with -Z macro-backtrace for more info)

warning: unexpected `cfg` condition name: `verus_keep_ghost`
    --> /tmp/verus-crates/builtin/src/lib.rs:1171:19
     |
1171 |             #[cfg(verus_keep_ghost)]
     |                   ^^^^^^^^^^^^^^^^
...
1195 | impl_spec_eq!(u128, [int nat usize isize u8 i8 u16 i16 u32 i32 u64 i64 i128 char]);
     | ---------------------------------------------------------------------------------- in this macro invocation
     |
     = help: consider using a Cargo feature instead
     = help: or consider adding in `Cargo.toml` the `check-cfg` lint config for the lint:
              [lints.rust]
              unexpected_cfgs = { level = "warn", check-cfg = ['cfg(verus_keep_ghost)'] }
     = help: or consider adding `println!("cargo::rustc-check-cfg=cfg(verus_keep_ghost)");` to the top of the `build.rs`
     = note: see <https://doc.rust-lang.org/nightly/rustc/check-cfg/cargo-specifics.html> for more information about checking conditional configuration
     = note: this warning originates in the macro `impl_spec_eq` (in Nightly builds, run with -Z macro-backtrace for more info)

warning: unexpected `cfg` condition name: `verus_keep_ghost`
    --> /tmp/verus-crates/builtin/src/lib.rs:1174:19
     |
1174 |             #[cfg(verus_keep_ghost)]
     |                   ^^^^^^^^^^^^^^^^
...
1195 | impl_spec_eq!(u128, [int nat usize isize u8 i8 u16 i16 u32 i32 u64 i64 i128 char]);
     | ---------------------------------------------------------------------------------- in this macro invocation
     |
     = help: consider using a Cargo feature instead
     = help: or consider adding in `Cargo.toml` the `check-cfg` lint config for the lint:
              [lints.rust]
              unexpected_cfgs = { level = "warn", check-cfg = ['cfg(verus_keep_ghost)'] }
     = help: or consider adding `println!("cargo::rustc-check-cfg=cfg(verus_keep_ghost)");` to the top of the `build.rs`
     = note: see <https://doc.rust-lang.org/nightly/rustc/check-cfg/cargo-specifics.html> for more information about checking conditional configuration
     = note: this warning originates in the macro `impl_spec_eq` (in Nightly builds, run with -Z macro-backtrace for more info)

warning: unexpected `cfg` condition name: `verus_keep_ghost`
    --> /tmp/verus-crates/builtin/src/lib.rs:1177:19
     |
1177 |             #[cfg(verus_keep_ghost)]
     |                   ^^^^^^^^^^^^^^^^
...
1195 | impl_spec_eq!(u128, [int nat usize isize u8 i8 u16 i16 u32 i32 u64 i64 i128 char]);
     | ---------------------------------------------------------------------------------- in this macro invocation
     |
     = help: consider using a Cargo feature instead
     = help: or consider adding in `Cargo.toml` the `check-cfg` lint config for the lint:
              [lints.rust]
              unexpected_cfgs = { level = "warn", check-cfg = ['cfg(verus_keep_ghost)'] }
     = help: or consider adding `println!("cargo::rustc-check-cfg=cfg(verus_keep_ghost)");` to the top of the `build.rs`
     = note: see <https://doc.rust-lang.org/nightly/rustc/check-cfg/cargo-specifics.html> for more information about checking conditional configuration
     = note: this warning originates in the macro `impl_spec_eq` (in Nightly builds, run with -Z macro-backtrace for more info)

warning: unexpected `cfg` condition name: `verus_keep_ghost`
    --> /tmp/verus-crates/builtin/src/lib.rs:1165:19
     |
1165 |             #[cfg(verus_keep_ghost)]
     |                   ^^^^^^^^^^^^^^^^
...
1196 | impl_spec_eq!(i128, [int nat usize isize u8 i8 u16 i16 u32 i32 u64 i64 u128 char]);
     | ---------------------------------------------------------------------------------- in this macro invocation
     |
     = help: consider using a Cargo feature instead
     = help: or consider adding in `Cargo.toml` the `check-cfg` lint config for the lint:
              [lints.rust]
              unexpected_cfgs = { level = "warn", check-cfg = ['cfg(verus_keep_ghost)'] }
     = help: or consider adding `println!("cargo::rustc-check-cfg=cfg(verus_keep_ghost)");` to the top of the `build.rs`
     = note: see <https://doc.rust-lang.org/nightly/rustc/check-cfg/cargo-specifics.html> for more information about checking conditional configuration
     = note: this warning originates in the macro `impl_spec_eq` (in Nightly builds, run with -Z macro-backtrace for more info)

warning: unexpected `cfg` condition name: `verus_keep_ghost`
    --> /tmp/verus-crates/builtin/src/lib.rs:1168:19
     |
1168 |             #[cfg(verus_keep_ghost)]
     |                   ^^^^^^^^^^^^^^^^
...
1196 | impl_spec_eq!(i128, [int nat usize isize u8 i8 u16 i16 u32 i32 u64 i64 u128 char]);
     | ---------------------------------------------------------------------------------- in this macro invocation
     |
     = help: consider using a Cargo feature instead
     = help: or consider adding in `Cargo.toml` the `check-cfg` lint config for the lint:
              [lints.rust]
              unexpected_cfgs = { level = "warn", check-cfg = ['cfg(verus_keep_ghost)'] }
     = help: or consider adding `println!("cargo::rustc-check-cfg=cfg(verus_keep_ghost)");` to the top of the `build.rs`
     = note: see <https://doc.rust-lang.org/nightly/rustc/check-cfg/cargo-specifics.html> for more information about checking conditional configuration
     = note: this warning originates in the macro `impl_spec_eq` (in Nightly builds, run with -Z macro-backtrace for more info)

warning: unexpected `cfg` condition name: `verus_keep_ghost`
    --> /tmp/verus-crates/builtin/src/lib.rs:1171:19
     |
1171 |             #[cfg(verus_keep_ghost)]
     |                   ^^^^^^^^^^^^^^^^
...
1196 | impl_spec_eq!(i128, [int nat usize isize u8 i8 u16 i16 u32 i32 u64 i64 u128 char]);
     | ---------------------------------------------------------------------------------- in this macro invocation
     |
     = help: consider using a Cargo feature instead
     = help: or consider adding in `Cargo.toml` the `check-cfg` lint config for the lint:
              [lints.rust]
              unexpected_cfgs = { level = "warn", check-cfg = ['cfg(verus_keep_ghost)'] }
     = help: or consider adding `println!("cargo::rustc-check-cfg=cfg(verus_keep_ghost)");` to the top of the `build.rs`
     = note: see <https://doc.rust-lang.org/nightly/rustc/check-cfg/cargo-specifics.html> for more information about checking conditional configuration
     = note: this warning originates in the macro `impl_spec_eq` (in Nightly builds, run with -Z macro-backtrace for more info)

warning: unexpected `cfg` condition name: `verus_keep_ghost`
    --> /tmp/verus-crates/builtin/src/lib.rs:1174:19
     |
1174 |             #[cfg(verus_keep_ghost)]
     |                   ^^^^^^^^^^^^^^^^
...
1196 | impl_spec_eq!(i128, [int nat usize isize u8 i8 u16 i16 u32 i32 u64 i64 u128 char]);
     | ---------------------------------------------------------------------------------- in this macro invocation
     |
     = help: consider using a Cargo feature instead
     = help: or consider adding in `Cargo.toml` the `check-cfg` lint config for the lint:
              [lints.rust]
              unexpected_cfgs = { level = "warn", check-cfg = ['cfg(verus_keep_ghost)'] }
     = help: or consider adding `println!("cargo::rustc-check-cfg=cfg(verus_keep_ghost)");` to the top of the `build.rs`
     = note: see <https://doc.rust-lang.org/nightly/rustc/check-cfg/cargo-specifics.html> for more information about checking conditional configuration
     = note: this warning originates in the macro `impl_spec_eq` (in Nightly builds, run with -Z macro-backtrace for more info)

warning: unexpected `cfg` condition name: `verus_keep_ghost`
    --> /tmp/verus-crates/builtin/src/lib.rs:1177:19
     |
1177 |             #[cfg(verus_keep_ghost)]
     |                   ^^^^^^^^^^^^^^^^
...
1196 | impl_spec_eq!(i128, [int nat usize isize u8 i8 u16 i16 u32 i32 u64 i64 u128 char]);
     | ---------------------------------------------------------------------------------- in this macro invocation
     |
     = help: consider using a Cargo feature instead
     = help: or consider adding in `Cargo.toml` the `check-cfg` lint config for the lint:
              [lints.rust]
              unexpected_cfgs = { level = "warn", check-cfg = ['cfg(verus_keep_ghost)'] }
     = help: or consider adding `println!("cargo::rustc-check-cfg=cfg(verus_keep_ghost)");` to the top of the `build.rs`
     = note: see <https://doc.rust-lang.org/nightly/rustc/check-cfg/cargo-specifics.html> for more information about checking conditional configuration
     = note: this warning originates in the macro `impl_spec_eq` (in Nightly builds, run with -Z macro-backtrace for more info)

warning: unexpected `cfg` condition name: `verus_keep_ghost`
    --> /tmp/verus-crates/builtin/src/lib.rs:1165:19
     |
1165 |             #[cfg(verus_keep_ghost)]
     |                   ^^^^^^^^^^^^^^^^
...
1197 | impl_spec_eq!(char, [int nat usize isize u8 i8 u16 i16 u32 i32 u64 i64 u128 i128]);
     | ---------------------------------------------------------------------------------- in this macro invocation
     |
     = help: consider using a Cargo feature instead
     = help: or consider adding in `Cargo.toml` the `check-cfg` lint config for the lint:
              [lints.rust]
              unexpected_cfgs = { level = "warn", check-cfg = ['cfg(verus_keep_ghost)'] }
     = help: or consider adding `println!("cargo::rustc-check-cfg=cfg(verus_keep_ghost)");` to the top of the `build.rs`
     = note: see <https://doc.rust-lang.org/nightly/rustc/check-cfg/cargo-specifics.html> for more information about checking conditional configuration
     = note: this warning originates in the macro `impl_spec_eq` (in Nightly builds, run with -Z macro-backtrace for more info)

warning: unexpected `cfg` condition name: `verus_keep_ghost`
    --> /tmp/verus-crates/builtin/src/lib.rs:1168:19
     |
1168 |             #[cfg(verus_keep_ghost)]
     |                   ^^^^^^^^^^^^^^^^
...
1197 | impl_spec_eq!(char, [int nat usize isize u8 i8 u16 i16 u32 i32 u64 i64 u128 i128]);
     | ---------------------------------------------------------------------------------- in this macro invocation
     |
     = help: consider using a Cargo feature instead
     = help: or consider adding in `Cargo.toml` the `check-cfg` lint config for the lint:
              [lints.rust]
              unexpected_cfgs = { level = "warn", check-cfg = ['cfg(verus_keep_ghost)'] }
     = help: or consider adding `println!("cargo::rustc-check-cfg=cfg(verus_keep_ghost)");` to the top of the `build.rs`
     = note: see <https://doc.rust-lang.org/nightly/rustc/check-cfg/cargo-specifics.html> for more information about checking conditional configuration
     = note: this warning originates in the macro `impl_spec_eq` (in Nightly builds, run with -Z macro-backtrace for more info)

warning: unexpected `cfg` condition name: `verus_keep_ghost`
    --> /tmp/verus-crates/builtin/src/lib.rs:1171:19
     |
1171 |             #[cfg(verus_keep_ghost)]
     |                   ^^^^^^^^^^^^^^^^
...
1197 | impl_spec_eq!(char, [int nat usize isize u8 i8 u16 i16 u32 i32 u64 i64 u128 i128]);
     | ---------------------------------------------------------------------------------- in this macro invocation
     |
     = help: consider using a Cargo feature instead
     = help: or consider adding in `Cargo.toml` the `check-cfg` lint config for the lint:
              [lints.rust]
              unexpected_cfgs = { level = "warn", check-cfg = ['cfg(verus_keep_ghost)'] }
     = help: or consider adding `println!("cargo::rustc-check-cfg=cfg(verus_keep_ghost)");` to the top of the `build.rs`
     = note: see <https://doc.rust-lang.org/nightly/rustc/check-cfg/cargo-specifics.html> for more information about checking conditional configuration
     = note: this warning originates in the macro `impl_spec_eq` (in Nightly builds, run with -Z macro-backtrace for more info)

warning: unexpected `cfg` condition name: `verus_keep_ghost`
    --> /tmp/verus-crates/builtin/src/lib.rs:1174:19
     |
1174 |             #[cfg(verus_keep_ghost)]
     |                   ^^^^^^^^^^^^^^^^
...
1197 | impl_spec_eq!(char, [int nat usize isize u8 i8 u16 i16 u32 i32 u64 i64 u128 i128]);
     | ---------------------------------------------------------------------------------- in this macro invocation
     |
     = help: consider using a Cargo feature instead
     = help: or consider adding in `Cargo.toml` the `check-cfg` lint config for the lint:
              [lints.rust]
              unexpected_cfgs = { level = "warn", check-cfg = ['cfg(verus_keep_ghost)'] }
     = help: or consider adding `println!("cargo::rustc-check-cfg=cfg(verus_keep_ghost)");` to the top of the `build.rs`
     = note: see <https://doc.rust-lang.org/nightly/rustc/check-cfg/cargo-specifics.html> for more information about checking conditional configuration
     = note: this warning originates in the macro `impl_spec_eq` (in Nightly builds, run with -Z macro-backtrace for more info)

warning: unexpected `cfg` condition name: `verus_keep_ghost`
    --> /tmp/verus-crates/builtin/src/lib.rs:1177:19
     |
1177 |             #[cfg(verus_keep_ghost)]
     |                   ^^^^^^^^^^^^^^^^
...
1197 | impl_spec_eq!(char, [int nat usize isize u8 i8 u16 i16 u32 i32 u64 i64 u128 i128]);
     | ---------------------------------------------------------------------------------- in this macro invocation
     |
     = help: consider using a Cargo feature instead
     = help: or consider adding in `Cargo.toml` the `check-cfg` lint config for the lint:
              [lints.rust]
              unexpected_cfgs = { level = "warn", check-cfg = ['cfg(verus_keep_ghost)'] }
     = help: or consider adding `println!("cargo::rustc-check-cfg=cfg(verus_keep_ghost)");` to the top of the `build.rs`
     = note: see <https://doc.rust-lang.org/nightly/rustc/check-cfg/cargo-specifics.html> for more information about checking conditional configuration
     = note: this warning originates in the macro `impl_spec_eq` (in Nightly builds, run with -Z macro-backtrace for more info)

warning: unexpected `cfg` condition name: `verus_keep_ghost`
   --> /tmp/verus-crates/builtin/src/lib.rs:463:11
    |
463 |     #[cfg(verus_keep_ghost)]
    |           ^^^^^^^^^^^^^^^^
    |
    = help: consider using a Cargo feature instead
    = help: or consider adding in `Cargo.toml` the `check-cfg` lint config for the lint:
             [lints.rust]
             unexpected_cfgs = { level = "warn", check-cfg = ['cfg(verus_keep_ghost)'] }
    = help: or consider adding `println!("cargo::rustc-check-cfg=cfg(verus_keep_ghost)");` to the top of the `build.rs`
    = note: see <https://doc.rust-lang.org/nightly/rustc/check-cfg/cargo-specifics.html> for more information about checking conditional configuration

warning: unexpected `cfg` condition name: `verus_keep_ghost`
   --> /tmp/verus-crates/builtin/src/lib.rs:472:11
    |
472 |     #[cfg(verus_keep_ghost)]
    |           ^^^^^^^^^^^^^^^^
    |
    = help: consider using a Cargo feature instead
    = help: or consider adding in `Cargo.toml` the `check-cfg` lint config for the lint:
             [lints.rust]
             unexpected_cfgs = { level = "warn", check-cfg = ['cfg(verus_keep_ghost)'] }
    = help: or consider adding `println!("cargo::rustc-check-cfg=cfg(verus_keep_ghost)");` to the top of the `build.rs`
    = note: see <https://doc.rust-lang.org/nightly/rustc/check-cfg/cargo-specifics.html> for more information about checking conditional configuration

warning: unexpected `cfg` condition name: `verus_keep_ghost`
   --> /tmp/verus-crates/builtin/src/lib.rs:499:11
    |
499 |     #[cfg(verus_keep_ghost)]
    |           ^^^^^^^^^^^^^^^^
    |
    = help: consider using a Cargo feature instead
    = help: or consider adding in `Cargo.toml` the `check-cfg` lint config for the lint:
             [lints.rust]
             unexpected_cfgs = { level = "warn", check-cfg = ['cfg(verus_keep_ghost)'] }
    = help: or consider adding `println!("cargo::rustc-check-cfg=cfg(verus_keep_ghost)");` to the top of the `build.rs`
    = note: see <https://doc.rust-lang.org/nightly/rustc/check-cfg/cargo-specifics.html> for more information about checking conditional configuration

warning: unexpected `cfg` condition name: `verus_keep_ghost`
   --> /tmp/verus-crates/builtin/src/lib.rs:511:11
    |
511 |     #[cfg(verus_keep_ghost)]
    |           ^^^^^^^^^^^^^^^^
    |
    = help: consider using a Cargo feature instead
    = help: or consider adding in `Cargo.toml` the `check-cfg` lint config for the lint:
             [lints.rust]
             unexpected_cfgs = { level = "warn", check-cfg = ['cfg(verus_keep_ghost)'] }
    = help: or consider adding `println!("cargo::rustc-check-cfg=cfg(verus_keep_ghost)");` to the top of the `build.rs`
    = note: see <https://doc.rust-lang.org/nightly/rustc/check-cfg/cargo-specifics.html> for more information about checking conditional configuration

warning: unexpected `cfg` condition name: `verus_keep_ghost`
   --> /tmp/verus-crates/builtin/src/lib.rs:524:11
    |
524 |     #[cfg(verus_keep_ghost)]
    |           ^^^^^^^^^^^^^^^^
    |
    = help: consider using a Cargo feature instead
    = help: or consider adding in `Cargo.toml` the `check-cfg` lint config for the lint:
             [lints.rust]
             unexpected_cfgs = { level = "warn", check-cfg = ['cfg(verus_keep_ghost)'] }
    = help: or consider adding `println!("cargo::rustc-check-cfg=cfg(verus_keep_ghost)");` to the top of the `build.rs`
    = note: see <https://doc.rust-lang.org/nightly/rustc/check-cfg/cargo-specifics.html> for more information about checking conditional configuration

warning: unexpected `cfg` condition name: `verus_keep_ghost`
   --> /tmp/verus-crates/builtin/src/lib.rs:533:11
    |
533 |     #[cfg(verus_keep_ghost)]
    |           ^^^^^^^^^^^^^^^^
    |
    = help: consider using a Cargo feature instead
    = help: or consider adding in `Cargo.toml` the `check-cfg` lint config for the lint:
             [lints.rust]
             unexpected_cfgs = { level = "warn", check-cfg = ['cfg(verus_keep_ghost)'] }
    = help: or consider adding `println!("cargo::rustc-check-cfg=cfg(verus_keep_ghost)");` to the top of the `build.rs`
    = note: see <https://doc.rust-lang.org/nightly/rustc/check-cfg/cargo-specifics.html> for more information about checking conditional configuration

warning: unexpected `cfg` condition name: `verus_keep_ghost`
   --> /tmp/verus-crates/builtin/src/lib.rs:556:11
    |
556 |     #[cfg(verus_keep_ghost)]
    |           ^^^^^^^^^^^^^^^^
    |
    = help: consider using a Cargo feature instead
    = help: or consider adding in `Cargo.toml` the `check-cfg` lint config for the lint:
             [lints.rust]
             unexpected_cfgs = { level = "warn", check-cfg = ['cfg(verus_keep_ghost)'] }
    = help: or consider adding `println!("cargo::rustc-check-cfg=cfg(verus_keep_ghost)");` to the top of the `build.rs`
    = note: see <https://doc.rust-lang.org/nightly/rustc/check-cfg/cargo-specifics.html> for more information about checking conditional configuration

warning: unexpected `cfg` condition name: `verus_keep_ghost`
   --> /tmp/verus-crates/builtin/src/lib.rs:568:11
    |
568 |     #[cfg(verus_keep_ghost)]
    |           ^^^^^^^^^^^^^^^^
    |
    = help: consider using a Cargo feature instead
    = help: or consider adding in `Cargo.toml` the `check-cfg` lint config for the lint:
             [lints.rust]
             unexpected_cfgs = { level = "warn", check-cfg = ['cfg(verus_keep_ghost)'] }
    = help: or consider adding `println!("cargo::rustc-check-cfg=cfg(verus_keep_ghost)");` to the top of the `build.rs`
    = note: see <https://doc.rust-lang.org/nightly/rustc/check-cfg/cargo-specifics.html> for more information about checking conditional configuration

warning: unexpected `cfg` condition name: `verus_keep_ghost`
   --> /tmp/verus-crates/builtin/src/lib.rs:581:11
    |
581 |     #[cfg(verus_keep_ghost)]
    |           ^^^^^^^^^^^^^^^^
    |
    = help: consider using a Cargo feature instead
    = help: or consider adding in `Cargo.toml` the `check-cfg` lint config for the lint:
             [lints.rust]
             unexpected_cfgs = { level = "warn", check-cfg = ['cfg(verus_keep_ghost)'] }
    = help: or consider adding `println!("cargo::rustc-check-cfg=cfg(verus_keep_ghost)");` to the top of the `build.rs`
    = note: see <https://doc.rust-lang.org/nightly/rustc/check-cfg/cargo-specifics.html> for more information about checking conditional configuration

warning: unexpected `cfg` condition name: `verus_keep_ghost`
   --> /tmp/verus-crates/builtin/src/lib.rs:788:11
    |
788 |     #[cfg(verus_keep_ghost)]
    |           ^^^^^^^^^^^^^^^^
    |
    = help: consider using a Cargo feature instead
    = help: or consider adding in `Cargo.toml` the `check-cfg` lint config for the lint:
             [lints.rust]
             unexpected_cfgs = { level = "warn", check-cfg = ['cfg(verus_keep_ghost)'] }
    = help: or consider adding `println!("cargo::rustc-check-cfg=cfg(verus_keep_ghost)");` to the top of the `build.rs`
    = note: see <https://doc.rust-lang.org/nightly/rustc/check-cfg/cargo-specifics.html> for more information about checking conditional configuration

warning: unexpected `cfg` condition name: `verus_keep_ghost`
   --> /tmp/verus-crates/builtin/src/lib.rs:900:11
    |
900 |     #[cfg(verus_keep_ghost)]
    |           ^^^^^^^^^^^^^^^^
    |
    = help: consider using a Cargo feature instead
    = help: or consider adding in `Cargo.toml` the `check-cfg` lint config for the lint:
             [lints.rust]
             unexpected_cfgs = { level = "warn", check-cfg = ['cfg(verus_keep_ghost)'] }
    = help: or consider adding `println!("cargo::rustc-check-cfg=cfg(verus_keep_ghost)");` to the top of the `build.rs`
    = note: see <https://doc.rust-lang.org/nightly/rustc/check-cfg/cargo-specifics.html> for more information about checking conditional configuration

warning: unexpected `cfg` condition name: `verus_keep_ghost`
   --> /tmp/verus-crates/builtin/src/lib.rs:904:15
    |
904 |     #[cfg(not(verus_keep_ghost))]
    |               ^^^^^^^^^^^^^^^^
    |
    = help: consider using a Cargo feature instead
    = help: or consider adding in `Cargo.toml` the `check-cfg` lint config for the lint:
             [lints.rust]
             unexpected_cfgs = { level = "warn", check-cfg = ['cfg(verus_keep_ghost)'] }
    = help: or consider adding `println!("cargo::rustc-check-cfg=cfg(verus_keep_ghost)");` to the top of the `build.rs`
    = note: see <https://doc.rust-lang.org/nightly/rustc/check-cfg/cargo-specifics.html> for more information about checking conditional configuration

warning: unexpected `cfg` condition name: `verus_keep_ghost`
    --> /tmp/verus-crates/builtin/src/lib.rs:1207:11
     |
1207 |     #[cfg(verus_keep_ghost)]
     |           ^^^^^^^^^^^^^^^^
     |
     = help: consider using a Cargo feature instead
     = help: or consider adding in `Cargo.toml` the `check-cfg` lint config for the lint:
              [lints.rust]
              unexpected_cfgs = { level = "warn", check-cfg = ['cfg(verus_keep_ghost)'] }
     = help: or consider adding `println!("cargo::rustc-check-cfg=cfg(verus_keep_ghost)");` to the top of the `build.rs`
     = note: see <https://doc.rust-lang.org/nightly/rustc/check-cfg/cargo-specifics.html> for more information about checking conditional configuration

warning: unexpected `cfg` condition name: `verus_keep_ghost`
    --> /tmp/verus-crates/builtin/src/lib.rs:1212:11
     |
1212 |     #[cfg(verus_keep_ghost)]
     |           ^^^^^^^^^^^^^^^^
     |
     = help: consider using a Cargo feature instead
     = help: or consider adding in `Cargo.toml` the `check-cfg` lint config for the lint:
              [lints.rust]
              unexpected_cfgs = { level = "warn", check-cfg = ['cfg(verus_keep_ghost)'] }
     = help: or consider adding `println!("cargo::rustc-check-cfg=cfg(verus_keep_ghost)");` to the top of the `build.rs`
     = note: see <https://doc.rust-lang.org/nightly/rustc/check-cfg/cargo-specifics.html> for more information about checking conditional configuration

warning: unexpected `cfg` condition name: `verus_keep_ghost`
    --> /tmp/verus-crates/builtin/src/lib.rs:1217:11
     |
1217 |     #[cfg(verus_keep_ghost)]
     |           ^^^^^^^^^^^^^^^^
     |
     = help: consider using a Cargo feature instead
     = help: or consider adding in `Cargo.toml` the `check-cfg` lint config for the lint:
              [lints.rust]
              unexpected_cfgs = { level = "warn", check-cfg = ['cfg(verus_keep_ghost)'] }
     = help: or consider adding `println!("cargo::rustc-check-cfg=cfg(verus_keep_ghost)");` to the top of the `build.rs`
     = note: see <https://doc.rust-lang.org/nightly/rustc/check-cfg/cargo-specifics.html> for more information about checking conditional configuration

warning: unexpected `cfg` condition name: `verus_keep_ghost`
    --> /tmp/verus-crates/builtin/src/lib.rs:1222:11
     |
1222 |     #[cfg(verus_keep_ghost)]
     |           ^^^^^^^^^^^^^^^^
     |
     = help: consider using a Cargo feature instead
     = help: or consider adding in `Cargo.toml` the `check-cfg` lint config for the lint:
              [lints.rust]
              unexpected_cfgs = { level = "warn", check-cfg = ['cfg(verus_keep_ghost)'] }
     = help: or consider adding `println!("cargo::rustc-check-cfg=cfg(verus_keep_ghost)");` to the top of the `build.rs`
     = note: see <https://doc.rust-lang.org/nightly/rustc/check-cfg/cargo-specifics.html> for more information about checking conditional configuration

warning: unexpected `cfg` condition name: `verus_keep_ghost`
    --> /tmp/verus-crates/builtin/src/lib.rs:1231:11
     |
1231 |     #[cfg(verus_keep_ghost)]
     |           ^^^^^^^^^^^^^^^^
     |
     = help: consider using a Cargo feature instead
     = help: or consider adding in `Cargo.toml` the `check-cfg` lint config for the lint:
              [lints.rust]
              unexpected_cfgs = { level = "warn", check-cfg = ['cfg(verus_keep_ghost)'] }
     = help: or consider adding `println!("cargo::rustc-check-cfg=cfg(verus_keep_ghost)");` to the top of the `build.rs`
     = note: see <https://doc.rust-lang.org/nightly/rustc/check-cfg/cargo-specifics.html> for more information about checking conditional configuration

warning: unexpected `cfg` condition name: `verus_keep_ghost`
    --> /tmp/verus-crates/builtin/src/lib.rs:1240:11
     |
1240 |     #[cfg(verus_keep_ghost)]
     |           ^^^^^^^^^^^^^^^^
     |
     = help: consider using a Cargo feature instead
     = help: or consider adding in `Cargo.toml` the `check-cfg` lint config for the lint:
              [lints.rust]
              unexpected_cfgs = { level = "warn", check-cfg = ['cfg(verus_keep_ghost)'] }
     = help: or consider adding `println!("cargo::rustc-check-cfg=cfg(verus_keep_ghost)");` to the top of the `build.rs`
     = note: see <https://doc.rust-lang.org/nightly/rustc/check-cfg/cargo-specifics.html> for more information about checking conditional configuration

warning: unexpected `cfg` condition name: `verus_keep_ghost`
    --> /tmp/verus-crates/builtin/src/lib.rs:1249:11
     |
1249 |     #[cfg(verus_keep_ghost)]
     |           ^^^^^^^^^^^^^^^^
     |
     = help: consider using a Cargo feature instead
     = help: or consider adding in `Cargo.toml` the `check-cfg` lint config for the lint:
              [lints.rust]
              unexpected_cfgs = { level = "warn", check-cfg = ['cfg(verus_keep_ghost)'] }
     = help: or consider adding `println!("cargo::rustc-check-cfg=cfg(verus_keep_ghost)");` to the top of the `build.rs`
     = note: see <https://doc.rust-lang.org/nightly/rustc/check-cfg/cargo-specifics.html> for more information about checking conditional configuration

warning: unexpected `cfg` condition name: `verus_keep_ghost`
    --> /tmp/verus-crates/builtin/src/lib.rs:1258:11
     |
1258 |     #[cfg(verus_keep_ghost)]
     |           ^^^^^^^^^^^^^^^^
     |
     = help: consider using a Cargo feature instead
     = help: or consider adding in `Cargo.toml` the `check-cfg` lint config for the lint:
              [lints.rust]
              unexpected_cfgs = { level = "warn", check-cfg = ['cfg(verus_keep_ghost)'] }
     = help: or consider adding `println!("cargo::rustc-check-cfg=cfg(verus_keep_ghost)");` to the top of the `build.rs`
     = note: see <https://doc.rust-lang.org/nightly/rustc/check-cfg/cargo-specifics.html> for more information about checking conditional configuration

warning: unexpected `cfg` condition name: `verus_keep_ghost`
    --> /tmp/verus-crates/builtin/src/lib.rs:1267:11
     |
1267 |     #[cfg(verus_keep_ghost)]
     |           ^^^^^^^^^^^^^^^^
     |
     = help: consider using a Cargo feature instead
     = help: or consider adding in `Cargo.toml` the `check-cfg` lint config for the lint:
              [lints.rust]
              unexpected_cfgs = { level = "warn", check-cfg = ['cfg(verus_keep_ghost)'] }
     = help: or consider adding `println!("cargo::rustc-check-cfg=cfg(verus_keep_ghost)");` to the top of the `build.rs`
     = note: see <https://doc.rust-lang.org/nightly/rustc/check-cfg/cargo-specifics.html> for more information about checking conditional configuration

warning: unexpected `cfg` condition name: `verus_keep_ghost`
    --> /tmp/verus-crates/builtin/src/lib.rs:1276:11
     |
1276 |     #[cfg(verus_keep_ghost)]
     |           ^^^^^^^^^^^^^^^^
     |
     = help: consider using a Cargo feature instead
     = help: or consider adding in `Cargo.toml` the `check-cfg` lint config for the lint:
              [lints.rust]
              unexpected_cfgs = { level = "warn", check-cfg = ['cfg(verus_keep_ghost)'] }
     = help: or consider adding `println!("cargo::rustc-check-cfg=cfg(verus_keep_ghost)");` to the top of the `build.rs`
     = note: see <https://doc.rust-lang.org/nightly/rustc/check-cfg/cargo-specifics.html> for more information about checking conditional configuration

warning: unexpected `cfg` condition name: `verus_keep_ghost`
    --> /tmp/verus-crates/builtin/src/lib.rs:1285:11
     |
1285 |     #[cfg(verus_keep_ghost)]
     |           ^^^^^^^^^^^^^^^^
     |
     = help: consider using a Cargo feature instead
     = help: or consider adding in `Cargo.toml` the `check-cfg` lint config for the lint:
              [lints.rust]
              unexpected_cfgs = { level = "warn", check-cfg = ['cfg(verus_keep_ghost)'] }
     = help: or consider adding `println!("cargo::rustc-check-cfg=cfg(verus_keep_ghost)");` to the top of the `build.rs`
     = note: see <https://doc.rust-lang.org/nightly/rustc/check-cfg/cargo-specifics.html> for more information about checking conditional configuration

warning: unexpected `cfg` condition name: `verus_keep_ghost`
    --> /tmp/verus-crates/builtin/src/lib.rs:1294:11
     |
1294 |     #[cfg(verus_keep_ghost)]
     |           ^^^^^^^^^^^^^^^^
     |
     = help: consider using a Cargo feature instead
     = help: or consider adding in `Cargo.toml` the `check-cfg` lint config for the lint:
              [lints.rust]
              unexpected_cfgs = { level = "warn", check-cfg = ['cfg(verus_keep_ghost)'] }
     = help: or consider adding `println!("cargo::rustc-check-cfg=cfg(verus_keep_ghost)");` to the top of the `build.rs`
     = note: see <https://doc.rust-lang.org/nightly/rustc/check-cfg/cargo-specifics.html> for more information about checking conditional configuration

warning: unexpected `cfg` condition name: `verus_keep_ghost`
    --> /tmp/verus-crates/builtin/src/lib.rs:1303:11
     |
1303 |     #[cfg(verus_keep_ghost)]
     |           ^^^^^^^^^^^^^^^^
     |
     = help: consider using a Cargo feature instead
     = help: or consider adding in `Cargo.toml` the `check-cfg` lint config for the lint:
              [lints.rust]
              unexpected_cfgs = { level = "warn", check-cfg = ['cfg(verus_keep_ghost)'] }
     = help: or consider adding `println!("cargo::rustc-check-cfg=cfg(verus_keep_ghost)");` to the top of the `build.rs`
     = note: see <https://doc.rust-lang.org/nightly/rustc/check-cfg/cargo-specifics.html> for more information about checking conditional configuration

warning: unexpected `cfg` condition name: `verus_keep_ghost`
    --> /tmp/verus-crates/builtin/src/lib.rs:1312:11
     |
1312 |     #[cfg(verus_keep_ghost)]
     |           ^^^^^^^^^^^^^^^^
     |
     = help: consider using a Cargo feature instead
     = help: or consider adding in `Cargo.toml` the `check-cfg` lint config for the lint:
              [lints.rust]
              unexpected_cfgs = { level = "warn", check-cfg = ['cfg(verus_keep_ghost)'] }
     = help: or consider adding `println!("cargo::rustc-check-cfg=cfg(verus_keep_ghost)");` to the top of the `build.rs`
     = note: see <https://doc.rust-lang.org/nightly/rustc/check-cfg/cargo-specifics.html> for more information about checking conditional configuration

warning: unexpected `cfg` condition name: `verus_keep_ghost`
    --> /tmp/verus-crates/builtin/src/lib.rs:1321:11
     |
1321 |     #[cfg(verus_keep_ghost)]
     |           ^^^^^^^^^^^^^^^^
     |
     = help: consider using a Cargo feature instead
     = help: or consider adding in `Cargo.toml` the `check-cfg` lint config for the lint:
              [lints.rust]
              unexpected_cfgs = { level = "warn", check-cfg = ['cfg(verus_keep_ghost)'] }
     = help: or consider adding `println!("cargo::rustc-check-cfg=cfg(verus_keep_ghost)");` to the top of the `build.rs`
     = note: see <https://doc.rust-lang.org/nightly/rustc/check-cfg/cargo-specifics.html> for more information about checking conditional configuration

warning: unexpected `cfg` condition name: `verus_keep_ghost`
    --> /tmp/verus-crates/builtin/src/lib.rs:1386:23
     |
1386 |                   #[cfg(verus_keep_ghost)]
     |                         ^^^^^^^^^^^^^^^^
...
1510 | / impl_ord!([
1511 | |     int nat
1512 | |     usize u8 u16 u32 u64 u128
1513 | |     isize i8 i16 i32 i64 i128
1514 | |     char
1515 | | ]);
     | |__- in this macro invocation
     |
     = help: consider using a Cargo feature instead
     = help: or consider adding in `Cargo.toml` the `check-cfg` lint config for the lint:
              [lints.rust]
              unexpected_cfgs = { level = "warn", check-cfg = ['cfg(verus_keep_ghost)'] }
     = help: or consider adding `println!("cargo::rustc-check-cfg=cfg(verus_keep_ghost)");` to the top of the `build.rs`
     = note: see <https://doc.rust-lang.org/nightly/rustc/check-cfg/cargo-specifics.html> for more information about checking conditional configuration
     = note: this warning originates in the macro `impl_ord` (in Nightly builds, run with -Z macro-backtrace for more info)

warning: unexpected `cfg` condition name: `verus_keep_ghost`
    --> /tmp/verus-crates/builtin/src/lib.rs:1392:23
     |
1392 |                   #[cfg(verus_keep_ghost)]
     |                         ^^^^^^^^^^^^^^^^
...
1510 | / impl_ord!([
1511 | |     int nat
1512 | |     usize u8 u16 u32 u64 u128
1513 | |     isize i8 i16 i32 i64 i128
1514 | |     char
1515 | | ]);
     | |__- in this macro invocation
     |
     = help: consider using a Cargo feature instead
     = help: or consider adding in `Cargo.toml` the `check-cfg` lint config for the lint:
              [lints.rust]
              unexpected_cfgs = { level = "warn", check-cfg = ['cfg(verus_keep_ghost)'] }
     = help: or consider adding `println!("cargo::rustc-check-cfg=cfg(verus_keep_ghost)");` to the top of the `build.rs`
     = note: see <https://doc.rust-lang.org/nightly/rustc/check-cfg/cargo-specifics.html> for more information about checking conditional configuration
     = note: this warning originates in the macro `impl_ord` (in Nightly builds, run with -Z macro-backtrace for more info)

warning: unexpected `cfg` condition name: `verus_keep_ghost`
    --> /tmp/verus-crates/builtin/src/lib.rs:1398:23
     |
1398 |                   #[cfg(verus_keep_ghost)]
     |                         ^^^^^^^^^^^^^^^^
...
1510 | / impl_ord!([
1511 | |     int nat
1512 | |     usize u8 u16 u32 u64 u128
1513 | |     isize i8 i16 i32 i64 i128
1514 | |     char
1515 | | ]);
     | |__- in this macro invocation
     |
     = help: consider using a Cargo feature instead
     = help: or consider adding in `Cargo.toml` the `check-cfg` lint config for the lint:
              [lints.rust]
              unexpected_cfgs = { level = "warn", check-cfg = ['cfg(verus_keep_ghost)'] }
     = help: or consider adding `println!("cargo::rustc-check-cfg=cfg(verus_keep_ghost)");` to the top of the `build.rs`
     = note: see <https://doc.rust-lang.org/nightly/rustc/check-cfg/cargo-specifics.html> for more information about checking conditional configuration
     = note: this warning originates in the macro `impl_ord` (in Nightly builds, run with -Z macro-backtrace for more info)

warning: unexpected `cfg` condition name: `verus_keep_ghost`
    --> /tmp/verus-crates/builtin/src/lib.rs:1404:23
     |
1404 |                   #[cfg(verus_keep_ghost)]
     |                         ^^^^^^^^^^^^^^^^
...
1510 | / impl_ord!([
1511 | |     int nat
1512 | |     usize u8 u16 u32 u64 u128
1513 | |     isize i8 i16 i32 i64 i128
1514 | |     char
1515 | | ]);
     | |__- in this macro invocation
     |
     = help: consider using a Cargo feature instead
     = help: or consider adding in `Cargo.toml` the `check-cfg` lint config for the lint:
              [lints.rust]
              unexpected_cfgs = { level = "warn", check-cfg = ['cfg(verus_keep_ghost)'] }
     = help: or consider adding `println!("cargo::rustc-check-cfg=cfg(verus_keep_ghost)");` to the top of the `build.rs`
     = note: see <https://doc.rust-lang.org/nightly/rustc/check-cfg/cargo-specifics.html> for more information about checking conditional configuration
     = note: this warning originates in the macro `impl_ord` (in Nightly builds, run with -Z macro-backtrace for more info)

warning: unexpected `cfg` condition name: `verus_keep_ghost`
    --> /tmp/verus-crates/builtin/src/lib.rs:1418:23
     |
1418 |                 #[cfg(verus_keep_ghost)]
     |                       ^^^^^^^^^^^^^^^^
...
1517 | impl_ord_self_rhs!([real]);
     | -------------------------- in this macro invocation
     |
     = help: consider using a Cargo feature instead
     = help: or consider adding in `Cargo.toml` the `check-cfg` lint config for the lint:
              [lints.rust]
              unexpected_cfgs = { level = "warn", check-cfg = ['cfg(verus_keep_ghost)'] }
     = help: or consider adding `println!("cargo::rustc-check-cfg=cfg(verus_keep_ghost)");` to the top of the `build.rs`
     = note: see <https://doc.rust-lang.org/nightly/rustc/check-cfg/cargo-specifics.html> for more information about checking conditional configuration
     = note: this warning originates in the macro `impl_ord_self_rhs` (in Nightly builds, run with -Z macro-backtrace for more info)

warning: unexpected `cfg` condition name: `verus_keep_ghost`
    --> /tmp/verus-crates/builtin/src/lib.rs:1424:23
     |
1424 |                 #[cfg(verus_keep_ghost)]
     |                       ^^^^^^^^^^^^^^^^
...
1517 | impl_ord_self_rhs!([real]);
     | -------------------------- in this macro invocation
     |
     = help: consider using a Cargo feature instead
     = help: or consider adding in `Cargo.toml` the `check-cfg` lint config for the lint:
              [lints.rust]
              unexpected_cfgs = { level = "warn", check-cfg = ['cfg(verus_keep_ghost)'] }
     = help: or consider adding `println!("cargo::rustc-check-cfg=cfg(verus_keep_ghost)");` to the top of the `build.rs`
     = note: see <https://doc.rust-lang.org/nightly/rustc/check-cfg/cargo-specifics.html> for more information about checking conditional configuration
     = note: this warning originates in the macro `impl_ord_self_rhs` (in Nightly builds, run with -Z macro-backtrace for more info)

warning: unexpected `cfg` condition name: `verus_keep_ghost`
    --> /tmp/verus-crates/builtin/src/lib.rs:1430:23
     |
1430 |                 #[cfg(verus_keep_ghost)]
     |                       ^^^^^^^^^^^^^^^^
...
1517 | impl_ord_self_rhs!([real]);
     | -------------------------- in this macro invocation
     |
     = help: consider using a Cargo feature instead
     = help: or consider adding in `Cargo.toml` the `check-cfg` lint config for the lint:
              [lints.rust]
              unexpected_cfgs = { level = "warn", check-cfg = ['cfg(verus_keep_ghost)'] }
     = help: or consider adding `println!("cargo::rustc-check-cfg=cfg(verus_keep_ghost)");` to the top of the `build.rs`
     = note: see <https://doc.rust-lang.org/nightly/rustc/check-cfg/cargo-specifics.html> for more information about checking conditional configuration
     = note: this warning originates in the macro `impl_ord_self_rhs` (in Nightly builds, run with -Z macro-backtrace for more info)

warning: unexpected `cfg` condition name: `verus_keep_ghost`
    --> /tmp/verus-crates/builtin/src/lib.rs:1436:23
     |
1436 |                 #[cfg(verus_keep_ghost)]
     |                       ^^^^^^^^^^^^^^^^
...
1517 | impl_ord_self_rhs!([real]);
     | -------------------------- in this macro invocation
     |
     = help: consider using a Cargo feature instead
     = help: or consider adding in `Cargo.toml` the `check-cfg` lint config for the lint:
              [lints.rust]
              unexpected_cfgs = { level = "warn", check-cfg = ['cfg(verus_keep_ghost)'] }
     = help: or consider adding `println!("cargo::rustc-check-cfg=cfg(verus_keep_ghost)");` to the top of the `build.rs`
     = note: see <https://doc.rust-lang.org/nightly/rustc/check-cfg/cargo-specifics.html> for more information about checking conditional configuration
     = note: this warning originates in the macro `impl_ord_self_rhs` (in Nightly builds, run with -Z macro-backtrace for more info)

warning: unexpected `cfg` condition name: `verus_keep_ghost`
    --> /tmp/verus-crates/builtin/src/lib.rs:1418:23
     |
1418 |                 #[cfg(verus_keep_ghost)]
     |                       ^^^^^^^^^^^^^^^^
...
1518 | impl_ord_self_rhs!([f32]);
     | ------------------------- in this macro invocation
     |
     = help: consider using a Cargo feature instead
     = help: or consider adding in `Cargo.toml` the `check-cfg` lint config for the lint:
              [lints.rust]
              unexpected_cfgs = { level = "warn", check-cfg = ['cfg(verus_keep_ghost)'] }
     = help: or consider adding `println!("cargo::rustc-check-cfg=cfg(verus_keep_ghost)");` to the top of the `build.rs`
     = note: see <https://doc.rust-lang.org/nightly/rustc/check-cfg/cargo-specifics.html> for more information about checking conditional configuration
     = note: this warning originates in the macro `impl_ord_self_rhs` (in Nightly builds, run with -Z macro-backtrace for more info)

warning: unexpected `cfg` condition name: `verus_keep_ghost`
    --> /tmp/verus-crates/builtin/src/lib.rs:1424:23
     |
1424 |                 #[cfg(verus_keep_ghost)]
     |                       ^^^^^^^^^^^^^^^^
...
1518 | impl_ord_self_rhs!([f32]);
     | ------------------------- in this macro invocation
     |
     = help: consider using a Cargo feature instead
     = help: or consider adding in `Cargo.toml` the `check-cfg` lint config for the lint:
              [lints.rust]
              unexpected_cfgs = { level = "warn", check-cfg = ['cfg(verus_keep_ghost)'] }
     = help: or consider adding `println!("cargo::rustc-check-cfg=cfg(verus_keep_ghost)");` to the top of the `build.rs`
     = note: see <https://doc.rust-lang.org/nightly/rustc/check-cfg/cargo-specifics.html> for more information about checking conditional configuration
     = note: this warning originates in the macro `impl_ord_self_rhs` (in Nightly builds, run with -Z macro-backtrace for more info)

warning: unexpected `cfg` condition name: `verus_keep_ghost`
    --> /tmp/verus-crates/builtin/src/lib.rs:1430:23
     |
1430 |                 #[cfg(verus_keep_ghost)]
     |                       ^^^^^^^^^^^^^^^^
...
1518 | impl_ord_self_rhs!([f32]);
     | ------------------------- in this macro invocation
     |
     = help: consider using a Cargo feature instead
     = help: or consider adding in `Cargo.toml` the `check-cfg` lint config for the lint:
              [lints.rust]
              unexpected_cfgs = { level = "warn", check-cfg = ['cfg(verus_keep_ghost)'] }
     = help: or consider adding `println!("cargo::rustc-check-cfg=cfg(verus_keep_ghost)");` to the top of the `build.rs`
     = note: see <https://doc.rust-lang.org/nightly/rustc/check-cfg/cargo-specifics.html> for more information about checking conditional configuration
     = note: this warning originates in the macro `impl_ord_self_rhs` (in Nightly builds, run with -Z macro-backtrace for more info)

warning: unexpected `cfg` condition name: `verus_keep_ghost`
    --> /tmp/verus-crates/builtin/src/lib.rs:1436:23
     |
1436 |                 #[cfg(verus_keep_ghost)]
     |                       ^^^^^^^^^^^^^^^^
...
1518 | impl_ord_self_rhs!([f32]);
     | ------------------------- in this macro invocation
     |
     = help: consider using a Cargo feature instead
     = help: or consider adding in `Cargo.toml` the `check-cfg` lint config for the lint:
              [lints.rust]
              unexpected_cfgs = { level = "warn", check-cfg = ['cfg(verus_keep_ghost)'] }
     = help: or consider adding `println!("cargo::rustc-check-cfg=cfg(verus_keep_ghost)");` to the top of the `build.rs`
     = note: see <https://doc.rust-lang.org/nightly/rustc/check-cfg/cargo-specifics.html> for more information about checking conditional configuration
     = note: this warning originates in the macro `impl_ord_self_rhs` (in Nightly builds, run with -Z macro-backtrace for more info)

warning: unexpected `cfg` condition name: `verus_keep_ghost`
    --> /tmp/verus-crates/builtin/src/lib.rs:1418:23
     |
1418 |                 #[cfg(verus_keep_ghost)]
     |                       ^^^^^^^^^^^^^^^^
...
1519 | impl_ord_self_rhs!([f64]);
     | ------------------------- in this macro invocation
     |
     = help: consider using a Cargo feature instead
     = help: or consider adding in `Cargo.toml` the `check-cfg` lint config for the lint:
              [lints.rust]
              unexpected_cfgs = { level = "warn", check-cfg = ['cfg(verus_keep_ghost)'] }
     = help: or consider adding `println!("cargo::rustc-check-cfg=cfg(verus_keep_ghost)");` to the top of the `build.rs`
     = note: see <https://doc.rust-lang.org/nightly/rustc/check-cfg/cargo-specifics.html> for more information about checking conditional configuration
     = note: this warning originates in the macro `impl_ord_self_rhs` (in Nightly builds, run with -Z macro-backtrace for more info)

warning: unexpected `cfg` condition name: `verus_keep_ghost`
    --> /tmp/verus-crates/builtin/src/lib.rs:1424:23
     |
1424 |                 #[cfg(verus_keep_ghost)]
     |                       ^^^^^^^^^^^^^^^^
...
1519 | impl_ord_self_rhs!([f64]);
     | ------------------------- in this macro invocation
     |
     = help: consider using a Cargo feature instead
     = help: or consider adding in `Cargo.toml` the `check-cfg` lint config for the lint:
              [lints.rust]
              unexpected_cfgs = { level = "warn", check-cfg = ['cfg(verus_keep_ghost)'] }
     = help: or consider adding `println!("cargo::rustc-check-cfg=cfg(verus_keep_ghost)");` to the top of the `build.rs`
     = note: see <https://doc.rust-lang.org/nightly/rustc/check-cfg/cargo-specifics.html> for more information about checking conditional configuration
     = note: this warning originates in the macro `impl_ord_self_rhs` (in Nightly builds, run with -Z macro-backtrace for more info)

warning: unexpected `cfg` condition name: `verus_keep_ghost`
    --> /tmp/verus-crates/builtin/src/lib.rs:1430:23
     |
1430 |                 #[cfg(verus_keep_ghost)]
     |                       ^^^^^^^^^^^^^^^^
...
1519 | impl_ord_self_rhs!([f64]);
     | ------------------------- in this macro invocation
     |
     = help: consider using a Cargo feature instead
     = help: or consider adding in `Cargo.toml` the `check-cfg` lint config for the lint:
              [lints.rust]
              unexpected_cfgs = { level = "warn", check-cfg = ['cfg(verus_keep_ghost)'] }
     = help: or consider adding `println!("cargo::rustc-check-cfg=cfg(verus_keep_ghost)");` to the top of the `build.rs`
     = note: see <https://doc.rust-lang.org/nightly/rustc/check-cfg/cargo-specifics.html> for more information about checking conditional configuration
     = note: this warning originates in the macro `impl_ord_self_rhs` (in Nightly builds, run with -Z macro-backtrace for more info)

warning: unexpected `cfg` condition name: `verus_keep_ghost`
    --> /tmp/verus-crates/builtin/src/lib.rs:1436:23
     |
1436 |                 #[cfg(verus_keep_ghost)]
     |                       ^^^^^^^^^^^^^^^^
...
1519 | impl_ord_self_rhs!([f64]);
     | ------------------------- in this macro invocation
     |
     = help: consider using a Cargo feature instead
     = help: or consider adding in `Cargo.toml` the `check-cfg` lint config for the lint:
              [lints.rust]
              unexpected_cfgs = { level = "warn", check-cfg = ['cfg(verus_keep_ghost)'] }
     = help: or consider adding `println!("cargo::rustc-check-cfg=cfg(verus_keep_ghost)");` to the top of the `build.rs`
     = note: see <https://doc.rust-lang.org/nightly/rustc/check-cfg/cargo-specifics.html> for more information about checking conditional configuration
     = note: this warning originates in the macro `impl_ord_self_rhs` (in Nightly builds, run with -Z macro-backtrace for more info)

warning: unexpected `cfg` condition name: `verus_keep_ghost`
    --> /tmp/verus-crates/builtin/src/lib.rs:1452:23
     |
1452 |                   #[cfg(verus_keep_ghost)]
     |                         ^^^^^^^^^^^^^^^^
...
1521 | / impl_unary_op!(SpecNeg, spec_neg, int, [
1522 | |     int nat
1523 | |     usize u8 u16 u32 u64 u128
1524 | |     isize i8 i16 i32 i64 i128
1525 | | ]);
     | |__- in this macro invocation
     |
     = help: consider using a Cargo feature instead
     = help: or consider adding in `Cargo.toml` the `check-cfg` lint config for the lint:
              [lints.rust]
              unexpected_cfgs = { level = "warn", check-cfg = ['cfg(verus_keep_ghost)'] }
     = help: or consider adding `println!("cargo::rustc-check-cfg=cfg(verus_keep_ghost)");` to the top of the `build.rs`
     = note: see <https://doc.rust-lang.org/nightly/rustc/check-cfg/cargo-specifics.html> for more information about checking conditional configuration
     = note: this warning originates in the macro `impl_unary_op` (in Nightly builds, run with -Z macro-backtrace for more info)

warning: unexpected `cfg` condition name: `verus_keep_ghost`
    --> /tmp/verus-crates/builtin/src/lib.rs:1452:23
     |
1452 |                 #[cfg(verus_keep_ghost)]
     |                       ^^^^^^^^^^^^^^^^
...
1527 | impl_unary_op!(SpecNeg, spec_neg, real, [real]);
     | ----------------------------------------------- in this macro invocation
     |
     = help: consider using a Cargo feature instead
     = help: or consider adding in `Cargo.toml` the `check-cfg` lint config for the lint:
              [lints.rust]
              unexpected_cfgs = { level = "warn", check-cfg = ['cfg(verus_keep_ghost)'] }
     = help: or consider adding `println!("cargo::rustc-check-cfg=cfg(verus_keep_ghost)");` to the top of the `build.rs`
     = note: see <https://doc.rust-lang.org/nightly/rustc/check-cfg/cargo-specifics.html> for more information about checking conditional configuration
     = note: this warning originates in the macro `impl_unary_op` (in Nightly builds, run with -Z macro-backtrace for more info)

warning: unexpected `cfg` condition name: `verus_keep_ghost`
    --> /tmp/verus-crates/builtin/src/lib.rs:1452:23
     |
1452 |                 #[cfg(verus_keep_ghost)]
     |                       ^^^^^^^^^^^^^^^^
...
1528 | impl_unary_op!(SpecNeg, spec_neg, f32, [f32]);
     | --------------------------------------------- in this macro invocation
     |
     = help: consider using a Cargo feature instead
     = help: or consider adding in `Cargo.toml` the `check-cfg` lint config for the lint:
              [lints.rust]
              unexpected_cfgs = { level = "warn", check-cfg = ['cfg(verus_keep_ghost)'] }
     = help: or consider adding `println!("cargo::rustc-check-cfg=cfg(verus_keep_ghost)");` to the top of the `build.rs`
     = note: see <https://doc.rust-lang.org/nightly/rustc/check-cfg/cargo-specifics.html> for more information about checking conditional configuration
     = note: this warning originates in the macro `impl_unary_op` (in Nightly builds, run with -Z macro-backtrace for more info)

warning: unexpected `cfg` condition name: `verus_keep_ghost`
    --> /tmp/verus-crates/builtin/src/lib.rs:1452:23
     |
1452 |                 #[cfg(verus_keep_ghost)]
     |                       ^^^^^^^^^^^^^^^^
...
1529 | impl_unary_op!(SpecNeg, spec_neg, f64, [f64]);
     | --------------------------------------------- in this macro invocation
     |
     = help: consider using a Cargo feature instead
     = help: or consider adding in `Cargo.toml` the `check-cfg` lint config for the lint:
              [lints.rust]
              unexpected_cfgs = { level = "warn", check-cfg = ['cfg(verus_keep_ghost)'] }
     = help: or consider adding `println!("cargo::rustc-check-cfg=cfg(verus_keep_ghost)");` to the top of the `build.rs`
     = note: see <https://doc.rust-lang.org/nightly/rustc/check-cfg/cargo-specifics.html> for more information about checking conditional configuration
     = note: this warning originates in the macro `impl_unary_op` (in Nightly builds, run with -Z macro-backtrace for more info)

warning: unexpected `cfg` condition name: `verus_keep_ghost`
    --> /tmp/verus-crates/builtin/src/lib.rs:1468:23
     |
1468 |                   #[cfg(verus_keep_ghost)]
     |                         ^^^^^^^^^^^^^^^^
...
1531 | / impl_binary_op!(SpecAdd, spec_add, int, [
1532 | |     int
1533 | |     usize u8 u16 u32 u64 u128
1534 | |     isize i8 i16 i32 i64 i128
1535 | | ]);
     | |__- in this macro invocation
     |
     = help: consider using a Cargo feature instead
     = help: or consider adding in `Cargo.toml` the `check-cfg` lint config for the lint:
              [lints.rust]
              unexpected_cfgs = { level = "warn", check-cfg = ['cfg(verus_keep_ghost)'] }
     = help: or consider adding `println!("cargo::rustc-check-cfg=cfg(verus_keep_ghost)");` to the top of the `build.rs`
     = note: see <https://doc.rust-lang.org/nightly/rustc/check-cfg/cargo-specifics.html> for more information about checking conditional configuration
     = note: this warning originates in the macro `impl_binary_op` (in Nightly builds, run with -Z macro-backtrace for more info)

warning: unexpected `cfg` condition name: `verus_keep_ghost`
    --> /tmp/verus-crates/builtin/src/lib.rs:1484:23
     |
1484 |                 #[cfg(verus_keep_ghost)]
     |                       ^^^^^^^^^^^^^^^^
...
1537 | impl_binary_op_nat!(SpecAdd, spec_add, nat, [nat]);
     | -------------------------------------------------- in this macro invocation
     |
     = help: consider using a Cargo feature instead
     = help: or consider adding in `Cargo.toml` the `check-cfg` lint config for the lint:
              [lints.rust]
              unexpected_cfgs = { level = "warn", check-cfg = ['cfg(verus_keep_ghost)'] }
     = help: or consider adding `println!("cargo::rustc-check-cfg=cfg(verus_keep_ghost)");` to the top of the `build.rs`
     = note: see <https://doc.rust-lang.org/nightly/rustc/check-cfg/cargo-specifics.html> for more information about checking conditional configuration
     = note: this warning originates in the macro `impl_binary_op_nat` (in Nightly builds, run with -Z macro-backtrace for more info)

warning: unexpected `cfg` condition name: `verus_keep_ghost`
    --> /tmp/verus-crates/builtin/src/lib.rs:1484:23
     |
1484 |                   #[cfg(verus_keep_ghost)]
     |                         ^^^^^^^^^^^^^^^^
...
1539 | / impl_binary_op_nat!(SpecAdd, spec_add, int, [
1540 | |     int
1541 | |     usize u8 u16 u32 u64 u128
1542 | |     isize i8 i16 i32 i64 i128
1543 | | ]);
     | |__- in this macro invocation
     |
     = help: consider using a Cargo feature instead
     = help: or consider adding in `Cargo.toml` the `check-cfg` lint config for the lint:
              [lints.rust]
              unexpected_cfgs = { level = "warn", check-cfg = ['cfg(verus_keep_ghost)'] }
     = help: or consider adding `println!("cargo::rustc-check-cfg=cfg(verus_keep_ghost)");` to the top of the `build.rs`
     = note: see <https://doc.rust-lang.org/nightly/rustc/check-cfg/cargo-specifics.html> for more information about checking conditional configuration
     = note: this warning originates in the macro `impl_binary_op_nat` (in Nightly builds, run with -Z macro-backtrace for more info)

warning: unexpected `cfg` condition name: `verus_keep_ghost`
    --> /tmp/verus-crates/builtin/src/lib.rs:1468:23
     |
1468 |                   #[cfg(verus_keep_ghost)]
     |                         ^^^^^^^^^^^^^^^^
...
1545 | / impl_binary_op!(SpecSub, spec_sub, int, [
1546 | |     int nat
1547 | |     usize u8 u16 u32 u64 u128
1548 | |     isize i8 i16 i32 i64 i128
1549 | | ]);
     | |__- in this macro invocation
     |
     = help: consider using a Cargo feature instead
     = help: or consider adding in `Cargo.toml` the `check-cfg` lint config for the lint:
              [lints.rust]
              unexpected_cfgs = { level = "warn", check-cfg = ['cfg(verus_keep_ghost)'] }
     = help: or consider adding `println!("cargo::rustc-check-cfg=cfg(verus_keep_ghost)");` to the top of the `build.rs`
     = note: see <https://doc.rust-lang.org/nightly/rustc/check-cfg/cargo-specifics.html> for more information about checking conditional configuration
     = note: this warning originates in the macro `impl_binary_op` (in Nightly builds, run with -Z macro-backtrace for more info)

warning: unexpected `cfg` condition name: `verus_keep_ghost`
    --> /tmp/verus-crates/builtin/src/lib.rs:1468:23
     |
1468 |                   #[cfg(verus_keep_ghost)]
     |                         ^^^^^^^^^^^^^^^^
...
1551 | / impl_binary_op!(SpecMul, spec_mul, int, [
1552 | |     int
1553 | |     usize u8 u16 u32 u64 u128
1554 | |     isize i8 i16 i32 i64 i128
1555 | | ]);
     | |__- in this macro invocation
     |
     = help: consider using a Cargo feature instead
     = help: or consider adding in `Cargo.toml` the `check-cfg` lint config for the lint:
              [lints.rust]
              unexpected_cfgs = { level = "warn", check-cfg = ['cfg(verus_keep_ghost)'] }
     = help: or consider adding `println!("cargo::rustc-check-cfg=cfg(verus_keep_ghost)");` to the top of the `build.rs`
     = note: see <https://doc.rust-lang.org/nightly/rustc/check-cfg/cargo-specifics.html> for more information about checking conditional configuration
     = note: this warning originates in the macro `impl_binary_op` (in Nightly builds, run with -Z macro-backtrace for more info)

warning: unexpected `cfg` condition name: `verus_keep_ghost`
    --> /tmp/verus-crates/builtin/src/lib.rs:1484:23
     |
1484 |                 #[cfg(verus_keep_ghost)]
     |                       ^^^^^^^^^^^^^^^^
...
1557 | impl_binary_op_nat!(SpecMul, spec_mul, nat, [nat]);
     | -------------------------------------------------- in this macro invocation
     |
     = help: consider using a Cargo feature instead
     = help: or consider adding in `Cargo.toml` the `check-cfg` lint config for the lint:
              [lints.rust]
              unexpected_cfgs = { level = "warn", check-cfg = ['cfg(verus_keep_ghost)'] }
     = help: or consider adding `println!("cargo::rustc-check-cfg=cfg(verus_keep_ghost)");` to the top of the `build.rs`
     = note: see <https://doc.rust-lang.org/nightly/rustc/check-cfg/cargo-specifics.html> for more information about checking conditional configuration
     = note: this warning originates in the macro `impl_binary_op_nat` (in Nightly builds, run with -Z macro-backtrace for more info)

warning: unexpected `cfg` condition name: `verus_keep_ghost`
    --> /tmp/verus-crates/builtin/src/lib.rs:1484:23
     |
1484 |                   #[cfg(verus_keep_ghost)]
     |                         ^^^^^^^^^^^^^^^^
...
1559 | / impl_binary_op_nat!(SpecMul, spec_mul, int, [
1560 | |     int
1561 | |     usize u8 u16 u32 u64 u128
1562 | |     isize i8 i16 i32 i64 i128
1563 | | ]);
     | |__- in this macro invocation
     |
     = help: consider using a Cargo feature instead
     = help: or consider adding in `Cargo.toml` the `check-cfg` lint config for the lint:
              [lints.rust]
              unexpected_cfgs = { level = "warn", check-cfg = ['cfg(verus_keep_ghost)'] }
     = help: or consider adding `println!("cargo::rustc-check-cfg=cfg(verus_keep_ghost)");` to the top of the `build.rs`
     = note: see <https://doc.rust-lang.org/nightly/rustc/check-cfg/cargo-specifics.html> for more information about checking conditional configuration
     = note: this warning originates in the macro `impl_binary_op_nat` (in Nightly builds, run with -Z macro-backtrace for more info)

warning: unexpected `cfg` condition name: `verus_keep_ghost`
    --> /tmp/verus-crates/builtin/src/lib.rs:1500:23
     |
1500 |                   #[cfg(verus_keep_ghost)]
     |                         ^^^^^^^^^^^^^^^^
...
1565 | / impl_binary_op_rhs!(SpecEuclideanOrRealDiv, spec_euclidean_or_real_div, Self, Self, [
1566 | |     int nat
1567 | |     usize u8 u16 u32 u64 u128
1568 | | ]);
     | |__- in this macro invocation
     |
     = help: consider using a Cargo feature instead
     = help: or consider adding in `Cargo.toml` the `check-cfg` lint config for the lint:
              [lints.rust]
              unexpected_cfgs = { level = "warn", check-cfg = ['cfg(verus_keep_ghost)'] }
     = help: or consider adding `println!("cargo::rustc-check-cfg=cfg(verus_keep_ghost)");` to the top of the `build.rs`
     = note: see <https://doc.rust-lang.org/nightly/rustc/check-cfg/cargo-specifics.html> for more information about checking conditional configuration
     = note: this warning originates in the macro `impl_binary_op_rhs` (in Nightly builds, run with -Z macro-backtrace for more info)

warning: unexpected `cfg` condition name: `verus_keep_ghost`
    --> /tmp/verus-crates/builtin/src/lib.rs:1500:23
     |
1500 |                   #[cfg(verus_keep_ghost)]
     |                         ^^^^^^^^^^^^^^^^
...
1570 | / impl_binary_op_rhs!(SpecEuclideanOrRealDiv, spec_euclidean_or_real_div, Self, int, [
1571 | |     isize i8 i16 i32 i64 i128
1572 | | ]);
     | |__- in this macro invocation
     |
     = help: consider using a Cargo feature instead
     = help: or consider adding in `Cargo.toml` the `check-cfg` lint config for the lint:
              [lints.rust]
              unexpected_cfgs = { level = "warn", check-cfg = ['cfg(verus_keep_ghost)'] }
     = help: or consider adding `println!("cargo::rustc-check-cfg=cfg(verus_keep_ghost)");` to the top of the `build.rs`
     = note: see <https://doc.rust-lang.org/nightly/rustc/check-cfg/cargo-specifics.html> for more information about checking conditional configuration
     = note: this warning originates in the macro `impl_binary_op_rhs` (in Nightly builds, run with -Z macro-backtrace for more info)

warning: unexpected `cfg` condition name: `verus_keep_ghost`
    --> /tmp/verus-crates/builtin/src/lib.rs:1500:23
     |
1500 |                   #[cfg(verus_keep_ghost)]
     |                         ^^^^^^^^^^^^^^^^
...
1574 | / impl_binary_op_rhs!(SpecEuclideanMod, spec_euclidean_mod, Self, Self, [
1575 | |     int nat
1576 | |     usize u8 u16 u32 u64 u128
1577 | |     isize i8 i16 i32 i64 i128
1578 | | ]);
     | |__- in this macro invocation
     |
     = help: consider using a Cargo feature instead
     = help: or consider adding in `Cargo.toml` the `check-cfg` lint config for the lint:
              [lints.rust]
              unexpected_cfgs = { level = "warn", check-cfg = ['cfg(verus_keep_ghost)'] }
     = help: or consider adding `println!("cargo::rustc-check-cfg=cfg(verus_keep_ghost)");` to the top of the `build.rs`
     = note: see <https://doc.rust-lang.org/nightly/rustc/check-cfg/cargo-specifics.html> for more information about checking conditional configuration
     = note: this warning originates in the macro `impl_binary_op_rhs` (in Nightly builds, run with -Z macro-backtrace for more info)

warning: unexpected `cfg` condition name: `verus_keep_ghost`
    --> /tmp/verus-crates/builtin/src/lib.rs:1500:23
     |
1500 |                 #[cfg(verus_keep_ghost)]
     |                       ^^^^^^^^^^^^^^^^
...
1580 | impl_binary_op_rhs!(SpecAdd, spec_add, Self, Self, [real]);
     | ---------------------------------------------------------- in this macro invocation
     |
     = help: consider using a Cargo feature instead
     = help: or consider adding in `Cargo.toml` the `check-cfg` lint config for the lint:
              [lints.rust]
              unexpected_cfgs = { level = "warn", check-cfg = ['cfg(verus_keep_ghost)'] }
     = help: or consider adding `println!("cargo::rustc-check-cfg=cfg(verus_keep_ghost)");` to the top of the `build.rs`
     = note: see <https://doc.rust-lang.org/nightly/rustc/check-cfg/cargo-specifics.html> for more information about checking conditional configuration
     = note: this warning originates in the macro `impl_binary_op_rhs` (in Nightly builds, run with -Z macro-backtrace for more info)

warning: unexpected `cfg` condition name: `verus_keep_ghost`
    --> /tmp/verus-crates/builtin/src/lib.rs:1500:23
     |
1500 |                 #[cfg(verus_keep_ghost)]
     |                       ^^^^^^^^^^^^^^^^
...
1581 | impl_binary_op_rhs!(SpecSub, spec_sub, Self, Self, [real]);
     | ---------------------------------------------------------- in this macro invocation
     |
     = help: consider using a Cargo feature instead
     = help: or consider adding in `Cargo.toml` the `check-cfg` lint config for the lint:
              [lints.rust]
              unexpected_cfgs = { level = "warn", check-cfg = ['cfg(verus_keep_ghost)'] }
     = help: or consider adding `println!("cargo::rustc-check-cfg=cfg(verus_keep_ghost)");` to the top of the `build.rs`
     = note: see <https://doc.rust-lang.org/nightly/rustc/check-cfg/cargo-specifics.html> for more information about checking conditional configuration
     = note: this warning originates in the macro `impl_binary_op_rhs` (in Nightly builds, run with -Z macro-backtrace for more info)

warning: unexpected `cfg` condition name: `verus_keep_ghost`
    --> /tmp/verus-crates/builtin/src/lib.rs:1500:23
     |
1500 |                 #[cfg(verus_keep_ghost)]
     |                       ^^^^^^^^^^^^^^^^
...
1582 | impl_binary_op_rhs!(SpecMul, spec_mul, Self, Self, [real]);
     | ---------------------------------------------------------- in this macro invocation
     |
     = help: consider using a Cargo feature instead
     = help: or consider adding in `Cargo.toml` the `check-cfg` lint config for the lint:
              [lints.rust]
              unexpected_cfgs = { level = "warn", check-cfg = ['cfg(verus_keep_ghost)'] }
     = help: or consider adding `println!("cargo::rustc-check-cfg=cfg(verus_keep_ghost)");` to the top of the `build.rs`
     = note: see <https://doc.rust-lang.org/nightly/rustc/check-cfg/cargo-specifics.html> for more information about checking conditional configuration
     = note: this warning originates in the macro `impl_binary_op_rhs` (in Nightly builds, run with -Z macro-backtrace for more info)

warning: unexpected `cfg` condition name: `verus_keep_ghost`
    --> /tmp/verus-crates/builtin/src/lib.rs:1500:23
     |
1500 |                 #[cfg(verus_keep_ghost)]
     |                       ^^^^^^^^^^^^^^^^
...
1583 | impl_binary_op_rhs!(SpecEuclideanOrRealDiv, spec_euclidean_or_real_div, Self, Self, [real]);
     | ------------------------------------------------------------------------------------------- in this macro invocation
     |
     = help: consider using a Cargo feature instead
     = help: or consider adding in `Cargo.toml` the `check-cfg` lint config for the lint:
              [lints.rust]
              unexpected_cfgs = { level = "warn", check-cfg = ['cfg(verus_keep_ghost)'] }
     = help: or consider adding `println!("cargo::rustc-check-cfg=cfg(verus_keep_ghost)");` to the top of the `build.rs`
     = note: see <https://doc.rust-lang.org/nightly/rustc/check-cfg/cargo-specifics.html> for more information about checking conditional configuration
     = note: this warning originates in the macro `impl_binary_op_rhs` (in Nightly builds, run with -Z macro-backtrace for more info)

warning: unexpected `cfg` condition name: `verus_keep_ghost`
    --> /tmp/verus-crates/builtin/src/lib.rs:1500:23
     |
1500 |                 #[cfg(verus_keep_ghost)]
     |                       ^^^^^^^^^^^^^^^^
...
1585 | impl_binary_op_rhs!(SpecAdd, spec_add, Self, Self, [f32]);
     | --------------------------------------------------------- in this macro invocation
     |
     = help: consider using a Cargo feature instead
     = help: or consider adding in `Cargo.toml` the `check-cfg` lint config for the lint:
              [lints.rust]
              unexpected_cfgs = { level = "warn", check-cfg = ['cfg(verus_keep_ghost)'] }
     = help: or consider adding `println!("cargo::rustc-check-cfg=cfg(verus_keep_ghost)");` to the top of the `build.rs`
     = note: see <https://doc.rust-lang.org/nightly/rustc/check-cfg/cargo-specifics.html> for more information about checking conditional configuration
     = note: this warning originates in the macro `impl_binary_op_rhs` (in Nightly builds, run with -Z macro-backtrace for more info)

warning: unexpected `cfg` condition name: `verus_keep_ghost`
    --> /tmp/verus-crates/builtin/src/lib.rs:1500:23
     |
1500 |                 #[cfg(verus_keep_ghost)]
     |                       ^^^^^^^^^^^^^^^^
...
1586 | impl_binary_op_rhs!(SpecSub, spec_sub, Self, Self, [f32]);
     | --------------------------------------------------------- in this macro invocation
     |
     = help: consider using a Cargo feature instead
     = help: or consider adding in `Cargo.toml` the `check-cfg` lint config for the lint:
              [lints.rust]
              unexpected_cfgs = { level = "warn", check-cfg = ['cfg(verus_keep_ghost)'] }
     = help: or consider adding `println!("cargo::rustc-check-cfg=cfg(verus_keep_ghost)");` to the top of the `build.rs`
     = note: see <https://doc.rust-lang.org/nightly/rustc/check-cfg/cargo-specifics.html> for more information about checking conditional configuration
     = note: this warning originates in the macro `impl_binary_op_rhs` (in Nightly builds, run with -Z macro-backtrace for more info)

warning: unexpected `cfg` condition name: `verus_keep_ghost`
    --> /tmp/verus-crates/builtin/src/lib.rs:1500:23
     |
1500 |                 #[cfg(verus_keep_ghost)]
     |                       ^^^^^^^^^^^^^^^^
...
1587 | impl_binary_op_rhs!(SpecMul, spec_mul, Self, Self, [f32]);
     | --------------------------------------------------------- in this macro invocation
     |
     = help: consider using a Cargo feature instead
     = help: or consider adding in `Cargo.toml` the `check-cfg` lint config for the lint:
              [lints.rust]
              unexpected_cfgs = { level = "warn", check-cfg = ['cfg(verus_keep_ghost)'] }
     = help: or consider adding `println!("cargo::rustc-check-cfg=cfg(verus_keep_ghost)");` to the top of the `build.rs`
     = note: see <https://doc.rust-lang.org/nightly/rustc/check-cfg/cargo-specifics.html> for more information about checking conditional configuration
     = note: this warning originates in the macro `impl_binary_op_rhs` (in Nightly builds, run with -Z macro-backtrace for more info)

warning: unexpected `cfg` condition name: `verus_keep_ghost`
    --> /tmp/verus-crates/builtin/src/lib.rs:1500:23
     |
1500 |                 #[cfg(verus_keep_ghost)]
     |                       ^^^^^^^^^^^^^^^^
...
1588 | impl_binary_op_rhs!(SpecEuclideanOrRealDiv, spec_euclidean_or_real_div, Self, Self, [f32]);
     | ------------------------------------------------------------------------------------------ in this macro invocation
     |
     = help: consider using a Cargo feature instead
     = help: or consider adding in `Cargo.toml` the `check-cfg` lint config for the lint:
              [lints.rust]
              unexpected_cfgs = { level = "warn", check-cfg = ['cfg(verus_keep_ghost)'] }
     = help: or consider adding `println!("cargo::rustc-check-cfg=cfg(verus_keep_ghost)");` to the top of the `build.rs`
     = note: see <https://doc.rust-lang.org/nightly/rustc/check-cfg/cargo-specifics.html> for more information about checking conditional configuration
     = note: this warning originates in the macro `impl_binary_op_rhs` (in Nightly builds, run with -Z macro-backtrace for more info)

warning: unexpected `cfg` condition name: `verus_keep_ghost`
    --> /tmp/verus-crates/builtin/src/lib.rs:1500:23
     |
1500 |                 #[cfg(verus_keep_ghost)]
     |                       ^^^^^^^^^^^^^^^^
...
1590 | impl_binary_op_rhs!(SpecAdd, spec_add, Self, Self, [f64]);
     | --------------------------------------------------------- in this macro invocation
     |
     = help: consider using a Cargo feature instead
     = help: or consider adding in `Cargo.toml` the `check-cfg` lint config for the lint:
              [lints.rust]
              unexpected_cfgs = { level = "warn", check-cfg = ['cfg(verus_keep_ghost)'] }
     = help: or consider adding `println!("cargo::rustc-check-cfg=cfg(verus_keep_ghost)");` to the top of the `build.rs`
     = note: see <https://doc.rust-lang.org/nightly/rustc/check-cfg/cargo-specifics.html> for more information about checking conditional configuration
     = note: this warning originates in the macro `impl_binary_op_rhs` (in Nightly builds, run with -Z macro-backtrace for more info)

warning: unexpected `cfg` condition name: `verus_keep_ghost`
    --> /tmp/verus-crates/builtin/src/lib.rs:1500:23
     |
1500 |                 #[cfg(verus_keep_ghost)]
     |                       ^^^^^^^^^^^^^^^^
...
1591 | impl_binary_op_rhs!(SpecSub, spec_sub, Self, Self, [f64]);
     | --------------------------------------------------------- in this macro invocation
     |
     = help: consider using a Cargo feature instead
     = help: or consider adding in `Cargo.toml` the `check-cfg` lint config for the lint:
              [lints.rust]
              unexpected_cfgs = { level = "warn", check-cfg = ['cfg(verus_keep_ghost)'] }
     = help: or consider adding `println!("cargo::rustc-check-cfg=cfg(verus_keep_ghost)");` to the top of the `build.rs`
     = note: see <https://doc.rust-lang.org/nightly/rustc/check-cfg/cargo-specifics.html> for more information about checking conditional configuration
     = note: this warning originates in the macro `impl_binary_op_rhs` (in Nightly builds, run with -Z macro-backtrace for more info)

warning: unexpected `cfg` condition name: `verus_keep_ghost`
    --> /tmp/verus-crates/builtin/src/lib.rs:1500:23
     |
1500 |                 #[cfg(verus_keep_ghost)]
     |                       ^^^^^^^^^^^^^^^^
...
1592 | impl_binary_op_rhs!(SpecMul, spec_mul, Self, Self, [f64]);
     | --------------------------------------------------------- in this macro invocation
     |
     = help: consider using a Cargo feature instead
     = help: or consider adding in `Cargo.toml` the `check-cfg` lint config for the lint:
              [lints.rust]
              unexpected_cfgs = { level = "warn", check-cfg = ['cfg(verus_keep_ghost)'] }
     = help: or consider adding `println!("cargo::rustc-check-cfg=cfg(verus_keep_ghost)");` to the top of the `build.rs`
     = note: see <https://doc.rust-lang.org/nightly/rustc/check-cfg/cargo-specifics.html> for more information about checking conditional configuration
     = note: this warning originates in the macro `impl_binary_op_rhs` (in Nightly builds, run with -Z macro-backtrace for more info)

warning: unexpected `cfg` condition name: `verus_keep_ghost`
    --> /tmp/verus-crates/builtin/src/lib.rs:1500:23
     |
1500 |                 #[cfg(verus_keep_ghost)]
     |                       ^^^^^^^^^^^^^^^^
...
1593 | impl_binary_op_rhs!(SpecEuclideanOrRealDiv, spec_euclidean_or_real_div, Self, Self, [f64]);
     | ------------------------------------------------------------------------------------------ in this macro invocation
     |
     = help: consider using a Cargo feature instead
     = help: or consider adding in `Cargo.toml` the `check-cfg` lint config for the lint:
              [lints.rust]
              unexpected_cfgs = { level = "warn", check-cfg = ['cfg(verus_keep_ghost)'] }
     = help: or consider adding `println!("cargo::rustc-check-cfg=cfg(verus_keep_ghost)");` to the top of the `build.rs`
     = note: see <https://doc.rust-lang.org/nightly/rustc/check-cfg/cargo-specifics.html> for more information about checking conditional configuration
     = note: this warning originates in the macro `impl_binary_op_rhs` (in Nightly builds, run with -Z macro-backtrace for more info)

warning: unexpected `cfg` condition name: `verus_keep_ghost`
    --> /tmp/verus-crates/builtin/src/lib.rs:1500:23
     |
1500 |                   #[cfg(verus_keep_ghost)]
     |                         ^^^^^^^^^^^^^^^^
...
1595 | / impl_binary_op_rhs!(SpecBitAnd, spec_bitand, Self, Self, [
1596 | |     usize u8 u16 u32 u64 u128
1597 | |     isize i8 i16 i32 i64 i128
1598 | | ]);
     | |__- in this macro invocation
     |
     = help: consider using a Cargo feature instead
     = help: or consider adding in `Cargo.toml` the `check-cfg` lint config for the lint:
              [lints.rust]
              unexpected_cfgs = { level = "warn", check-cfg = ['cfg(verus_keep_ghost)'] }
     = help: or consider adding `println!("cargo::rustc-check-cfg=cfg(verus_keep_ghost)");` to the top of the `build.rs`
     = note: see <https://doc.rust-lang.org/nightly/rustc/check-cfg/cargo-specifics.html> for more information about checking conditional configuration
     = note: this warning originates in the macro `impl_binary_op_rhs` (in Nightly builds, run with -Z macro-backtrace for more info)

warning: unexpected `cfg` condition name: `verus_keep_ghost`
    --> /tmp/verus-crates/builtin/src/lib.rs:1500:23
     |
1500 |                   #[cfg(verus_keep_ghost)]
     |                         ^^^^^^^^^^^^^^^^
...
1600 | / impl_binary_op_rhs!(SpecBitOr, spec_bitor, Self, Self, [
1601 | |     usize u8 u16 u32 u64 u128
1602 | |     isize i8 i16 i32 i64 i128
1603 | | ]);
     | |__- in this macro invocation
     |
     = help: consider using a Cargo feature instead
     = help: or consider adding in `Cargo.toml` the `check-cfg` lint config for the lint:
              [lints.rust]
              unexpected_cfgs = { level = "warn", check-cfg = ['cfg(verus_keep_ghost)'] }
     = help: or consider adding `println!("cargo::rustc-check-cfg=cfg(verus_keep_ghost)");` to the top of the `build.rs`
     = note: see <https://doc.rust-lang.org/nightly/rustc/check-cfg/cargo-specifics.html> for more information about checking conditional configuration
     = note: this warning originates in the macro `impl_binary_op_rhs` (in Nightly builds, run with -Z macro-backtrace for more info)

warning: unexpected `cfg` condition name: `verus_keep_ghost`
    --> /tmp/verus-crates/builtin/src/lib.rs:1500:23
     |
1500 |                   #[cfg(verus_keep_ghost)]
     |                         ^^^^^^^^^^^^^^^^
...
1605 | / impl_binary_op_rhs!(SpecBitXor, spec_bitxor, Self, Self, [
1606 | |     bool
1607 | |     usize u8 u16 u32 u64 u128
1608 | |     isize i8 i16 i32 i64 i128
1609 | | ]);
     | |__- in this macro invocation
     |
     = help: consider using a Cargo feature instead
     = help: or consider adding in `Cargo.toml` the `check-cfg` lint config for the lint:
              [lints.rust]
              unexpected_cfgs = { level = "warn", check-cfg = ['cfg(verus_keep_ghost)'] }
     = help: or consider adding `println!("cargo::rustc-check-cfg=cfg(verus_keep_ghost)");` to the top of the `build.rs`
     = note: see <https://doc.rust-lang.org/nightly/rustc/check-cfg/cargo-specifics.html> for more information about checking conditional configuration
     = note: this warning originates in the macro `impl_binary_op_rhs` (in Nightly builds, run with -Z macro-backtrace for more info)

warning: unexpected `cfg` condition name: `verus_keep_ghost`
    --> /tmp/verus-crates/builtin/src/lib.rs:1468:23
     |
1468 |                   #[cfg(verus_keep_ghost)]
     |                         ^^^^^^^^^^^^^^^^
...
1611 | / impl_binary_op!(SpecShl, spec_shl, Self, [
1612 | |     usize u8 u16 u32 u64 u128
1613 | |     isize i8 i16 i32 i64 i128
1614 | | ]);
     | |__- in this macro invocation
     |
     = help: consider using a Cargo feature instead
     = help: or consider adding in `Cargo.toml` the `check-cfg` lint config for the lint:
              [lints.rust]
              unexpected_cfgs = { level = "warn", check-cfg = ['cfg(verus_keep_ghost)'] }
     = help: or consider adding `println!("cargo::rustc-check-cfg=cfg(verus_keep_ghost)");` to the top of the `build.rs`
     = note: see <https://doc.rust-lang.org/nightly/rustc/check-cfg/cargo-specifics.html> for more information about checking conditional configuration
     = note: this warning originates in the macro `impl_binary_op` (in Nightly builds, run with -Z macro-backtrace for more info)

warning: unexpected `cfg` condition name: `verus_keep_ghost`
    --> /tmp/verus-crates/builtin/src/lib.rs:1468:23
     |
1468 |                   #[cfg(verus_keep_ghost)]
     |                         ^^^^^^^^^^^^^^^^
...
1616 | / impl_binary_op!(SpecShr, spec_shr, Self, [
1617 | |     usize u8 u16 u32 u64 u128
1618 | |     isize i8 i16 i32 i64 i128
1619 | | ]);
     | |__- in this macro invocation
     |
     = help: consider using a Cargo feature instead
     = help: or consider adding in `Cargo.toml` the `check-cfg` lint config for the lint:
              [lints.rust]
              unexpected_cfgs = { level = "warn", check-cfg = ['cfg(verus_keep_ghost)'] }
     = help: or consider adding `println!("cargo::rustc-check-cfg=cfg(verus_keep_ghost)");` to the top of the `build.rs`
     = note: see <https://doc.rust-lang.org/nightly/rustc/check-cfg/cargo-specifics.html> for more information about checking conditional configuration
     = note: this warning originates in the macro `impl_binary_op` (in Nightly builds, run with -Z macro-backtrace for more info)

warning: unexpected `cfg` condition name: `verus_keep_ghost`
    --> /tmp/verus-crates/builtin/src/lib.rs:1629:11
     |
1629 |     #[cfg(verus_keep_ghost)]
     |           ^^^^^^^^^^^^^^^^
     |
     = help: consider using a Cargo feature instead
     = help: or consider adding in `Cargo.toml` the `check-cfg` lint config for the lint:
              [lints.rust]
              unexpected_cfgs = { level = "warn", check-cfg = ['cfg(verus_keep_ghost)'] }
     = help: or consider adding `println!("cargo::rustc-check-cfg=cfg(verus_keep_ghost)");` to the top of the `build.rs`
     = note: see <https://doc.rust-lang.org/nightly/rustc/check-cfg/cargo-specifics.html> for more information about checking conditional configuration

warning: unexpected `cfg` condition name: `verus_keep_ghost`
    --> /tmp/verus-crates/builtin/src/lib.rs:1634:11
     |
1634 |     #[cfg(verus_keep_ghost)]
     |           ^^^^^^^^^^^^^^^^
     |
     = help: consider using a Cargo feature instead
     = help: or consider adding in `Cargo.toml` the `check-cfg` lint config for the lint:
              [lints.rust]
              unexpected_cfgs = { level = "warn", check-cfg = ['cfg(verus_keep_ghost)'] }
     = help: or consider adding `println!("cargo::rustc-check-cfg=cfg(verus_keep_ghost)");` to the top of the `build.rs`
     = note: see <https://doc.rust-lang.org/nightly/rustc/check-cfg/cargo-specifics.html> for more information about checking conditional configuration

warning: unexpected `cfg` condition name: `verus_keep_ghost`
    --> /tmp/verus-crates/builtin/src/lib.rs:1639:11
     |
1639 |     #[cfg(verus_keep_ghost)]
     |           ^^^^^^^^^^^^^^^^
     |
     = help: consider using a Cargo feature instead
     = help: or consider adding in `Cargo.toml` the `check-cfg` lint config for the lint:
              [lints.rust]
              unexpected_cfgs = { level = "warn", check-cfg = ['cfg(verus_keep_ghost)'] }
     = help: or consider adding `println!("cargo::rustc-check-cfg=cfg(verus_keep_ghost)");` to the top of the `build.rs`
     = note: see <https://doc.rust-lang.org/nightly/rustc/check-cfg/cargo-specifics.html> for more information about checking conditional configuration

warning: unexpected `cfg` condition name: `verus_keep_ghost`
    --> /tmp/verus-crates/builtin/src/lib.rs:1644:11
     |
1644 |     #[cfg(verus_keep_ghost)]
     |           ^^^^^^^^^^^^^^^^
     |
     = help: consider using a Cargo feature instead
     = help: or consider adding in `Cargo.toml` the `check-cfg` lint config for the lint:
              [lints.rust]
              unexpected_cfgs = { level = "warn", check-cfg = ['cfg(verus_keep_ghost)'] }
     = help: or consider adding `println!("cargo::rustc-check-cfg=cfg(verus_keep_ghost)");` to the top of the `build.rs`
     = note: see <https://doc.rust-lang.org/nightly/rustc/check-cfg/cargo-specifics.html> for more information about checking conditional configuration

warning: unexpected `cfg` condition name: `verus_keep_ghost`
    --> /tmp/verus-crates/builtin/src/lib.rs:1649:11
     |
1649 |     #[cfg(verus_keep_ghost)]
     |           ^^^^^^^^^^^^^^^^
     |
     = help: consider using a Cargo feature instead
     = help: or consider adding in `Cargo.toml` the `check-cfg` lint config for the lint:
              [lints.rust]
              unexpected_cfgs = { level = "warn", check-cfg = ['cfg(verus_keep_ghost)'] }
     = help: or consider adding `println!("cargo::rustc-check-cfg=cfg(verus_keep_ghost)");` to the top of the `build.rs`
     = note: see <https://doc.rust-lang.org/nightly/rustc/check-cfg/cargo-specifics.html> for more information about checking conditional configuration

warning: unexpected `cfg` condition name: `verus_keep_ghost`
    --> /tmp/verus-crates/builtin/src/lib.rs:1654:11
     |
1654 |     #[cfg(verus_keep_ghost)]
     |           ^^^^^^^^^^^^^^^^
     |
     = help: consider using a Cargo feature instead
     = help: or consider adding in `Cargo.toml` the `check-cfg` lint config for the lint:
              [lints.rust]
              unexpected_cfgs = { level = "warn", check-cfg = ['cfg(verus_keep_ghost)'] }
     = help: or consider adding `println!("cargo::rustc-check-cfg=cfg(verus_keep_ghost)");` to the top of the `build.rs`
     = note: see <https://doc.rust-lang.org/nightly/rustc/check-cfg/cargo-specifics.html> for more information about checking conditional configuration

warning: unexpected `cfg` condition name: `verus_keep_ghost`
    --> /tmp/verus-crates/builtin/src/lib.rs:1659:11
     |
1659 |     #[cfg(verus_keep_ghost)]
     |           ^^^^^^^^^^^^^^^^
     |
     = help: consider using a Cargo feature instead
     = help: or consider adding in `Cargo.toml` the `check-cfg` lint config for the lint:
              [lints.rust]
              unexpected_cfgs = { level = "warn", check-cfg = ['cfg(verus_keep_ghost)'] }
     = help: or consider adding `println!("cargo::rustc-check-cfg=cfg(verus_keep_ghost)");` to the top of the `build.rs`
     = note: see <https://doc.rust-lang.org/nightly/rustc/check-cfg/cargo-specifics.html> for more information about checking conditional configuration

warning: unexpected `cfg` condition name: `verus_keep_ghost`
    --> /tmp/verus-crates/builtin/src/lib.rs:1664:11
     |
1664 |     #[cfg(verus_keep_ghost)]
     |           ^^^^^^^^^^^^^^^^
     |
     = help: consider using a Cargo feature instead
     = help: or consider adding in `Cargo.toml` the `check-cfg` lint config for the lint:
              [lints.rust]
              unexpected_cfgs = { level = "warn", check-cfg = ['cfg(verus_keep_ghost)'] }
     = help: or consider adding `println!("cargo::rustc-check-cfg=cfg(verus_keep_ghost)");` to the top of the `build.rs`
     = note: see <https://doc.rust-lang.org/nightly/rustc/check-cfg/cargo-specifics.html> for more information about checking conditional configuration

warning: unexpected `cfg` condition name: `verus_keep_ghost`
    --> /tmp/verus-crates/builtin/src/lib.rs:1669:11
     |
1669 |     #[cfg(verus_keep_ghost)]
     |           ^^^^^^^^^^^^^^^^
     |
     = help: consider using a Cargo feature instead
     = help: or consider adding in `Cargo.toml` the `check-cfg` lint config for the lint:
              [lints.rust]
              unexpected_cfgs = { level = "warn", check-cfg = ['cfg(verus_keep_ghost)'] }
     = help: or consider adding `println!("cargo::rustc-check-cfg=cfg(verus_keep_ghost)");` to the top of the `build.rs`
     = note: see <https://doc.rust-lang.org/nightly/rustc/check-cfg/cargo-specifics.html> for more information about checking conditional configuration

warning: unexpected `cfg` condition name: `verus_keep_ghost`
    --> /tmp/verus-crates/builtin/src/lib.rs:1674:11
     |
1674 |     #[cfg(verus_keep_ghost)]
     |           ^^^^^^^^^^^^^^^^
     |
     = help: consider using a Cargo feature instead
     = help: or consider adding in `Cargo.toml` the `check-cfg` lint config for the lint:
              [lints.rust]
              unexpected_cfgs = { level = "warn", check-cfg = ['cfg(verus_keep_ghost)'] }
     = help: or consider adding `println!("cargo::rustc-check-cfg=cfg(verus_keep_ghost)");` to the top of the `build.rs`
     = note: see <https://doc.rust-lang.org/nightly/rustc/check-cfg/cargo-specifics.html> for more information about checking conditional configuration

warning: unexpected `cfg` condition name: `verus_keep_ghost`
    --> /tmp/verus-crates/builtin/src/lib.rs:1679:11
     |
1679 |     #[cfg(verus_keep_ghost)]
     |           ^^^^^^^^^^^^^^^^
     |
     = help: consider using a Cargo feature instead
     = help: or consider adding in `Cargo.toml` the `check-cfg` lint config for the lint:
              [lints.rust]
              unexpected_cfgs = { level = "warn", check-cfg = ['cfg(verus_keep_ghost)'] }
     = help: or consider adding `println!("cargo::rustc-check-cfg=cfg(verus_keep_ghost)");` to the top of the `build.rs`
     = note: see <https://doc.rust-lang.org/nightly/rustc/check-cfg/cargo-specifics.html> for more information about checking conditional configuration

warning: unexpected `cfg` condition name: `verus_keep_ghost`
    --> /tmp/verus-crates/builtin/src/lib.rs:1684:11
     |
1684 |     #[cfg(verus_keep_ghost)]
     |           ^^^^^^^^^^^^^^^^
     |
     = help: consider using a Cargo feature instead
     = help: or consider adding in `Cargo.toml` the `check-cfg` lint config for the lint:
              [lints.rust]
              unexpected_cfgs = { level = "warn", check-cfg = ['cfg(verus_keep_ghost)'] }
     = help: or consider adding `println!("cargo::rustc-check-cfg=cfg(verus_keep_ghost)");` to the top of the `build.rs`
     = note: see <https://doc.rust-lang.org/nightly/rustc/check-cfg/cargo-specifics.html> for more information about checking conditional configuration

warning: unexpected `cfg` condition name: `verus_keep_ghost`
    --> /tmp/verus-crates/builtin/src/lib.rs:1689:11
     |
1689 |     #[cfg(verus_keep_ghost)]
     |           ^^^^^^^^^^^^^^^^
     |
     = help: consider using a Cargo feature instead
     = help: or consider adding in `Cargo.toml` the `check-cfg` lint config for the lint:
              [lints.rust]
              unexpected_cfgs = { level = "warn", check-cfg = ['cfg(verus_keep_ghost)'] }
     = help: or consider adding `println!("cargo::rustc-check-cfg=cfg(verus_keep_ghost)");` to the top of the `build.rs`
     = note: see <https://doc.rust-lang.org/nightly/rustc/check-cfg/cargo-specifics.html> for more information about checking conditional configuration

warning: unexpected `cfg` condition name: `verus_keep_ghost`
    --> /tmp/verus-crates/builtin/src/lib.rs:1694:11
     |
1694 |     #[cfg(verus_keep_ghost)]
     |           ^^^^^^^^^^^^^^^^
     |
     = help: consider using a Cargo feature instead
     = help: or consider adding in `Cargo.toml` the `check-cfg` lint config for the lint:
              [lints.rust]
              unexpected_cfgs = { level = "warn", check-cfg = ['cfg(verus_keep_ghost)'] }
     = help: or consider adding `println!("cargo::rustc-check-cfg=cfg(verus_keep_ghost)");` to the top of the `build.rs`
     = note: see <https://doc.rust-lang.org/nightly/rustc/check-cfg/cargo-specifics.html> for more information about checking conditional configuration

warning: unexpected `cfg` condition name: `verus_keep_ghost`
    --> /tmp/verus-crates/builtin/src/lib.rs:1699:11
     |
1699 |     #[cfg(verus_keep_ghost)]
     |           ^^^^^^^^^^^^^^^^
     |
     = help: consider using a Cargo feature instead
     = help: or consider adding in `Cargo.toml` the `check-cfg` lint config for the lint:
              [lints.rust]
              unexpected_cfgs = { level = "warn", check-cfg = ['cfg(verus_keep_ghost)'] }
     = help: or consider adding `println!("cargo::rustc-check-cfg=cfg(verus_keep_ghost)");` to the top of the `build.rs`
     = note: see <https://doc.rust-lang.org/nightly/rustc/check-cfg/cargo-specifics.html> for more information about checking conditional configuration

warning: unexpected `cfg` condition name: `verus_keep_ghost`
    --> /tmp/verus-crates/builtin/src/lib.rs:1704:11
     |
1704 |     #[cfg(verus_keep_ghost)]
     |           ^^^^^^^^^^^^^^^^
     |
     = help: consider using a Cargo feature instead
     = help: or consider adding in `Cargo.toml` the `check-cfg` lint config for the lint:
              [lints.rust]
              unexpected_cfgs = { level = "warn", check-cfg = ['cfg(verus_keep_ghost)'] }
     = help: or consider adding `println!("cargo::rustc-check-cfg=cfg(verus_keep_ghost)");` to the top of the `build.rs`
     = note: see <https://doc.rust-lang.org/nightly/rustc/check-cfg/cargo-specifics.html> for more information about checking conditional configuration

warning: unexpected `cfg` condition name: `verus_keep_ghost`
    --> /tmp/verus-crates/builtin/src/lib.rs:1709:11
     |
1709 |     #[cfg(verus_keep_ghost)]
     |           ^^^^^^^^^^^^^^^^
     |
     = help: consider using a Cargo feature instead
     = help: or consider adding in `Cargo.toml` the `check-cfg` lint config for the lint:
              [lints.rust]
              unexpected_cfgs = { level = "warn", check-cfg = ['cfg(verus_keep_ghost)'] }
     = help: or consider adding `println!("cargo::rustc-check-cfg=cfg(verus_keep_ghost)");` to the top of the `build.rs`
     = note: see <https://doc.rust-lang.org/nightly/rustc/check-cfg/cargo-specifics.html> for more information about checking conditional configuration

warning: unexpected `cfg` condition name: `verus_keep_ghost`
    --> /tmp/verus-crates/builtin/src/lib.rs:1714:11
     |
1714 |     #[cfg(verus_keep_ghost)]
     |           ^^^^^^^^^^^^^^^^
     |
     = help: consider using a Cargo feature instead
     = help: or consider adding in `Cargo.toml` the `check-cfg` lint config for the lint:
              [lints.rust]
              unexpected_cfgs = { level = "warn", check-cfg = ['cfg(verus_keep_ghost)'] }
     = help: or consider adding `println!("cargo::rustc-check-cfg=cfg(verus_keep_ghost)");` to the top of the `build.rs`
     = note: see <https://doc.rust-lang.org/nightly/rustc/check-cfg/cargo-specifics.html> for more information about checking conditional configuration

warning: unexpected `cfg` condition name: `verus_keep_ghost`
    --> /tmp/verus-crates/builtin/src/lib.rs:1719:11
     |
1719 |     #[cfg(verus_keep_ghost)]
     |           ^^^^^^^^^^^^^^^^
     |
     = help: consider using a Cargo feature instead
     = help: or consider adding in `Cargo.toml` the `check-cfg` lint config for the lint:
              [lints.rust]
              unexpected_cfgs = { level = "warn", check-cfg = ['cfg(verus_keep_ghost)'] }
     = help: or consider adding `println!("cargo::rustc-check-cfg=cfg(verus_keep_ghost)");` to the top of the `build.rs`
     = note: see <https://doc.rust-lang.org/nightly/rustc/check-cfg/cargo-specifics.html> for more information about checking conditional configuration

warning: unexpected `cfg` condition name: `verus_keep_ghost`
    --> /tmp/verus-crates/builtin/src/lib.rs:1724:11
     |
1724 |     #[cfg(verus_keep_ghost)]
     |           ^^^^^^^^^^^^^^^^
     |
     = help: consider using a Cargo feature instead
     = help: or consider adding in `Cargo.toml` the `check-cfg` lint config for the lint:
              [lints.rust]
              unexpected_cfgs = { level = "warn", check-cfg = ['cfg(verus_keep_ghost)'] }
     = help: or consider adding `println!("cargo::rustc-check-cfg=cfg(verus_keep_ghost)");` to the top of the `build.rs`
     = note: see <https://doc.rust-lang.org/nightly/rustc/check-cfg/cargo-specifics.html> for more information about checking conditional configuration

warning: unexpected `cfg` condition name: `verus_keep_ghost`
    --> /tmp/verus-crates/builtin/src/lib.rs:1729:11
     |
1729 |     #[cfg(verus_keep_ghost)]
     |           ^^^^^^^^^^^^^^^^
     |
     = help: consider using a Cargo feature instead
     = help: or consider adding in `Cargo.toml` the `check-cfg` lint config for the lint:
              [lints.rust]
              unexpected_cfgs = { level = "warn", check-cfg = ['cfg(verus_keep_ghost)'] }
     = help: or consider adding `println!("cargo::rustc-check-cfg=cfg(verus_keep_ghost)");` to the top of the `build.rs`
     = note: see <https://doc.rust-lang.org/nightly/rustc/check-cfg/cargo-specifics.html> for more information about checking conditional configuration

warning: unexpected `cfg` condition name: `verus_keep_ghost`
    --> /tmp/verus-crates/builtin/src/lib.rs:1734:11
     |
1734 |     #[cfg(verus_keep_ghost)]
     |           ^^^^^^^^^^^^^^^^
     |
     = help: consider using a Cargo feature instead
     = help: or consider adding in `Cargo.toml` the `check-cfg` lint config for the lint:
              [lints.rust]
              unexpected_cfgs = { level = "warn", check-cfg = ['cfg(verus_keep_ghost)'] }
     = help: or consider adding `println!("cargo::rustc-check-cfg=cfg(verus_keep_ghost)");` to the top of the `build.rs`
     = note: see <https://doc.rust-lang.org/nightly/rustc/check-cfg/cargo-specifics.html> for more information about checking conditional configuration

warning: unexpected `cfg` condition name: `verus_keep_ghost`
    --> /tmp/verus-crates/builtin/src/lib.rs:1746:11
     |
1746 |     #[cfg(verus_keep_ghost)]
     |           ^^^^^^^^^^^^^^^^
     |
     = help: consider using a Cargo feature instead
     = help: or consider adding in `Cargo.toml` the `check-cfg` lint config for the lint:
              [lints.rust]
              unexpected_cfgs = { level = "warn", check-cfg = ['cfg(verus_keep_ghost)'] }
     = help: or consider adding `println!("cargo::rustc-check-cfg=cfg(verus_keep_ghost)");` to the top of the `build.rs`
     = note: see <https://doc.rust-lang.org/nightly/rustc/check-cfg/cargo-specifics.html> for more information about checking conditional configuration

warning: unexpected `cfg` condition name: `verus_keep_ghost`
    --> /tmp/verus-crates/builtin/src/lib.rs:1756:23
     |
1756 |                 #[cfg(verus_keep_ghost)]
     |                       ^^^^^^^^^^^^^^^^
...
1906 | impl_ieee_float!([f32 f64]);
     | --------------------------- in this macro invocation
     |
     = help: consider using a Cargo feature instead
     = help: or consider adding in `Cargo.toml` the `check-cfg` lint config for the lint:
              [lints.rust]
              unexpected_cfgs = { level = "warn", check-cfg = ['cfg(verus_keep_ghost)'] }
     = help: or consider adding `println!("cargo::rustc-check-cfg=cfg(verus_keep_ghost)");` to the top of the `build.rs`
     = note: see <https://doc.rust-lang.org/nightly/rustc/check-cfg/cargo-specifics.html> for more information about checking conditional configuration
     = note: this warning originates in the macro `impl_ieee_float` (in Nightly builds, run with -Z macro-backtrace for more info)

warning: unexpected `cfg` condition name: `verus_keep_ghost`
    --> /tmp/verus-crates/builtin/src/lib.rs:1762:23
     |
1762 |                 #[cfg(verus_keep_ghost)]
     |                       ^^^^^^^^^^^^^^^^
...
1906 | impl_ieee_float!([f32 f64]);
     | --------------------------- in this macro invocation
     |
     = help: consider using a Cargo feature instead
     = help: or consider adding in `Cargo.toml` the `check-cfg` lint config for the lint:
              [lints.rust]
              unexpected_cfgs = { level = "warn", check-cfg = ['cfg(verus_keep_ghost)'] }
     = help: or consider adding `println!("cargo::rustc-check-cfg=cfg(verus_keep_ghost)");` to the top of the `build.rs`
     = note: see <https://doc.rust-lang.org/nightly/rustc/check-cfg/cargo-specifics.html> for more information about checking conditional configuration
     = note: this warning originates in the macro `impl_ieee_float` (in Nightly builds, run with -Z macro-backtrace for more info)

warning: unexpected `cfg` condition name: `verus_keep_ghost`
    --> /tmp/verus-crates/builtin/src/lib.rs:1768:23
     |
1768 |                 #[cfg(verus_keep_ghost)]
     |                       ^^^^^^^^^^^^^^^^
...
1906 | impl_ieee_float!([f32 f64]);
     | --------------------------- in this macro invocation
     |
     = help: consider using a Cargo feature instead
     = help: or consider adding in `Cargo.toml` the `check-cfg` lint config for the lint:
              [lints.rust]
              unexpected_cfgs = { level = "warn", check-cfg = ['cfg(verus_keep_ghost)'] }
     = help: or consider adding `println!("cargo::rustc-check-cfg=cfg(verus_keep_ghost)");` to the top of the `build.rs`
     = note: see <https://doc.rust-lang.org/nightly/rustc/check-cfg/cargo-specifics.html> for more information about checking conditional configuration
     = note: this warning originates in the macro `impl_ieee_float` (in Nightly builds, run with -Z macro-backtrace for more info)

warning: unexpected `cfg` condition name: `verus_keep_ghost`
    --> /tmp/verus-crates/builtin/src/lib.rs:1774:23
     |
1774 |                 #[cfg(verus_keep_ghost)]
     |                       ^^^^^^^^^^^^^^^^
...
1906 | impl_ieee_float!([f32 f64]);
     | --------------------------- in this macro invocation
     |
     = help: consider using a Cargo feature instead
     = help: or consider adding in `Cargo.toml` the `check-cfg` lint config for the lint:
              [lints.rust]
              unexpected_cfgs = { level = "warn", check-cfg = ['cfg(verus_keep_ghost)'] }
     = help: or consider adding `println!("cargo::rustc-check-cfg=cfg(verus_keep_ghost)");` to the top of the `build.rs`
     = note: see <https://doc.rust-lang.org/nightly/rustc/check-cfg/cargo-specifics.html> for more information about checking conditional configuration
     = note: this warning originates in the macro `impl_ieee_float` (in Nightly builds, run with -Z macro-backtrace for more info)

warning: unexpected `cfg` condition name: `verus_keep_ghost`
    --> /tmp/verus-crates/builtin/src/lib.rs:1780:23
     |
1780 |                 #[cfg(verus_keep_ghost)]
     |                       ^^^^^^^^^^^^^^^^
...
1906 | impl_ieee_float!([f32 f64]);
     | --------------------------- in this macro invocation
     |
     = help: consider using a Cargo feature instead
     = help: or consider adding in `Cargo.toml` the `check-cfg` lint config for the lint:
              [lints.rust]
              unexpected_cfgs = { level = "warn", check-cfg = ['cfg(verus_keep_ghost)'] }
     = help: or consider adding `println!("cargo::rustc-check-cfg=cfg(verus_keep_ghost)");` to the top of the `build.rs`
     = note: see <https://doc.rust-lang.org/nightly/rustc/check-cfg/cargo-specifics.html> for more information about checking conditional configuration
     = note: this warning originates in the macro `impl_ieee_float` (in Nightly builds, run with -Z macro-backtrace for more info)

warning: unexpected `cfg` condition name: `verus_keep_ghost`
    --> /tmp/verus-crates/builtin/src/lib.rs:1786:23
     |
1786 |                 #[cfg(verus_keep_ghost)]
     |                       ^^^^^^^^^^^^^^^^
...
1906 | impl_ieee_float!([f32 f64]);
     | --------------------------- in this macro invocation
     |
     = help: consider using a Cargo feature instead
     = help: or consider adding in `Cargo.toml` the `check-cfg` lint config for the lint:
              [lints.rust]
              unexpected_cfgs = { level = "warn", check-cfg = ['cfg(verus_keep_ghost)'] }
     = help: or consider adding `println!("cargo::rustc-check-cfg=cfg(verus_keep_ghost)");` to the top of the `build.rs`
     = note: see <https://doc.rust-lang.org/nightly/rustc/check-cfg/cargo-specifics.html> for more information about checking conditional configuration
     = note: this warning originates in the macro `impl_ieee_float` (in Nightly builds, run with -Z macro-backtrace for more info)

warning: unexpected `cfg` condition name: `verus_keep_ghost`
    --> /tmp/verus-crates/builtin/src/lib.rs:1792:23
     |
1792 |                 #[cfg(verus_keep_ghost)]
     |                       ^^^^^^^^^^^^^^^^
...
1906 | impl_ieee_float!([f32 f64]);
     | --------------------------- in this macro invocation
     |
     = help: consider using a Cargo feature instead
     = help: or consider adding in `Cargo.toml` the `check-cfg` lint config for the lint:
              [lints.rust]
              unexpected_cfgs = { level = "warn", check-cfg = ['cfg(verus_keep_ghost)'] }
     = help: or consider adding `println!("cargo::rustc-check-cfg=cfg(verus_keep_ghost)");` to the top of the `build.rs`
     = note: see <https://doc.rust-lang.org/nightly/rustc/check-cfg/cargo-specifics.html> for more information about checking conditional configuration
     = note: this warning originates in the macro `impl_ieee_float` (in Nightly builds, run with -Z macro-backtrace for more info)

warning: unexpected `cfg` condition name: `verus_keep_ghost`
    --> /tmp/verus-crates/builtin/src/lib.rs:1798:23
     |
1798 |                 #[cfg(verus_keep_ghost)]
     |                       ^^^^^^^^^^^^^^^^
...
1906 | impl_ieee_float!([f32 f64]);
     | --------------------------- in this macro invocation
     |
     = help: consider using a Cargo feature instead
     = help: or consider adding in `Cargo.toml` the `check-cfg` lint config for the lint:
              [lints.rust]
              unexpected_cfgs = { level = "warn", check-cfg = ['cfg(verus_keep_ghost)'] }
     = help: or consider adding `println!("cargo::rustc-check-cfg=cfg(verus_keep_ghost)");` to the top of the `build.rs`
     = note: see <https://doc.rust-lang.org/nightly/rustc/check-cfg/cargo-specifics.html> for more information about checking conditional configuration
     = note: this warning originates in the macro `impl_ieee_float` (in Nightly builds, run with -Z macro-backtrace for more info)

warning: unexpected `cfg` condition name: `verus_keep_ghost`
    --> /tmp/verus-crates/builtin/src/lib.rs:1804:23
     |
1804 |                 #[cfg(verus_keep_ghost)]
     |                       ^^^^^^^^^^^^^^^^
...
1906 | impl_ieee_float!([f32 f64]);
     | --------------------------- in this macro invocation
     |
     = help: consider using a Cargo feature instead
     = help: or consider adding in `Cargo.toml` the `check-cfg` lint config for the lint:
              [lints.rust]
              unexpected_cfgs = { level = "warn", check-cfg = ['cfg(verus_keep_ghost)'] }
     = help: or consider adding `println!("cargo::rustc-check-cfg=cfg(verus_keep_ghost)");` to the top of the `build.rs`
     = note: see <https://doc.rust-lang.org/nightly/rustc/check-cfg/cargo-specifics.html> for more information about checking conditional configuration
     = note: this warning originates in the macro `impl_ieee_float` (in Nightly builds, run with -Z macro-backtrace for more info)

warning: unexpected `cfg` condition name: `verus_keep_ghost`
    --> /tmp/verus-crates/builtin/src/lib.rs:1810:23
     |
1810 |                 #[cfg(verus_keep_ghost)]
     |                       ^^^^^^^^^^^^^^^^
...
1906 | impl_ieee_float!([f32 f64]);
     | --------------------------- in this macro invocation
     |
     = help: consider using a Cargo feature instead
     = help: or consider adding in `Cargo.toml` the `check-cfg` lint config for the lint:
              [lints.rust]
              unexpected_cfgs = { level = "warn", check-cfg = ['cfg(verus_keep_ghost)'] }
     = help: or consider adding `println!("cargo::rustc-check-cfg=cfg(verus_keep_ghost)");` to the top of the `build.rs`
     = note: see <https://doc.rust-lang.org/nightly/rustc/check-cfg/cargo-specifics.html> for more information about checking conditional configuration
     = note: this warning originates in the macro `impl_ieee_float` (in Nightly builds, run with -Z macro-backtrace for more info)

warning: unexpected `cfg` condition name: `verus_keep_ghost`
    --> /tmp/verus-crates/builtin/src/lib.rs:1816:23
     |
1816 |                 #[cfg(verus_keep_ghost)]
     |                       ^^^^^^^^^^^^^^^^
...
1906 | impl_ieee_float!([f32 f64]);
     | --------------------------- in this macro invocation
     |
     = help: consider using a Cargo feature instead
     = help: or consider adding in `Cargo.toml` the `check-cfg` lint config for the lint:
              [lints.rust]
              unexpected_cfgs = { level = "warn", check-cfg = ['cfg(verus_keep_ghost)'] }
     = help: or consider adding `println!("cargo::rustc-check-cfg=cfg(verus_keep_ghost)");` to the top of the `build.rs`
     = note: see <https://doc.rust-lang.org/nightly/rustc/check-cfg/cargo-specifics.html> for more information about checking conditional configuration
     = note: this warning originates in the macro `impl_ieee_float` (in Nightly builds, run with -Z macro-backtrace for more info)

warning: unexpected `cfg` condition name: `verus_keep_ghost`
    --> /tmp/verus-crates/builtin/src/lib.rs:1822:23
     |
1822 |                 #[cfg(verus_keep_ghost)]
     |                       ^^^^^^^^^^^^^^^^
...
1906 | impl_ieee_float!([f32 f64]);
     | --------------------------- in this macro invocation
     |
     = help: consider using a Cargo feature instead
     = help: or consider adding in `Cargo.toml` the `check-cfg` lint config for the lint:
              [lints.rust]
              unexpected_cfgs = { level = "warn", check-cfg = ['cfg(verus_keep_ghost)'] }
     = help: or consider adding `println!("cargo::rustc-check-cfg=cfg(verus_keep_ghost)");` to the top of the `build.rs`
     = note: see <https://doc.rust-lang.org/nightly/rustc/check-cfg/cargo-specifics.html> for more information about checking conditional configuration
     = note: this warning originates in the macro `impl_ieee_float` (in Nightly builds, run with -Z macro-backtrace for more info)

warning: unexpected `cfg` condition name: `verus_keep_ghost`
    --> /tmp/verus-crates/builtin/src/lib.rs:1828:23
     |
1828 |                 #[cfg(verus_keep_ghost)]
     |                       ^^^^^^^^^^^^^^^^
...
1906 | impl_ieee_float!([f32 f64]);
     | --------------------------- in this macro invocation
     |
     = help: consider using a Cargo feature instead
     = help: or consider adding in `Cargo.toml` the `check-cfg` lint config for the lint:
              [lints.rust]
              unexpected_cfgs = { level = "warn", check-cfg = ['cfg(verus_keep_ghost)'] }
     = help: or consider adding `println!("cargo::rustc-check-cfg=cfg(verus_keep_ghost)");` to the top of the `build.rs`
     = note: see <https://doc.rust-lang.org/nightly/rustc/check-cfg/cargo-specifics.html> for more information about checking conditional configuration
     = note: this warning originates in the macro `impl_ieee_float` (in Nightly builds, run with -Z macro-backtrace for more info)

warning: unexpected `cfg` condition name: `verus_keep_ghost`
    --> /tmp/verus-crates/builtin/src/lib.rs:1834:23
     |
1834 |                 #[cfg(verus_keep_ghost)]
     |                       ^^^^^^^^^^^^^^^^
...
1906 | impl_ieee_float!([f32 f64]);
     | --------------------------- in this macro invocation
     |
     = help: consider using a Cargo feature instead
     = help: or consider adding in `Cargo.toml` the `check-cfg` lint config for the lint:
              [lints.rust]
              unexpected_cfgs = { level = "warn", check-cfg = ['cfg(verus_keep_ghost)'] }
     = help: or consider adding `println!("cargo::rustc-check-cfg=cfg(verus_keep_ghost)");` to the top of the `build.rs`
     = note: see <https://doc.rust-lang.org/nightly/rustc/check-cfg/cargo-specifics.html> for more information about checking conditional configuration
     = note: this warning originates in the macro `impl_ieee_float` (in Nightly builds, run with -Z macro-backtrace for more info)

warning: unexpected `cfg` condition name: `verus_keep_ghost`
    --> /tmp/verus-crates/builtin/src/lib.rs:1840:23
     |
1840 |                 #[cfg(verus_keep_ghost)]
     |                       ^^^^^^^^^^^^^^^^
...
1906 | impl_ieee_float!([f32 f64]);
     | --------------------------- in this macro invocation
     |
     = help: consider using a Cargo feature instead
     = help: or consider adding in `Cargo.toml` the `check-cfg` lint config for the lint:
              [lints.rust]
              unexpected_cfgs = { level = "warn", check-cfg = ['cfg(verus_keep_ghost)'] }
     = help: or consider adding `println!("cargo::rustc-check-cfg=cfg(verus_keep_ghost)");` to the top of the `build.rs`
     = note: see <https://doc.rust-lang.org/nightly/rustc/check-cfg/cargo-specifics.html> for more information about checking conditional configuration
     = note: this warning originates in the macro `impl_ieee_float` (in Nightly builds, run with -Z macro-backtrace for more info)

warning: unexpected `cfg` condition name: `verus_keep_ghost`
    --> /tmp/verus-crates/builtin/src/lib.rs:1846:23
     |
1846 |                 #[cfg(verus_keep_ghost)]
     |                       ^^^^^^^^^^^^^^^^
...
1906 | impl_ieee_float!([f32 f64]);
     | --------------------------- in this macro invocation
     |
     = help: consider using a Cargo feature instead
     = help: or consider adding in `Cargo.toml` the `check-cfg` lint config for the lint:
              [lints.rust]
              unexpected_cfgs = { level = "warn", check-cfg = ['cfg(verus_keep_ghost)'] }
     = help: or consider adding `println!("cargo::rustc-check-cfg=cfg(verus_keep_ghost)");` to the top of the `build.rs`
     = note: see <https://doc.rust-lang.org/nightly/rustc/check-cfg/cargo-specifics.html> for more information about checking conditional configuration
     = note: this warning originates in the macro `impl_ieee_float` (in Nightly builds, run with -Z macro-backtrace for more info)

warning: unexpected `cfg` condition name: `verus_keep_ghost`
    --> /tmp/verus-crates/builtin/src/lib.rs:1852:23
     |
1852 |                 #[cfg(verus_keep_ghost)]
     |                       ^^^^^^^^^^^^^^^^
...
1906 | impl_ieee_float!([f32 f64]);
     | --------------------------- in this macro invocation
     |
     = help: consider using a Cargo feature instead
     = help: or consider adding in `Cargo.toml` the `check-cfg` lint config for the lint:
              [lints.rust]
              unexpected_cfgs = { level = "warn", check-cfg = ['cfg(verus_keep_ghost)'] }
     = help: or consider adding `println!("cargo::rustc-check-cfg=cfg(verus_keep_ghost)");` to the top of the `build.rs`
     = note: see <https://doc.rust-lang.org/nightly/rustc/check-cfg/cargo-specifics.html> for more information about checking conditional configuration
     = note: this warning originates in the macro `impl_ieee_float` (in Nightly builds, run with -Z macro-backtrace for more info)

warning: unexpected `cfg` condition name: `verus_keep_ghost`
    --> /tmp/verus-crates/builtin/src/lib.rs:1858:23
     |
1858 |                 #[cfg(verus_keep_ghost)]
     |                       ^^^^^^^^^^^^^^^^
...
1906 | impl_ieee_float!([f32 f64]);
     | --------------------------- in this macro invocation
     |
     = help: consider using a Cargo feature instead
     = help: or consider adding in `Cargo.toml` the `check-cfg` lint config for the lint:
              [lints.rust]
              unexpected_cfgs = { level = "warn", check-cfg = ['cfg(verus_keep_ghost)'] }
     = help: or consider adding `println!("cargo::rustc-check-cfg=cfg(verus_keep_ghost)");` to the top of the `build.rs`
     = note: see <https://doc.rust-lang.org/nightly/rustc/check-cfg/cargo-specifics.html> for more information about checking conditional configuration
     = note: this warning originates in the macro `impl_ieee_float` (in Nightly builds, run with -Z macro-backtrace for more info)

warning: unexpected `cfg` condition name: `verus_keep_ghost`
    --> /tmp/verus-crates/builtin/src/lib.rs:1864:23
     |
1864 |                 #[cfg(verus_keep_ghost)]
     |                       ^^^^^^^^^^^^^^^^
...
1906 | impl_ieee_float!([f32 f64]);
     | --------------------------- in this macro invocation
     |
     = help: consider using a Cargo feature instead
     = help: or consider adding in `Cargo.toml` the `check-cfg` lint config for the lint:
              [lints.rust]
              unexpected_cfgs = { level = "warn", check-cfg = ['cfg(verus_keep_ghost)'] }
     = help: or consider adding `println!("cargo::rustc-check-cfg=cfg(verus_keep_ghost)");` to the top of the `build.rs`
     = note: see <https://doc.rust-lang.org/nightly/rustc/check-cfg/cargo-specifics.html> for more information about checking conditional configuration
     = note: this warning originates in the macro `impl_ieee_float` (in Nightly builds, run with -Z macro-backtrace for more info)

warning: unexpected `cfg` condition name: `verus_keep_ghost`
    --> /tmp/verus-crates/builtin/src/lib.rs:1870:23
     |
1870 |                 #[cfg(verus_keep_ghost)]
     |                       ^^^^^^^^^^^^^^^^
...
1906 | impl_ieee_float!([f32 f64]);
     | --------------------------- in this macro invocation
     |
     = help: consider using a Cargo feature instead
     = help: or consider adding in `Cargo.toml` the `check-cfg` lint config for the lint:
              [lints.rust]
              unexpected_cfgs = { level = "warn", check-cfg = ['cfg(verus_keep_ghost)'] }
     = help: or consider adding `println!("cargo::rustc-check-cfg=cfg(verus_keep_ghost)");` to the top of the `build.rs`
     = note: see <https://doc.rust-lang.org/nightly/rustc/check-cfg/cargo-specifics.html> for more information about checking conditional configuration
     = note: this warning originates in the macro `impl_ieee_float` (in Nightly builds, run with -Z macro-backtrace for more info)

warning: unexpected `cfg` condition name: `verus_keep_ghost`
    --> /tmp/verus-crates/builtin/src/lib.rs:1876:23
     |
1876 |                 #[cfg(verus_keep_ghost)]
     |                       ^^^^^^^^^^^^^^^^
...
1906 | impl_ieee_float!([f32 f64]);
     | --------------------------- in this macro invocation
     |
     = help: consider using a Cargo feature instead
     = help: or consider adding in `Cargo.toml` the `check-cfg` lint config for the lint:
              [lints.rust]
              unexpected_cfgs = { level = "warn", check-cfg = ['cfg(verus_keep_ghost)'] }
     = help: or consider adding `println!("cargo::rustc-check-cfg=cfg(verus_keep_ghost)");` to the top of the `build.rs`
     = note: see <https://doc.rust-lang.org/nightly/rustc/check-cfg/cargo-specifics.html> for more information about checking conditional configuration
     = note: this warning originates in the macro `impl_ieee_float` (in Nightly builds, run with -Z macro-backtrace for more info)

warning: unexpected `cfg` condition name: `verus_keep_ghost`
    --> /tmp/verus-crates/builtin/src/lib.rs:1882:23
     |
1882 |                 #[cfg(verus_keep_ghost)]
     |                       ^^^^^^^^^^^^^^^^
...
1906 | impl_ieee_float!([f32 f64]);
     | --------------------------- in this macro invocation
     |
     = help: consider using a Cargo feature instead
     = help: or consider adding in `Cargo.toml` the `check-cfg` lint config for the lint:
              [lints.rust]
              unexpected_cfgs = { level = "warn", check-cfg = ['cfg(verus_keep_ghost)'] }
     = help: or consider adding `println!("cargo::rustc-check-cfg=cfg(verus_keep_ghost)");` to the top of the `build.rs`
     = note: see <https://doc.rust-lang.org/nightly/rustc/check-cfg/cargo-specifics.html> for more information about checking conditional configuration
     = note: this warning originates in the macro `impl_ieee_float` (in Nightly builds, run with -Z macro-backtrace for more info)

warning: unexpected `cfg` condition name: `verus_keep_ghost`
    --> /tmp/verus-crates/builtin/src/lib.rs:1896:23
     |
1896 |                 #[cfg(verus_keep_ghost)]
     |                       ^^^^^^^^^^^^^^^^
...
1907 | impl_ieee_float_cast!(f32, [real f64]);
     | -------------------------------------- in this macro invocation
     |
     = help: consider using a Cargo feature instead
     = help: or consider adding in `Cargo.toml` the `check-cfg` lint config for the lint:
              [lints.rust]
              unexpected_cfgs = { level = "warn", check-cfg = ['cfg(verus_keep_ghost)'] }
     = help: or consider adding `println!("cargo::rustc-check-cfg=cfg(verus_keep_ghost)");` to the top of the `build.rs`
     = note: see <https://doc.rust-lang.org/nightly/rustc/check-cfg/cargo-specifics.html> for more information about checking conditional configuration
     = note: this warning originates in the macro `impl_ieee_float_cast` (in Nightly builds, run with -Z macro-backtrace for more info)

warning: unexpected `cfg` condition name: `verus_keep_ghost`
    --> /tmp/verus-crates/builtin/src/lib.rs:1896:23
     |
1896 |                 #[cfg(verus_keep_ghost)]
     |                       ^^^^^^^^^^^^^^^^
...
1908 | impl_ieee_float_cast!(f64, [real f32]);
     | -------------------------------------- in this macro invocation
     |
     = help: consider using a Cargo feature instead
     = help: or consider adding in `Cargo.toml` the `check-cfg` lint config for the lint:
              [lints.rust]
              unexpected_cfgs = { level = "warn", check-cfg = ['cfg(verus_keep_ghost)'] }
     = help: or consider adding `println!("cargo::rustc-check-cfg=cfg(verus_keep_ghost)");` to the top of the `build.rs`
     = note: see <https://doc.rust-lang.org/nightly/rustc/check-cfg/cargo-specifics.html> for more information about checking conditional configuration
     = note: this warning originates in the macro `impl_ieee_float_cast` (in Nightly builds, run with -Z macro-backtrace for more info)

warning: unexpected `cfg` condition name: `verus_keep_ghost`
    --> /tmp/verus-crates/builtin/src/lib.rs:1896:23
     |
1896 |                 #[cfg(verus_keep_ghost)]
     |                       ^^^^^^^^^^^^^^^^
...
1909 | impl_ieee_float_cast!(real, [f32 f64]);
     | -------------------------------------- in this macro invocation
     |
     = help: consider using a Cargo feature instead
     = help: or consider adding in `Cargo.toml` the `check-cfg` lint config for the lint:
              [lints.rust]
              unexpected_cfgs = { level = "warn", check-cfg = ['cfg(verus_keep_ghost)'] }
     = help: or consider adding `println!("cargo::rustc-check-cfg=cfg(verus_keep_ghost)");` to the top of the `build.rs`
     = note: see <https://doc.rust-lang.org/nightly/rustc/check-cfg/cargo-specifics.html> for more information about checking conditional configuration
     = note: this warning originates in the macro `impl_ieee_float_cast` (in Nightly builds, run with -Z macro-backtrace for more info)

warning: unexpected `cfg` condition name: `verus_keep_ghost`
    --> /tmp/verus-crates/builtin/src/lib.rs:1896:23
     |
1896 |                 #[cfg(verus_keep_ghost)]
     |                       ^^^^^^^^^^^^^^^^
...
1910 | impl_ieee_float_cast!(u8, [f32 f64]);
     | ------------------------------------ in this macro invocation
     |
     = help: consider using a Cargo feature instead
     = help: or consider adding in `Cargo.toml` the `check-cfg` lint config for the lint:
              [lints.rust]
              unexpected_cfgs = { level = "warn", check-cfg = ['cfg(verus_keep_ghost)'] }
     = help: or consider adding `println!("cargo::rustc-check-cfg=cfg(verus_keep_ghost)");` to the top of the `build.rs`
     = note: see <https://doc.rust-lang.org/nightly/rustc/check-cfg/cargo-specifics.html> for more information about checking conditional configuration
     = note: this warning originates in the macro `impl_ieee_float_cast` (in Nightly builds, run with -Z macro-backtrace for more info)

warning: unexpected `cfg` condition name: `verus_keep_ghost`
    --> /tmp/verus-crates/builtin/src/lib.rs:1896:23
     |
1896 |                 #[cfg(verus_keep_ghost)]
     |                       ^^^^^^^^^^^^^^^^
...
1911 | impl_ieee_float_cast!(u16, [f32 f64]);
     | ------------------------------------- in this macro invocation
     |
     = help: consider using a Cargo feature instead
     = help: or consider adding in `Cargo.toml` the `check-cfg` lint config for the lint:
              [lints.rust]
              unexpected_cfgs = { level = "warn", check-cfg = ['cfg(verus_keep_ghost)'] }
     = help: or consider adding `println!("cargo::rustc-check-cfg=cfg(verus_keep_ghost)");` to the top of the `build.rs`
     = note: see <https://doc.rust-lang.org/nightly/rustc/check-cfg/cargo-specifics.html> for more information about checking conditional configuration
     = note: this warning originates in the macro `impl_ieee_float_cast` (in Nightly builds, run with -Z macro-backtrace for more info)

warning: unexpected `cfg` condition name: `verus_keep_ghost`
    --> /tmp/verus-crates/builtin/src/lib.rs:1896:23
     |
1896 |                 #[cfg(verus_keep_ghost)]
     |                       ^^^^^^^^^^^^^^^^
...
1912 | impl_ieee_float_cast!(u32, [f32 f64]);
     | ------------------------------------- in this macro invocation
     |
     = help: consider using a Cargo feature instead
     = help: or consider adding in `Cargo.toml` the `check-cfg` lint config for the lint:
              [lints.rust]
              unexpected_cfgs = { level = "warn", check-cfg = ['cfg(verus_keep_ghost)'] }
     = help: or consider adding `println!("cargo::rustc-check-cfg=cfg(verus_keep_ghost)");` to the top of the `build.rs`
     = note: see <https://doc.rust-lang.org/nightly/rustc/check-cfg/cargo-specifics.html> for more information about checking conditional configuration
     = note: this warning originates in the macro `impl_ieee_float_cast` (in Nightly builds, run with -Z macro-backtrace for more info)

warning: unexpected `cfg` condition name: `verus_keep_ghost`
    --> /tmp/verus-crates/builtin/src/lib.rs:1896:23
     |
1896 |                 #[cfg(verus_keep_ghost)]
     |                       ^^^^^^^^^^^^^^^^
...
1913 | impl_ieee_float_cast!(u64, [f32 f64]);
     | ------------------------------------- in this macro invocation
     |
     = help: consider using a Cargo feature instead
     = help: or consider adding in `Cargo.toml` the `check-cfg` lint config for the lint:
              [lints.rust]
              unexpected_cfgs = { level = "warn", check-cfg = ['cfg(verus_keep_ghost)'] }
     = help: or consider adding `println!("cargo::rustc-check-cfg=cfg(verus_keep_ghost)");` to the top of the `build.rs`
     = note: see <https://doc.rust-lang.org/nightly/rustc/check-cfg/cargo-specifics.html> for more information about checking conditional configuration
     = note: this warning originates in the macro `impl_ieee_float_cast` (in Nightly builds, run with -Z macro-backtrace for more info)

warning: unexpected `cfg` condition name: `verus_keep_ghost`
    --> /tmp/verus-crates/builtin/src/lib.rs:1896:23
     |
1896 |                 #[cfg(verus_keep_ghost)]
     |                       ^^^^^^^^^^^^^^^^
...
1914 | impl_ieee_float_cast!(u128, [f32 f64]);
     | -------------------------------------- in this macro invocation
     |
     = help: consider using a Cargo feature instead
     = help: or consider adding in `Cargo.toml` the `check-cfg` lint config for the lint:
              [lints.rust]
              unexpected_cfgs = { level = "warn", check-cfg = ['cfg(verus_keep_ghost)'] }
     = help: or consider adding `println!("cargo::rustc-check-cfg=cfg(verus_keep_ghost)");` to the top of the `build.rs`
     = note: see <https://doc.rust-lang.org/nightly/rustc/check-cfg/cargo-specifics.html> for more information about checking conditional configuration
     = note: this warning originates in the macro `impl_ieee_float_cast` (in Nightly builds, run with -Z macro-backtrace for more info)

warning: unexpected `cfg` condition name: `verus_keep_ghost`
    --> /tmp/verus-crates/builtin/src/lib.rs:1896:23
     |
1896 |                 #[cfg(verus_keep_ghost)]
     |                       ^^^^^^^^^^^^^^^^
...
1915 | impl_ieee_float_cast!(i8, [f32 f64]);
     | ------------------------------------ in this macro invocation
     |
     = help: consider using a Cargo feature instead
     = help: or consider adding in `Cargo.toml` the `check-cfg` lint config for the lint:
              [lints.rust]
              unexpected_cfgs = { level = "warn", check-cfg = ['cfg(verus_keep_ghost)'] }
     = help: or consider adding `println!("cargo::rustc-check-cfg=cfg(verus_keep_ghost)");` to the top of the `build.rs`
     = note: see <https://doc.rust-lang.org/nightly/rustc/check-cfg/cargo-specifics.html> for more information about checking conditional configuration
     = note: this warning originates in the macro `impl_ieee_float_cast` (in Nightly builds, run with -Z macro-backtrace for more info)

warning: unexpected `cfg` condition name: `verus_keep_ghost`
    --> /tmp/verus-crates/builtin/src/lib.rs:1896:23
     |
1896 |                 #[cfg(verus_keep_ghost)]
     |                       ^^^^^^^^^^^^^^^^
...
1916 | impl_ieee_float_cast!(i16, [f32 f64]);
     | ------------------------------------- in this macro invocation
     |
     = help: consider using a Cargo feature instead
     = help: or consider adding in `Cargo.toml` the `check-cfg` lint config for the lint:
              [lints.rust]
              unexpected_cfgs = { level = "warn", check-cfg = ['cfg(verus_keep_ghost)'] }
     = help: or consider adding `println!("cargo::rustc-check-cfg=cfg(verus_keep_ghost)");` to the top of the `build.rs`
     = note: see <https://doc.rust-lang.org/nightly/rustc/check-cfg/cargo-specifics.html> for more information about checking conditional configuration
     = note: this warning originates in the macro `impl_ieee_float_cast` (in Nightly builds, run with -Z macro-backtrace for more info)

warning: unexpected `cfg` condition name: `verus_keep_ghost`
    --> /tmp/verus-crates/builtin/src/lib.rs:1896:23
     |
1896 |                 #[cfg(verus_keep_ghost)]
     |                       ^^^^^^^^^^^^^^^^
...
1917 | impl_ieee_float_cast!(i32, [f32 f64]);
     | ------------------------------------- in this macro invocation
     |
     = help: consider using a Cargo feature instead
     = help: or consider adding in `Cargo.toml` the `check-cfg` lint config for the lint:
              [lints.rust]
              unexpected_cfgs = { level = "warn", check-cfg = ['cfg(verus_keep_ghost)'] }
     = help: or consider adding `println!("cargo::rustc-check-cfg=cfg(verus_keep_ghost)");` to the top of the `build.rs`
     = note: see <https://doc.rust-lang.org/nightly/rustc/check-cfg/cargo-specifics.html> for more information about checking conditional configuration
     = note: this warning originates in the macro `impl_ieee_float_cast` (in Nightly builds, run with -Z macro-backtrace for more info)

warning: unexpected `cfg` condition name: `verus_keep_ghost`
    --> /tmp/verus-crates/builtin/src/lib.rs:1896:23
     |
1896 |                 #[cfg(verus_keep_ghost)]
     |                       ^^^^^^^^^^^^^^^^
...
1918 | impl_ieee_float_cast!(i64, [f32 f64]);
     | ------------------------------------- in this macro invocation
     |
     = help: consider using a Cargo feature instead
     = help: or consider adding in `Cargo.toml` the `check-cfg` lint config for the lint:
              [lints.rust]
              unexpected_cfgs = { level = "warn", check-cfg = ['cfg(verus_keep_ghost)'] }
     = help: or consider adding `println!("cargo::rustc-check-cfg=cfg(verus_keep_ghost)");` to the top of the `build.rs`
     = note: see <https://doc.rust-lang.org/nightly/rustc/check-cfg/cargo-specifics.html> for more information about checking conditional configuration
     = note: this warning originates in the macro `impl_ieee_float_cast` (in Nightly builds, run with -Z macro-backtrace for more info)

warning: unexpected `cfg` condition name: `verus_keep_ghost`
    --> /tmp/verus-crates/builtin/src/lib.rs:1896:23
     |
1896 |                 #[cfg(verus_keep_ghost)]
     |                       ^^^^^^^^^^^^^^^^
...
1919 | impl_ieee_float_cast!(i128, [f32 f64]);
     | -------------------------------------- in this macro invocation
     |
     = help: consider using a Cargo feature instead
     = help: or consider adding in `Cargo.toml` the `check-cfg` lint config for the lint:
              [lints.rust]
              unexpected_cfgs = { level = "warn", check-cfg = ['cfg(verus_keep_ghost)'] }
     = help: or consider adding `println!("cargo::rustc-check-cfg=cfg(verus_keep_ghost)");` to the top of the `build.rs`
     = note: see <https://doc.rust-lang.org/nightly/rustc/check-cfg/cargo-specifics.html> for more information about checking conditional configuration
     = note: this warning originates in the macro `impl_ieee_float_cast` (in Nightly builds, run with -Z macro-backtrace for more info)

warning: unexpected `cfg` condition name: `verus_keep_ghost`
    --> /tmp/verus-crates/builtin/src/lib.rs:1896:23
     |
1896 |                 #[cfg(verus_keep_ghost)]
     |                       ^^^^^^^^^^^^^^^^
...
1920 | impl_ieee_float_cast!(f32, [u8 u16 u32 u64 u128]);
     | ------------------------------------------------- in this macro invocation
     |
     = help: consider using a Cargo feature instead
     = help: or consider adding in `Cargo.toml` the `check-cfg` lint config for the lint:
              [lints.rust]
              unexpected_cfgs = { level = "warn", check-cfg = ['cfg(verus_keep_ghost)'] }
     = help: or consider adding `println!("cargo::rustc-check-cfg=cfg(verus_keep_ghost)");` to the top of the `build.rs`
     = note: see <https://doc.rust-lang.org/nightly/rustc/check-cfg/cargo-specifics.html> for more information about checking conditional configuration
     = note: this warning originates in the macro `impl_ieee_float_cast` (in Nightly builds, run with -Z macro-backtrace for more info)

warning: unexpected `cfg` condition name: `verus_keep_ghost`
    --> /tmp/verus-crates/builtin/src/lib.rs:1896:23
     |
1896 |                 #[cfg(verus_keep_ghost)]
     |                       ^^^^^^^^^^^^^^^^
...
1921 | impl_ieee_float_cast!(f32, [i8 i16 i32 i64 i128]);
     | ------------------------------------------------- in this macro invocation
     |
     = help: consider using a Cargo feature instead
     = help: or consider adding in `Cargo.toml` the `check-cfg` lint config for the lint:
              [lints.rust]
              unexpected_cfgs = { level = "warn", check-cfg = ['cfg(verus_keep_ghost)'] }
     = help: or consider adding `println!("cargo::rustc-check-cfg=cfg(verus_keep_ghost)");` to the top of the `build.rs`
     = note: see <https://doc.rust-lang.org/nightly/rustc/check-cfg/cargo-specifics.html> for more information about checking conditional configuration
     = note: this warning originates in the macro `impl_ieee_float_cast` (in Nightly builds, run with -Z macro-backtrace for more info)

warning: unexpected `cfg` condition name: `verus_keep_ghost`
    --> /tmp/verus-crates/builtin/src/lib.rs:1896:23
     |
1896 |                 #[cfg(verus_keep_ghost)]
     |                       ^^^^^^^^^^^^^^^^
...
1922 | impl_ieee_float_cast!(f64, [u8 u16 u32 u64 u128]);
     | ------------------------------------------------- in this macro invocation
     |
     = help: consider using a Cargo feature instead
     = help: or consider adding in `Cargo.toml` the `check-cfg` lint config for the lint:
              [lints.rust]
              unexpected_cfgs = { level = "warn", check-cfg = ['cfg(verus_keep_ghost)'] }
     = help: or consider adding `println!("cargo::rustc-check-cfg=cfg(verus_keep_ghost)");` to the top of the `build.rs`
     = note: see <https://doc.rust-lang.org/nightly/rustc/check-cfg/cargo-specifics.html> for more information about checking conditional configuration
     = note: this warning originates in the macro `impl_ieee_float_cast` (in Nightly builds, run with -Z macro-backtrace for more info)

warning: unexpected `cfg` condition name: `verus_keep_ghost`
    --> /tmp/verus-crates/builtin/src/lib.rs:1896:23
     |
1896 |                 #[cfg(verus_keep_ghost)]
     |                       ^^^^^^^^^^^^^^^^
...
1923 | impl_ieee_float_cast!(f64, [i8 i16 i32 i64 i128]);
     | ------------------------------------------------- in this macro invocation
     |
     = help: consider using a Cargo feature instead
     = help: or consider adding in `Cargo.toml` the `check-cfg` lint config for the lint:
              [lints.rust]
              unexpected_cfgs = { level = "warn", check-cfg = ['cfg(verus_keep_ghost)'] }
     = help: or consider adding `println!("cargo::rustc-check-cfg=cfg(verus_keep_ghost)");` to the top of the `build.rs`
     = note: see <https://doc.rust-lang.org/nightly/rustc/check-cfg/cargo-specifics.html> for more information about checking conditional configuration
     = note: this warning originates in the macro `impl_ieee_float_cast` (in Nightly builds, run with -Z macro-backtrace for more info)

warning: unexpected `cfg` condition name: `verus_keep_ghost`
    --> /tmp/verus-crates/builtin/src/lib.rs:2078:11
     |
2078 |     #[cfg(verus_keep_ghost)]
     |           ^^^^^^^^^^^^^^^^
     |
     = help: consider using a Cargo feature instead
     = help: or consider adding in `Cargo.toml` the `check-cfg` lint config for the lint:
              [lints.rust]
              unexpected_cfgs = { level = "warn", check-cfg = ['cfg(verus_keep_ghost)'] }
     = help: or consider adding `println!("cargo::rustc-check-cfg=cfg(verus_keep_ghost)");` to the top of the `build.rs`
     = note: see <https://doc.rust-lang.org/nightly/rustc/check-cfg/cargo-specifics.html> for more information about checking conditional configuration

warning: unexpected `cfg` condition name: `verus_keep_ghost`
    --> /tmp/verus-crates/builtin/src/lib.rs:2083:11
     |
2083 |     #[cfg(verus_keep_ghost)]
     |           ^^^^^^^^^^^^^^^^
     |
     = help: consider using a Cargo feature instead
     = help: or consider adding in `Cargo.toml` the `check-cfg` lint config for the lint:
              [lints.rust]
              unexpected_cfgs = { level = "warn", check-cfg = ['cfg(verus_keep_ghost)'] }
     = help: or consider adding `println!("cargo::rustc-check-cfg=cfg(verus_keep_ghost)");` to the top of the `build.rs`
     = note: see <https://doc.rust-lang.org/nightly/rustc/check-cfg/cargo-specifics.html> for more information about checking conditional configuration

warning: unexpected `cfg` condition name: `verus_keep_ghost`
 --> /tmp/verus-crates/state_machines_macros/src/lib.rs:1:13
  |
1 | #![cfg_attr(verus_keep_ghost, feature(proc_macro_expand))]
  |             ^^^^^^^^^^^^^^^^
  |
  = help: expected names are: `docsrs`, `feature`, and `test` and 31 more
  = help: consider using a Cargo feature instead
  = help: or consider adding in `Cargo.toml` the `check-cfg` lint config for the lint:
           [lints.rust]
           unexpected_cfgs = { level = "warn", check-cfg = ['cfg(verus_keep_ghost)'] }
  = help: or consider adding `println!("cargo::rustc-check-cfg=cfg(verus_keep_ghost)");` to the top of the `build.rs`
  = note: see <https://doc.rust-lang.org/nightly/rustc/check-cfg/cargo-specifics.html> for more information about checking conditional configuration
  = note: `#[warn(unexpected_cfgs)]` on by default

warning: unexpected `cfg` condition name: `verus_keep_ghost`
   --> /tmp/verus-crates/state_machines_macros/src/lib.rs:100:7
    |
100 | #[cfg(verus_keep_ghost)]
    |       ^^^^^^^^^^^^^^^^
    |
    = help: consider using a Cargo feature instead
    = help: or consider adding in `Cargo.toml` the `check-cfg` lint config for the lint:
             [lints.rust]
             unexpected_cfgs = { level = "warn", check-cfg = ['cfg(verus_keep_ghost)'] }
    = help: or consider adding `println!("cargo::rustc-check-cfg=cfg(verus_keep_ghost)");` to the top of the `build.rs`
    = note: see <https://doc.rust-lang.org/nightly/rustc/check-cfg/cargo-specifics.html> for more information about checking conditional configuration

warning: unexpected `cfg` condition name: `verus_keep_ghost`
   --> /tmp/verus-crates/state_machines_macros/src/lib.rs:122:11
    |
122 | #[cfg(not(verus_keep_ghost))]
    |           ^^^^^^^^^^^^^^^^
    |
    = help: consider using a Cargo feature instead
    = help: or consider adding in `Cargo.toml` the `check-cfg` lint config for the lint:
             [lints.rust]
             unexpected_cfgs = { level = "warn", check-cfg = ['cfg(verus_keep_ghost)'] }
    = help: or consider adding `println!("cargo::rustc-check-cfg=cfg(verus_keep_ghost)");` to the top of the `build.rs`
    = note: see <https://doc.rust-lang.org/nightly/rustc/check-cfg/cargo-specifics.html> for more information about checking conditional configuration

warning: `verus_builtin` (lib) generated 430 warnings
warning: unexpected `cfg` condition name: `verus_keep_ghost`
 --> /tmp/verus-crates/builtin_macros/src/lib.rs:2:5
  |
2 |     verus_keep_ghost,
  |     ^^^^^^^^^^^^^^^^
  |
  = help: expected names are: `docsrs`, `feature`, and `test` and 31 more
  = help: consider using a Cargo feature instead
  = help: or consider adding in `Cargo.toml` the `check-cfg` lint config for the lint:
           [lints.rust]
           unexpected_cfgs = { level = "warn", check-cfg = ['cfg(verus_keep_ghost)'] }
  = help: or consider adding `println!("cargo::rustc-check-cfg=cfg(verus_keep_ghost)");` to the top of the `build.rs`
  = note: see <https://doc.rust-lang.org/nightly/rustc/check-cfg/cargo-specifics.html> for more information about checking conditional configuration
  = note: `#[warn(unexpected_cfgs)]` on by default

warning: unexpected `cfg` condition name: `verus_keep_ghost`
    --> /tmp/verus-crates/builtin_macros/src/syntax.rs:4340:20
     |
4340 |     #[cfg_attr(not(verus_keep_ghost), allow(unused_variables))]
     |                    ^^^^^^^^^^^^^^^^
     |
     = help: consider using a Cargo feature instead
     = help: or consider adding in `Cargo.toml` the `check-cfg` lint config for the lint:
              [lints.rust]
              unexpected_cfgs = { level = "warn", check-cfg = ['cfg(verus_keep_ghost)'] }
     = help: or consider adding `println!("cargo::rustc-check-cfg=cfg(verus_keep_ghost)");` to the top of the `build.rs`
     = note: see <https://doc.rust-lang.org/nightly/rustc/check-cfg/cargo-specifics.html> for more information about checking conditional configuration

warning: unexpected `cfg` condition name: `verus_keep_ghost`
  --> /tmp/verus-crates/builtin_macros/src/is_variant.rs:29:20
   |
29 |     #[cfg_attr(not(verus_keep_ghost), allow(unused_variables))] no_deprecation_warning: bool,
   |                    ^^^^^^^^^^^^^^^^
   |
   = help: consider using a Cargo feature instead
   = help: or consider adding in `Cargo.toml` the `check-cfg` lint config for the lint:
            [lints.rust]
            unexpected_cfgs = { level = "warn", check-cfg = ['cfg(verus_keep_ghost)'] }
   = help: or consider adding `println!("cargo::rustc-check-cfg=cfg(verus_keep_ghost)");` to the top of the `build.rs`
   = note: see <https://doc.rust-lang.org/nightly/rustc/check-cfg/cargo-specifics.html> for more information about checking conditional configuration

warning: unexpected `cfg` condition name: `verus_keep_ghost`
   --> /tmp/verus-crates/builtin_macros/src/lib.rs:136:7
    |
136 | #[cfg(verus_keep_ghost)]
    |       ^^^^^^^^^^^^^^^^
    |
    = help: consider using a Cargo feature instead
    = help: or consider adding in `Cargo.toml` the `check-cfg` lint config for the lint:
             [lints.rust]
             unexpected_cfgs = { level = "warn", check-cfg = ['cfg(verus_keep_ghost)'] }
    = help: or consider adding `println!("cargo::rustc-check-cfg=cfg(verus_keep_ghost)");` to the top of the `build.rs`
    = note: see <https://doc.rust-lang.org/nightly/rustc/check-cfg/cargo-specifics.html> for more information about checking conditional configuration

warning: unexpected `cfg` condition name: `verus_keep_ghost`
   --> /tmp/verus-crates/builtin_macros/src/lib.rs:156:11
    |
156 | #[cfg(not(verus_keep_ghost))]
    |           ^^^^^^^^^^^^^^^^
    |
    = help: consider using a Cargo feature instead
    = help: or consider adding in `Cargo.toml` the `check-cfg` lint config for the lint:
             [lints.rust]
             unexpected_cfgs = { level = "warn", check-cfg = ['cfg(verus_keep_ghost)'] }
    = help: or consider adding `println!("cargo::rustc-check-cfg=cfg(verus_keep_ghost)");` to the top of the `build.rs`
    = note: see <https://doc.rust-lang.org/nightly/rustc/check-cfg/cargo-specifics.html> for more information about checking conditional configuration

warning: unexpected `cfg` condition name: `verus_keep_ghost`
   --> /tmp/verus-crates/builtin_macros/src/lib.rs:218:7
    |
218 | #[cfg(verus_keep_ghost)]
    |       ^^^^^^^^^^^^^^^^
    |
    = help: consider using a Cargo feature instead
    = help: or consider adding in `Cargo.toml` the `check-cfg` lint config for the lint:
             [lints.rust]
             unexpected_cfgs = { level = "warn", check-cfg = ['cfg(verus_keep_ghost)'] }
    = help: or consider adding `println!("cargo::rustc-check-cfg=cfg(verus_keep_ghost)");` to the top of the `build.rs`
    = note: see <https://doc.rust-lang.org/nightly/rustc/check-cfg/cargo-specifics.html> for more information about checking conditional configuration

warning: unexpected `cfg` condition name: `verus_keep_ghost`
   --> /tmp/verus-crates/builtin_macros/src/lib.rs:240:11
    |
240 | #[cfg(not(verus_keep_ghost))]
    |           ^^^^^^^^^^^^^^^^
    |
    = help: consider using a Cargo feature instead
    = help: or consider adding in `Cargo.toml` the `check-cfg` lint config for the lint:
             [lints.rust]
             unexpected_cfgs = { level = "warn", check-cfg = ['cfg(verus_keep_ghost)'] }
    = help: or consider adding `println!("cargo::rustc-check-cfg=cfg(verus_keep_ghost)");` to the top of the `build.rs`
    = note: see <https://doc.rust-lang.org/nightly/rustc/check-cfg/cargo-specifics.html> for more information about checking conditional configuration

warning: unexpected `cfg` condition name: `verus_keep_ghost`
   --> /tmp/verus-crates/builtin_macros/src/lib.rs:245:7
    |
245 | #[cfg(verus_keep_ghost)]
    |       ^^^^^^^^^^^^^^^^
    |
    = help: consider using a Cargo feature instead
    = help: or consider adding in `Cargo.toml` the `check-cfg` lint config for the lint:
             [lints.rust]
             unexpected_cfgs = { level = "warn", check-cfg = ['cfg(verus_keep_ghost)'] }
    = help: or consider adding `println!("cargo::rustc-check-cfg=cfg(verus_keep_ghost)");` to the top of the `build.rs`
    = note: see <https://doc.rust-lang.org/nightly/rustc/check-cfg/cargo-specifics.html> for more information about checking conditional configuration

warning: unexpected `cfg` condition name: `verus_keep_ghost`
   --> /tmp/verus-crates/builtin_macros/src/lib.rs:267:11
    |
267 | #[cfg(not(verus_keep_ghost))]
    |           ^^^^^^^^^^^^^^^^
    |
    = help: consider using a Cargo feature instead
    = help: or consider adding in `Cargo.toml` the `check-cfg` lint config for the lint:
             [lints.rust]
             unexpected_cfgs = { level = "warn", check-cfg = ['cfg(verus_keep_ghost)'] }
    = help: or consider adding `println!("cargo::rustc-check-cfg=cfg(verus_keep_ghost)");` to the top of the `build.rs`
    = note: see <https://doc.rust-lang.org/nightly/rustc/check-cfg/cargo-specifics.html> for more information about checking conditional configuration

warning: unexpected `cfg` condition name: `verus_keep_ghost`
    --> /tmp/verus-crates/builtin_macros/src/syntax.rs:1011:23
     |
1011 |                 #[cfg(verus_keep_ghost)]
     |                       ^^^^^^^^^^^^^^^^
     |
     = help: consider using a Cargo feature instead
     = help: or consider adding in `Cargo.toml` the `check-cfg` lint config for the lint:
              [lints.rust]
              unexpected_cfgs = { level = "warn", check-cfg = ['cfg(verus_keep_ghost)'] }
     = help: or consider adding `println!("cargo::rustc-check-cfg=cfg(verus_keep_ghost)");` to the top of the `build.rs`
     = note: see <https://doc.rust-lang.org/nightly/rustc/check-cfg/cargo-specifics.html> for more information about checking conditional configuration

warning: unexpected `cfg` condition name: `verus_keep_ghost`
    --> /tmp/verus-crates/builtin_macros/src/syntax.rs:1651:35
     |
1651 | ...                   #[cfg(verus_keep_ghost)]
     |                             ^^^^^^^^^^^^^^^^
     |
     = help: consider using a Cargo feature instead
     = help: or consider adding in `Cargo.toml` the `check-cfg` lint config for the lint:
              [lints.rust]
              unexpected_cfgs = { level = "warn", check-cfg = ['cfg(verus_keep_ghost)'] }
     = help: or consider adding `println!("cargo::rustc-check-cfg=cfg(verus_keep_ghost)");` to the top of the `build.rs`
     = note: see <https://doc.rust-lang.org/nightly/rustc/check-cfg/cargo-specifics.html> for more information about checking conditional configuration

warning: unexpected `cfg` condition name: `verus_keep_ghost`
    --> /tmp/verus-crates/builtin_macros/src/syntax.rs:3304:19
     |
3304 |             #[cfg(verus_keep_ghost)]
     |                   ^^^^^^^^^^^^^^^^
     |
     = help: consider using a Cargo feature instead
     = help: or consider adding in `Cargo.toml` the `check-cfg` lint config for the lint:
              [lints.rust]
              unexpected_cfgs = { level = "warn", check-cfg = ['cfg(verus_keep_ghost)'] }
     = help: or consider adding `println!("cargo::rustc-check-cfg=cfg(verus_keep_ghost)");` to the top of the `build.rs`
     = note: see <https://doc.rust-lang.org/nightly/rustc/check-cfg/cargo-specifics.html> for more information about checking conditional configuration

warning: unexpected `cfg` condition name: `verus_keep_ghost`
    --> /tmp/verus-crates/builtin_macros/src/syntax.rs:4357:23
     |
4357 |                 #[cfg(verus_keep_ghost)]
     |                       ^^^^^^^^^^^^^^^^
     |
     = help: consider using a Cargo feature instead
     = help: or consider adding in `Cargo.toml` the `check-cfg` lint config for the lint:
              [lints.rust]
              unexpected_cfgs = { level = "warn", check-cfg = ['cfg(verus_keep_ghost)'] }
     = help: or consider adding `println!("cargo::rustc-check-cfg=cfg(verus_keep_ghost)");` to the top of the `build.rs`
     = note: see <https://doc.rust-lang.org/nightly/rustc/check-cfg/cargo-specifics.html> for more information about checking conditional configuration

warning: unexpected `cfg` condition name: `verus_keep_ghost`
   --> /tmp/verus-crates/builtin_macros/src/attr_rewrite.rs:376:15
    |
376 |         #[cfg(verus_keep_ghost)]
    |               ^^^^^^^^^^^^^^^^
    |
    = help: consider using a Cargo feature instead
    = help: or consider adding in `Cargo.toml` the `check-cfg` lint config for the lint:
             [lints.rust]
             unexpected_cfgs = { level = "warn", check-cfg = ['cfg(verus_keep_ghost)'] }
    = help: or consider adding `println!("cargo::rustc-check-cfg=cfg(verus_keep_ghost)");` to the top of the `build.rs`
    = note: see <https://doc.rust-lang.org/nightly/rustc/check-cfg/cargo-specifics.html> for more information about checking conditional configuration

warning: unexpected `cfg` condition name: `verus_keep_ghost`
 --> /tmp/verus-crates/builtin_macros/src/enum_synthesize.rs:3:7
  |
3 | #[cfg(verus_keep_ghost)]
  |       ^^^^^^^^^^^^^^^^
  |
  = help: consider using a Cargo feature instead
  = help: or consider adding in `Cargo.toml` the `check-cfg` lint config for the lint:
           [lints.rust]
           unexpected_cfgs = { level = "warn", check-cfg = ['cfg(verus_keep_ghost)'] }
  = help: or consider adding `println!("cargo::rustc-check-cfg=cfg(verus_keep_ghost)");` to the top of the `build.rs`
  = note: see <https://doc.rust-lang.org/nightly/rustc/check-cfg/cargo-specifics.html> for more information about checking conditional configuration

warning: unexpected `cfg` condition name: `verus_keep_ghost`
  --> /tmp/verus-crates/builtin_macros/src/enum_synthesize.rs:12:7
   |
12 | #[cfg(verus_keep_ghost)]
   |       ^^^^^^^^^^^^^^^^
   |
   = help: consider using a Cargo feature instead
   = help: or consider adding in `Cargo.toml` the `check-cfg` lint config for the lint:
            [lints.rust]
            unexpected_cfgs = { level = "warn", check-cfg = ['cfg(verus_keep_ghost)'] }
   = help: or consider adding `println!("cargo::rustc-check-cfg=cfg(verus_keep_ghost)");` to the top of the `build.rs`
   = note: see <https://doc.rust-lang.org/nightly/rustc/check-cfg/cargo-specifics.html> for more information about checking conditional configuration

warning: unexpected `cfg` condition name: `verus_keep_ghost`
  --> /tmp/verus-crates/builtin_macros/src/enum_synthesize.rs:15:7
   |
15 | #[cfg(verus_keep_ghost)]
   |       ^^^^^^^^^^^^^^^^
   |
   = help: consider using a Cargo feature instead
   = help: or consider adding in `Cargo.toml` the `check-cfg` lint config for the lint:
            [lints.rust]
            unexpected_cfgs = { level = "warn", check-cfg = ['cfg(verus_keep_ghost)'] }
   = help: or consider adding `println!("cargo::rustc-check-cfg=cfg(verus_keep_ghost)");` to the top of the `build.rs`
   = note: see <https://doc.rust-lang.org/nightly/rustc/check-cfg/cargo-specifics.html> for more information about checking conditional configuration

warning: unexpected `cfg` condition name: `verus_keep_ghost`
  --> /tmp/verus-crates/builtin_macros/src/enum_synthesize.rs:36:11
   |
36 | #[cfg(not(verus_keep_ghost))]
   |           ^^^^^^^^^^^^^^^^
   |
   = help: consider using a Cargo feature instead
   = help: or consider adding in `Cargo.toml` the `check-cfg` lint config for the lint:
            [lints.rust]
            unexpected_cfgs = { level = "warn", check-cfg = ['cfg(verus_keep_ghost)'] }
   = help: or consider adding `println!("cargo::rustc-check-cfg=cfg(verus_keep_ghost)");` to the top of the `build.rs`
   = note: see <https://doc.rust-lang.org/nightly/rustc/check-cfg/cargo-specifics.html> for more information about checking conditional configuration

warning: unexpected `cfg` condition name: `verus_keep_ghost`
   --> /tmp/verus-crates/builtin_macros/src/enum_synthesize.rs:143:11
    |
143 |     #[cfg(verus_keep_ghost)]
    |           ^^^^^^^^^^^^^^^^
    |
    = help: consider using a Cargo feature instead
    = help: or consider adding in `Cargo.toml` the `check-cfg` lint config for the lint:
             [lints.rust]
             unexpected_cfgs = { level = "warn", check-cfg = ['cfg(verus_keep_ghost)'] }
    = help: or consider adding `println!("cargo::rustc-check-cfg=cfg(verus_keep_ghost)");` to the top of the `build.rs`
    = note: see <https://doc.rust-lang.org/nightly/rustc/check-cfg/cargo-specifics.html> for more information about checking conditional configuration

warning: unexpected `cfg` condition name: `verus_keep_ghost`
 --> /tmp/verus-crates/builtin_macros/src/is_variant.rs:4:7
  |
4 | #[cfg(verus_keep_ghost)]
  |       ^^^^^^^^^^^^^^^^
  |
  = help: consider using a Cargo feature instead
  = help: or consider adding in `Cargo.toml` the `check-cfg` lint config for the lint:
           [lints.rust]
           unexpected_cfgs = { level = "warn", check-cfg = ['cfg(verus_keep_ghost)'] }
  = help: or consider adding `println!("cargo::rustc-check-cfg=cfg(verus_keep_ghost)");` to the top of the `build.rs`
  = note: see <https://doc.rust-lang.org/nightly/rustc/check-cfg/cargo-specifics.html> for more information about checking conditional configuration

warning: unexpected `cfg` condition name: `verus_keep_ghost`
 --> /tmp/verus-crates/builtin_macros/src/is_variant.rs:7:7
  |
7 | #[cfg(verus_keep_ghost)]
  |       ^^^^^^^^^^^^^^^^
  |
  = help: consider using a Cargo feature instead
  = help: or consider adding in `Cargo.toml` the `check-cfg` lint config for the lint:
           [lints.rust]
           unexpected_cfgs = { level = "warn", check-cfg = ['cfg(verus_keep_ghost)'] }
  = help: or consider adding `println!("cargo::rustc-check-cfg=cfg(verus_keep_ghost)");` to the top of the `build.rs`
  = note: see <https://doc.rust-lang.org/nightly/rustc/check-cfg/cargo-specifics.html> for more information about checking conditional configuration

warning: unexpected `cfg` condition name: `verus_keep_ghost`
  --> /tmp/verus-crates/builtin_macros/src/is_variant.rs:48:15
   |
48 |         #[cfg(verus_keep_ghost)]
   |               ^^^^^^^^^^^^^^^^
   |
   = help: consider using a Cargo feature instead
   = help: or consider adding in `Cargo.toml` the `check-cfg` lint config for the lint:
            [lints.rust]
            unexpected_cfgs = { level = "warn", check-cfg = ['cfg(verus_keep_ghost)'] }
   = help: or consider adding `println!("cargo::rustc-check-cfg=cfg(verus_keep_ghost)");` to the top of the `build.rs`
   = note: see <https://doc.rust-lang.org/nightly/rustc/check-cfg/cargo-specifics.html> for more information about checking conditional configuration

warning: unexpected `cfg` condition name: `verus_keep_ghost`
  --> /tmp/verus-crates/builtin_macros/src/rustdoc.rs:44:7
   |
44 | #[cfg(verus_keep_ghost)]
   |       ^^^^^^^^^^^^^^^^
   |
   = help: consider using a Cargo feature instead
   = help: or consider adding in `Cargo.toml` the `check-cfg` lint config for the lint:
            [lints.rust]
            unexpected_cfgs = { level = "warn", check-cfg = ['cfg(verus_keep_ghost)'] }
   = help: or consider adding `println!("cargo::rustc-check-cfg=cfg(verus_keep_ghost)");` to the top of the `build.rs`
   = note: see <https://doc.rust-lang.org/nightly/rustc/check-cfg/cargo-specifics.html> for more information about checking conditional configuration

warning: unexpected `cfg` condition name: `verus_keep_ghost`
  --> /tmp/verus-crates/builtin_macros/src/rustdoc.rs:53:11
   |
53 | #[cfg(not(verus_keep_ghost))]
   |           ^^^^^^^^^^^^^^^^
   |
   = help: consider using a Cargo feature instead
   = help: or consider adding in `Cargo.toml` the `check-cfg` lint config for the lint:
            [lints.rust]
            unexpected_cfgs = { level = "warn", check-cfg = ['cfg(verus_keep_ghost)'] }
   = help: or consider adding `println!("cargo::rustc-check-cfg=cfg(verus_keep_ghost)");` to the top of the `build.rs`
   = note: see <https://doc.rust-lang.org/nightly/rustc/check-cfg/cargo-specifics.html> for more information about checking conditional configuration

warning: `verus_state_machines_macros` (lib) generated 3 warnings
warning: `verus_builtin_macros` (lib) generated 24 warnings
verification results:: 1692 verified, 0 errors
    Checking error v0.16.17 (/home/ruize/nanvix-phy/src/libs/error)
verification results:: 0 verified, 0 errors
error: feature `stmt_expr_attributes` is declared but not used
 --> <crate attribute>:1:12
  |
1 | #![feature(stmt_expr_attributes)]
  |            ^^^^^^^^^^^^^^^^^^^^
  |
  = note: `-D unused-features` implied by `-D warnings`
  = help: to override `-D warnings` add `#[allow(unused_features)]`

error: feature `box_patterns` is declared but not used
 --> <crate attribute>:1:12
  |
1 | #![feature(box_patterns)]
  |            ^^^^^^^^^^^^

error: feature `negative_impls` is declared but not used
 --> <crate attribute>:1:12
  |
1 | #![feature(negative_impls)]
  |            ^^^^^^^^^^^^^^

error: feature `custom_inner_attributes` is declared but not used
 --> <crate attribute>:1:12
  |
1 | #![feature(custom_inner_attributes)]
  |            ^^^^^^^^^^^^^^^^^^^^^^^

error: feature `tuple_trait` is declared but not used
 --> <crate attribute>:1:12
  |
1 | #![feature(tuple_trait)]
  |            ^^^^^^^^^^^

error: feature `try_trait_v2` is declared but not used
 --> <crate attribute>:1:12
  |
1 | #![feature(try_trait_v2)]
  |            ^^^^^^^^^^^^

error: could not compile `error` (lib) due to 6 previous errors
